lam_um,response
4.5828,7.3318e-06
4.5848,8.286e-06
4.5869,9.2552e-06
4.5889,9.7876e-06
4.5909,9.9436e-06
4.593,1.0466e-05
4.595,1.1523e-05
4.597,1.2503e-05
4.5991,1.3207e-05
4.6011,1.3848e-05
4.6032,1.3968e-05
4.6052,1.3736e-05
4.6072,1.4375e-05
4.6093,1.563e-05
4.6113,1.6717e-05
4.6134,1.7349e-05
4.6155,1.7913e-05
4.6175,1.8819e-05
4.6196,1.981e-05
4.6216,2.0411e-05
4.6237,2.0687e-05
4.6257,2.1258e-05
4.6278,2.2144e-05
4.6299,2.2635e-05
4.6319,2.258e-05
4.634,2.2593e-05
4.6361,2.2959e-05
4.6382,2.3548e-05
4.6402,2.4121e-05
4.6423,2.5197e-05
4.6444,2.6619e-05
4.6465,2.8227e-05
4.6486,2.9413e-05
4.6506,3.0172e-05
4.6527,3.1518e-05
4.6548,3.3611e-05
4.6569,3.5166e-05
4.659,3.5518e-05
4.6611,3.6032e-05
4.6632,3.766e-05
4.6653,3.9452e-05
4.6674,4.0564e-05
4.6695,4.1473e-05
4.6716,4.2332e-05
4.6737,4.279e-05
4.6758,4.3378e-05
4.6779,4.5232e-05
4.68,4.8066e-05
4.6821,5.022e-05
4.6842,5.1204e-05
4.6864,5.1272e-05
4.6885,5.1948e-05
4.6906,5.5371e-05
4.6927,5.8476e-05
4.6948,5.9601e-05
4.697,6.0852e-05
4.6991,6.2801e-05
4.7012,6.4929e-05
4.7034,6.7184e-05
4.7055,6.8983e-05
4.7076,7.0923e-05
4.7098,7.4367e-05
4.7119,7.7131e-05
4.7141,7.7915e-05
4.7162,7.9279e-05
4.7183,8.2761e-05
4.7205,8.6485e-05
4.7226,8.7679e-05
4.7248,8.6869e-05
4.7269,8.8474e-05
4.7291,9.3273e-05
4.7313,9.6566e-05
4.7334,9.7291e-05
4.7356,9.9868e-05
4.7377,0.00010496
4.7399,0.00010768
4.7421,0.00010717
4.7442,0.00010742
4.7464,0.00010952
4.7486,0.00011182
4.7508,0.00011399
4.7529,0.00011666
4.7551,0.00012274
4.7573,0.00012913
4.7595,0.00013027
4.7617,0.00012851
4.7639,0.00013076
4.766,0.00013842
4.7682,0.00014639
4.7704,0.00015067
4.7726,0.00015216
4.7748,0.00015499
4.777,0.00016045
4.7792,0.00016542
4.7814,0.00016838
4.7836,0.00017049
4.7858,0.00017435
4.7881,0.00018084
4.7903,0.00018723
4.7925,0.00019226
4.7947,0.00019609
4.7969,0.00019761
4.7991,0.0001971
4.8014,0.00019634
4.8036,0.00020122
4.8058,0.00020918
4.808,0.00021054
4.8103,0.00021017
4.8125,0.00021551
4.8147,0.00022484
4.817,0.0002305
4.8192,0.00023009
4.8214,0.00023045
4.8237,0.00023631
4.8259,0.00024136
4.8282,0.00024375
4.8304,0.00025196
4.8327,0.00026384
4.8349,0.00027046
4.8372,0.0002747
4.8394,0.00028064
4.8417,0.00028718
4.844,0.00029376
4.8462,0.00029466
4.8485,0.00028848
4.8508,0.0002843
4.853,0.00029077
4.8553,0.00030323
4.8576,0.00031057
4.8598,0.0003128
4.8621,0.00031596
4.8644,0.00032155
4.8667,0.00032515
4.869,0.00032573
4.8713,0.00032929
4.8736,0.0003404
4.8758,0.00035281
4.8781,0.00035914
4.8804,0.00036538
4.8827,0.00037687
4.885,0.00038775
4.8873,0.00039158
4.8896,0.00039104
4.8919,0.00039454
4.8943,0.00040369
4.8966,0.00041348
4.8989,0.00041972
4.9012,0.00042208
4.9035,0.00042173
4.9058,0.00042387
4.9081,0.00043132
4.9105,0.00043542
4.9128,0.00043514
4.9151,0.00043923
4.9175,0.0004446
4.9198,0.00044968
4.9221,0.000464
4.9245,0.00047769
4.9268,0.00047726
4.9291,0.00048014
4.9315,0.00049563
4.9338,0.00051246
4.9362,0.00052348
4.9385,0.00052334
4.9409,0.00053158
4.9432,0.00055969
4.9456,0.00057797
4.948,0.00057204
4.9503,0.00056364
4.9527,0.0005682
4.955,0.00057889
4.9574,0.00059113
4.9598,0.0006045
4.9622,0.00061994
4.9645,0.00063398
4.9669,0.00063632
4.9693,0.00063029
4.9717,0.00063089
4.9741,0.00064291
4.9764,0.00065607
4.9788,0.00065941
4.9812,0.0006588
4.9836,0.00067016
4.986,0.00069094
4.9884,0.00070337
4.9908,0.00070443
4.9932,0.0007062
4.9956,0.00071433
4.998,0.00072001
5.0004,0.0007206
5.0029,0.00073179
5.0053,0.00075592
5.0077,0.00077121
5.0101,0.00076648
5.0125,0.00076567
5.015,0.00078289
5.0174,0.00079505
5.0198,0.0007894
5.0222,0.00079117
5.0247,0.00082332
5.0271,0.00086013
5.0295,0.00086193
5.032,0.00083621
5.0344,0.00081999
5.0369,0.00082205
5.0393,0.00082221
5.0418,0.00081992
5.0442,0.00083308
5.0467,0.0008636
5.0491,0.00088758
5.0516,0.00088224
5.0541,0.00086595
5.0565,0.00087086
5.059,0.00088496
5.0615,0.00089139
5.0639,0.00090235
5.0664,0.00092031
5.0689,0.00094969
5.0714,0.0009754
5.0738,0.00096729
5.0763,0.00094212
5.0788,0.00094832
5.0813,0.0009945
5.0838,0.0010396
5.0863,0.0010507
5.0888,0.0010441
5.0913,0.0010428
5.0938,0.0010368
5.0963,0.0010175
5.0988,0.0010173
5.1013,0.0010522
5.1038,0.0010732
5.1063,0.0010606
5.1088,0.0010593
5.1113,0.0010761
5.1139,0.0010851
5.1164,0.001088
5.1189,0.0010993
5.1214,0.0011246
5.124,0.0011544
5.1265,0.0011679
5.129,0.0011567
5.1316,0.0011485
5.1341,0.0011686
5.1367,0.0011898
5.1392,0.001186
5.1418,0.0011729
5.1443,0.0011642
5.1469,0.0011525
5.1494,0.0011405
5.152,0.0011652
5.1545,0.0012324
5.1571,0.0012945
5.1597,0.0013125
5.1622,0.0012793
5.1648,0.0012334
5.1674,0.0012206
5.1699,0.0012336
5.1725,0.0012452
5.1751,0.0012473
5.1777,0.0012534
5.1803,0.0012728
5.1829,0.0012805
5.1855,0.0012503
5.1881,0.0012148
5.1906,0.0012169
5.1932,0.0012312
5.1959,0.0012339
5.1985,0.0012459
5.2011,0.001276
5.2037,0.0013164
5.2063,0.0013448
5.2089,0.0013415
5.2115,0.0013338
5.2141,0.0013421
5.2168,0.0013471
5.2194,0.0013435
5.222,0.0013507
5.2246,0.0013892
5.2273,0.0014242
5.2299,0.0014102
5.2326,0.0013896
5.2352,0.0013983
5.2378,0.001401
5.2405,0.0013895
5.2431,0.0013927
5.2458,0.0014085
5.2484,0.0014227
5.2511,0.0014319
5.2538,0.0014246
5.2564,0.0014196
5.2591,0.001454
5.2618,0.0014973
5.2644,0.0015007
5.2671,0.0014757
5.2698,0.0014593
5.2725,0.0014568
5.2751,0.0014555
5.2778,0.0014484
5.2805,0.0014386
5.2832,0.0014234
5.2859,0.0013985
5.2886,0.0014111
5.2913,0.001473
5.294,0.0015132
5.2967,0.0015167
5.2994,0.0015065
5.3021,0.001505
5.3048,0.0015411
5.3075,0.0015651
5.3102,0.0015338
5.313,0.0014994
5.3157,0.0015012
5.3184,0.0015205
5.3211,0.0015305
5.3239,0.0015211
5.3266,0.001518
5.3294,0.0015597
5.3321,0.0016142
5.3348,0.0016065
5.3376,0.0015515
5.3403,0.0015416
5.3431,0.001577
5.3458,0.0015766
5.3486,0.0015539
5.3514,0.0015737
5.3541,0.0016096
5.3569,0.0016134
5.3596,0.0015983
5.3624,0.0016042
5.3652,0.001643
5.368,0.0016767
5.3707,0.0016662
5.3735,0.001624
5.3763,0.0016147
5.3791,0.0016513
5.3819,0.0016573
5.3847,0.0016358
5.3875,0.0016708
5.3903,0.0017265
5.3931,0.0017108
5.3959,0.0016594
5.3987,0.001658
5.4015,0.0016967
5.4043,0.0017179
5.4072,0.0017182
5.41,0.0017191
5.4128,0.001719
5.4156,0.001721
5.4185,0.0017361
5.4213,0.0017473
5.4241,0.001735
5.427,0.0017252
5.4298,0.0017106
5.4326,0.0016687
5.4355,0.0016427
5.4383,0.0016687
5.4412,0.001718
5.4441,0.0017444
5.4469,0.0017453
5.4498,0.0017477
5.4526,0.0017601
5.4555,0.0017538
5.4584,0.0017112
5.4613,0.0016984
5.4641,0.0017566
5.467,0.0018196
5.4699,0.0018165
5.4728,0.0017482
5.4757,0.0017083
5.4786,0.0017208
5.4815,0.001731
5.4844,0.0017755
5.4873,0.001849
5.4902,0.0018702
5.4931,0.0018431
5.496,0.0018106
5.4989,0.0017994
5.5018,0.0018104
5.5047,0.0018186
5.5077,0.0018063
5.5106,0.0017844
5.5135,0.0017818
5.5164,0.0017936
5.5194,0.0018137
5.5223,0.0018451
5.5253,0.00185
5.5282,0.0018138
5.5312,0.001766
5.5341,0.0017117
5.5371,0.0016815
5.54,0.0017104
5.543,0.0017485
5.5459,0.0017479
5.5489,0.001739
5.5519,0.0017672
5.5549,0.0018277
5.5578,0.0018408
5.5608,0.0017862
5.5638,0.0017646
5.5668,0.0018173
5.5698,0.0018515
5.5728,0.0018261
5.5758,0.0018306
5.5788,0.0018825
5.5818,0.0018883
5.5848,0.0018168
5.5878,0.0017314
5.5908,0.0017117
5.5938,0.0017569
5.5968,0.0017966
5.5998,0.0017871
5.6029,0.0017495
5.6059,0.0017173
5.6089,0.0016878
5.612,0.0016748
5.615,0.001698
5.618,0.0017273
5.6211,0.0017429
5.6241,0.0017204
5.6272,0.0016742
5.6302,0.0016725
5.6333,0.0016673
5.6364,0.0016249
5.6394,0.0016284
5.6425,0.0016976
5.6456,0.0017735
5.6486,0.0017756
5.6517,0.0016929
5.6548,0.0016207
5.6579,0.0016076
5.661,0.0016321
5.6641,0.0016529
5.6672,0.0016406
5.6703,0.0016265
5.6734,0.0016738
5.6765,0.0017377
5.6796,0.0017268
5.6827,0.0017154
5.6858,0.0017439
5.6889,0.0017162
5.6921,0.0016332
5.6952,0.0015735
5.6983,0.0015898
5.7014,0.001637
5.7046,0.0016402
5.7077,0.0016222
5.7109,0.0016197
5.714,0.0016516
5.7172,0.0017172
5.7203,0.0017841
5.7235,0.0018426
5.7266,0.0018784
5.7298,0.0019022
5.733,0.0019663
5.7361,0.0020546
5.7393,0.00213
5.7425,0.0021976
5.7457,0.0022637
5.7488,0.0022953
5.752,0.0023544
5.7552,0.0025052
5.7584,0.0026561
5.7616,0.0028135
5.7648,0.0030085
5.768,0.0031287
5.7712,0.0032078
5.7745,0.0033273
5.7777,0.0034595
5.7809,0.0035763
5.7841,0.0037028
5.7873,0.0038916
5.7906,0.0041214
5.7938,0.0043557
5.797,0.0045956
5.8003,0.0048042
5.8035,0.004999
5.8068,0.0052464
5.81,0.005557
5.8133,0.0058798
5.8166,0.0062121
5.8198,0.00656
5.8231,0.0068734
5.8264,0.0071741
5.8296,0.0075273
5.8329,0.0079341
5.8362,0.0084027
5.8395,0.0089478
5.8428,0.0095011
5.8461,0.010006
5.8494,0.010444
5.8527,0.010851
5.856,0.011387
5.8593,0.01205
5.8626,0.012694
5.8659,0.013376
5.8692,0.014144
5.8725,0.014851
5.8759,0.015699
5.8792,0.016825
5.8825,0.017695
5.8859,0.018417
5.8892,0.019366
5.8926,0.0204
5.8959,0.021647
5.8993,0.022815
5.9026,0.023854
5.906,0.025208
5.9094,0.026595
5.9127,0.028079
5.9161,0.029791
5.9195,0.031455
5.9229,0.033276
5.9262,0.035081
5.9296,0.03689
5.933,0.039213
5.9364,0.041699
5.9398,0.044071
5.9432,0.046407
5.9466,0.048962
5.95,0.052068
5.9535,0.055033
5.9569,0.057977
5.9603,0.061312
5.9637,0.064786
5.9672,0.06911
5.9706,0.073341
5.974,0.076702
5.9775,0.081202
5.9809,0.086446
5.9844,0.090881
5.9878,0.096031
5.9913,0.10185
5.9948,0.10674
5.9982,0.11215
6.0017,0.11864
6.0052,0.12494
6.0086,0.13174
6.0121,0.13951
6.0156,0.14654
6.0191,0.15289
6.0226,0.16028
6.0261,0.16778
6.0296,0.17532
6.0331,0.18327
6.0366,0.19082
6.0401,0.19843
6.0437,0.20619
6.0472,0.21509
6.0507,0.22299
6.0542,0.22821
6.0578,0.23435
6.0613,0.24096
6.0649,0.24758
6.0684,0.25382
6.072,0.25892
6.0755,0.26462
6.0791,0.26862
6.0827,0.27228
6.0862,0.27706
6.0898,0.27988
6.0934,0.2829
6.097,0.28536
6.1005,0.28709
6.1041,0.2907
6.1077,0.29171
6.1113,0.29301
6.1149,0.29629
6.1185,0.29494
6.1221,0.29373
6.1258,0.29472
6.1294,0.29528
6.133,0.29598
6.1366,0.29561
6.1403,0.29628
6.1439,0.29672
6.1476,0.29519
6.1512,0.29392
6.1548,0.2938
6.1585,0.29469
6.1622,0.29387
6.1658,0.29229
6.1695,0.29176
6.1732,0.29158
6.1768,0.29082
6.1805,0.29045
6.1842,0.29167
6.1879,0.29029
6.1916,0.28837
6.1953,0.28879
6.199,0.28825
6.2027,0.28781
6.2064,0.28757
6.2101,0.28722
6.2139,0.2869
6.2176,0.28582
6.2213,0.2855
6.225,0.28533
6.2288,0.28483
6.2325,0.28475
6.2363,0.28448
6.24,0.28434
6.2438,0.28462
6.2475,0.28433
6.2513,0.28398
6.2551,0.28405
6.2589,0.28355
6.2626,0.28288
6.2664,0.28296
6.2702,0.28327
6.274,0.28296
6.2778,0.28301
6.2816,0.28339
6.2854,0.2835
6.2892,0.28389
6.293,0.28397
6.2969,0.28385
6.3007,0.28382
6.3045,0.2841
6.3083,0.28418
6.3122,0.2842
6.316,0.2849
6.3199,0.28536
6.3237,0.28581
6.3276,0.28643
6.3315,0.28712
6.3353,0.28719
6.3392,0.2878
6.3431,0.29006
6.347,0.28989
6.3508,0.28885
6.3547,0.2905
6.3586,0.29203
6.3625,0.29189
6.3664,0.29324
6.3703,0.29565
6.3743,0.29542
6.3782,0.29518
6.3821,0.29586
6.386,0.29699
6.39,0.29861
6.3939,0.29885
6.3979,0.29939
6.4018,0.29938
6.4058,0.30103
6.4097,0.30404
6.4137,0.30367
6.4176,0.30586
6.4216,0.30714
6.4256,0.30423
6.4296,0.30658
6.4336,0.30956
6.4376,0.30873
6.4416,0.30918
6.4456,0.3109
6.4496,0.31298
6.4536,0.31342
6.4576,0.31347
6.4616,0.31466
6.4657,0.31524
6.4697,0.31757
6.4737,0.31816
6.4778,0.31554
6.4818,0.3157
6.4859,0.31393
6.4899,0.30906
6.494,0.3092
6.4981,0.31207
6.5021,0.31462
6.5062,0.31973
6.5103,0.32452
6.5144,0.32789
6.5185,0.33217
6.5226,0.33389
6.5267,0.33427
6.5308,0.33649
6.5349,0.33717
6.539,0.33876
6.5432,0.34165
6.5473,0.34178
6.5514,0.34319
6.5556,0.34554
6.5597,0.34544
6.5639,0.34643
6.568,0.34894
6.5722,0.35134
6.5764,0.35285
6.5805,0.35087
6.5847,0.35078
6.5889,0.35535
6.5931,0.35614
6.5973,0.35579
6.6015,0.35714
6.6057,0.35646
6.6099,0.35872
6.6141,0.36031
6.6183,0.35937
6.6226,0.36191
6.6268,0.36302
6.631,0.36279
6.6353,0.36481
6.6395,0.36541
6.6438,0.36449
6.648,0.36428
6.6523,0.36499
6.6566,0.36684
6.6608,0.36676
6.6651,0.3659
6.6694,0.36938
6.6737,0.36996
6.678,0.36865
6.6823,0.37219
6.6866,0.37238
6.6909,0.37112
6.6952,0.37311
6.6996,0.37337
6.7039,0.37359
6.7082,0.37633
6.7126,0.37749
6.7169,0.37663
6.7213,0.37824
6.7256,0.37942
6.73,0.37834
6.7344,0.37926
6.7387,0.38038
6.7431,0.38045
6.7475,0.38174
6.7519,0.38248
6.7563,0.38263
6.7607,0.38334
6.7651,0.38306
6.7695,0.3849
6.774,0.3866
6.7784,0.38428
6.7828,0.3848
6.7873,0.3869
6.7917,0.38703
6.7961,0.3875
6.8006,0.38647
6.8051,0.38561
6.8095,0.3863
6.814,0.3863
6.8185,0.38543
6.823,0.38672
6.8275,0.38852
6.832,0.38642
6.8365,0.3862
6.841,0.38741
6.8455,0.38686
6.85,0.38846
6.8545,0.38847
6.8591,0.38885
6.8636,0.39148
6.8682,0.3895
6.8727,0.38741
6.8773,0.38767
6.8818,0.38693
6.8864,0.38719
6.891,0.38752
6.8956,0.38651
6.9001,0.3864
6.9047,0.3868
6.9093,0.3858
6.9139,0.38465
6.9186,0.38458
6.9232,0.38399
6.9278,0.38295
6.9324,0.38263
6.9371,0.38159
6.9417,0.38085
6.9464,0.38098
6.951,0.37929
6.9557,0.3805
6.9603,0.38329
6.965,0.37984
6.9697,0.37763
6.9744,0.37863
6.9791,0.37797
6.9838,0.37763
6.9885,0.3777
6.9932,0.37843
6.9979,0.37779
7.0026,0.37674
7.0074,0.37776
7.0121,0.37757
7.0169,0.3786
7.0216,0.37996
7.0264,0.3794
7.0311,0.3798
7.0359,0.37894
7.0407,0.38117
7.0455,0.38516
7.0503,0.38289
7.055,0.38261
7.0598,0.38462
7.0647,0.3845
7.0695,0.3863
7.0743,0.38821
7.0791,0.38955
7.084,0.39094
7.0888,0.39276
7.0937,0.39516
7.0985,0.39677
7.1034,0.39887
7.1082,0.40043
7.1131,0.40241
7.118,0.40566
7.1229,0.40715
7.1278,0.40907
7.1327,0.41169
7.1376,0.4133
7.1425,0.4169
7.1474,0.42029
7.1524,0.4211
7.1573,0.42284
7.1622,0.42524
7.1672,0.4284
7.1721,0.43178
7.1771,0.43372
7.1821,0.43704
7.1871,0.44217
7.192,0.44625
7.197,0.44845
7.202,0.45329
7.207,0.45913
7.212,0.46002
7.2171,0.46241
7.2221,0.46734
7.2271,0.47061
7.2322,0.47403
7.2372,0.47712
7.2423,0.48038
7.2473,0.48413
7.2524,0.48777
7.2575,0.49141
7.2625,0.49471
7.2676,0.49843
7.2727,0.50232
7.2778,0.50603
7.2829,0.50935
7.2881,0.51315
7.2932,0.51723
7.2983,0.51993
7.3035,0.52413
7.3086,0.52828
7.3138,0.5304
7.3189,0.5343
7.3241,0.53698
7.3293,0.53964
7.3345,0.54459
7.3396,0.54742
7.3448,0.55089
7.35,0.55481
7.3553,0.55741
7.3605,0.56106
7.3657,0.56376
7.3709,0.56639
7.3762,0.57036
7.3814,0.57395
7.3867,0.57699
7.392,0.58002
7.3972,0.58282
7.4025,0.58561
7.4078,0.58914
7.4131,0.5918
7.4184,0.59378
7.4237,0.59659
7.429,0.5998
7.4344,0.6025
7.4397,0.60424
7.445,0.60637
7.4504,0.60898
7.4557,0.61111
7.4611,0.61364
7.4665,0.61594
7.4718,0.61751
7.4772,0.61949
7.4826,0.6212
7.488,0.62243
7.4934,0.62377
7.4989,0.62529
7.5043,0.62736
7.5097,0.62838
7.5152,0.62931
7.5206,0.63113
7.5261,0.63194
7.5315,0.63299
7.537,0.63397
7.5425,0.63432
7.548,0.63496
7.5535,0.63516
7.559,0.63559
7.5645,0.63602
7.57,0.63692
7.5755,0.63856
7.5811,0.63834
7.5866,0.63806
7.5922,0.63887
7.5977,0.63882
7.6033,0.6393
7.6089,0.64022
7.6145,0.64084
7.6201,0.64126
7.6257,0.64132
7.6313,0.64207
7.6369,0.64288
7.6425,0.64348
7.6482,0.64397
7.6538,0.64378
7.6595,0.6439
7.6651,0.64444
7.6708,0.64509
7.6765,0.64516
7.6822,0.64534
7.6879,0.64637
7.6936,0.64654
7.6993,0.64701
7.705,0.64747
7.7107,0.64713
7.7165,0.64774
7.7222,0.64835
7.728,0.64859
7.7337,0.6487
7.7395,0.64905
7.7453,0.65042
7.7511,0.65086
7.7569,0.65177
7.7627,0.65379
7.7685,0.6545
7.7743,0.65551
7.7801,0.65666
7.786,0.6573
7.7918,0.65879
7.7977,0.66097
7.8035,0.66327
7.8094,0.66451
7.8153,0.66647
7.8212,0.66915
7.8271,0.66978
7.833,0.67155
7.8389,0.67469
7.8449,0.67687
7.8508,0.67887
7.8568,0.68127
7.8627,0.68451
7.8687,0.68687
7.8747,0.68894
7.8806,0.69255
7.8866,0.69533
7.8926,0.69774
7.8986,0.70057
7.9047,0.70264
7.9107,0.70549
7.9167,0.70921
7.9228,0.71214
7.9288,0.71465
7.9349,0.71789
7.941,0.72099
7.9471,0.72352
7.9532,0.7268
7.9593,0.7298
7.9654,0.73296
7.9715,0.73703
7.9776,0.74013
7.9838,0.74377
7.9899,0.74794
7.9961,0.75097
8.0023,0.75455
8.0084,0.75637
8.0146,0.75684
8.0208,0.75959
8.027,0.76196
8.0332,0.76281
8.0395,0.76436
8.0457,0.76642
8.052,0.76822
8.0582,0.76903
8.0645,0.77045
8.0708,0.77197
8.077,0.77257
8.0833,0.77378
8.0896,0.7748
8.096,0.7757
8.1023,0.77714
8.1086,0.77833
8.115,0.77877
8.1213,0.77911
8.1277,0.7804
8.1341,0.78101
8.1404,0.78165
8.1468,0.78306
8.1532,0.78341
8.1597,0.78437
8.1661,0.78643
8.1725,0.78739
8.179,0.78811
8.1854,0.78879
8.1919,0.78927
8.1984,0.79023
8.2048,0.79062
8.2113,0.79131
8.2178,0.79275
8.2244,0.79312
8.2309,0.79317
8.2374,0.79466
8.244,0.79686
8.2505,0.79771
8.2571,0.79813
8.2637,0.7988
8.2703,0.79948
8.2769,0.80079
8.2835,0.80148
8.2901,0.8026
8.2967,0.80473
8.3034,0.80584
8.31,0.80698
8.3167,0.80848
8.3234,0.80989
8.3301,0.81095
8.3368,0.81135
8.3435,0.81287
8.3502,0.8141
8.3569,0.81474
8.3636,0.81648
8.3704,0.81743
8.3772,0.81784
8.3839,0.81994
8.3907,0.82208
8.3975,0.82234
8.4043,0.82308
8.4111,0.82478
8.418,0.82508
8.4248,0.8258
8.4316,0.8277
8.4385,0.82879
8.4454,0.82971
8.4523,0.83045
8.4592,0.83087
8.4661,0.83171
8.473,0.83238
8.4799,0.83297
8.4868,0.83368
8.4938,0.83384
8.5008,0.83445
8.5077,0.83612
8.5147,0.83689
8.5217,0.83805
8.5287,0.83907
8.5357,0.83866
8.5428,0.83951
8.5498,0.84172
8.5569,0.84215
8.5639,0.84247
8.571,0.84422
8.5781,0.84509
8.5852,0.84513
8.5923,0.84605
8.5994,0.84698
8.6066,0.84656
8.6137,0.84722
8.6209,0.84907
8.6281,0.84867
8.6352,0.84848
8.6424,0.85068
8.6496,0.85134
8.6569,0.85106
8.6641,0.85262
8.6713,0.85366
8.6786,0.85337
8.6859,0.85437
8.6931,0.85591
8.7004,0.85642
8.7077,0.85804
8.7151,0.85995
8.7224,0.86059
8.7297,0.86246
8.7371,0.86444
8.7444,0.86566
8.7518,0.86769
8.7592,0.86914
8.7666,0.87061
8.774,0.87321
8.7815,0.87569
8.7889,0.87836
8.7964,0.88041
8.8038,0.88202
8.8113,0.88469
8.8188,0.88702
8.8263,0.88867
8.8338,0.89087
8.8414,0.89279
8.8489,0.89454
8.8565,0.89667
8.864,0.89905
8.8716,0.90111
8.8792,0.90314
8.8868,0.90561
8.8944,0.90735
8.9021,0.90971
8.9097,0.91379
8.9174,0.91756
8.9251,0.91976
8.9327,0.9219
8.9404,0.92463
8.9482,0.92717
8.9559,0.9306
8.9636,0.93322
8.9714,0.93516
8.9791,0.93865
8.9869,0.94153
8.9947,0.94525
9.0025,0.94944
9.0104,0.95201
9.0182,0.95504
9.026,0.95664
9.0339,0.95844
9.0418,0.96144
9.0497,0.96247
9.0576,0.96294
9.0655,0.96449
9.0734,0.96601
9.0814,0.96613
9.0893,0.96679
9.0973,0.96773
9.1053,0.96694
9.1133,0.96708
9.1213,0.96769
9.1293,0.96676
9.1374,0.966
9.1454,0.96722
9.1535,0.96851
9.1616,0.96757
9.1697,0.9674
9.1778,0.9674
9.1859,0.96589
9.1941,0.96551
9.2022,0.96521
9.2104,0.96331
9.2186,0.96125
9.2268,0.96021
9.235,0.96006
9.2432,0.95879
9.2515,0.95684
9.2597,0.95716
9.268,0.95692
9.2763,0.95411
9.2846,0.95348
9.2929,0.95407
9.3013,0.95183
9.3096,0.94965
9.318,0.94893
9.3264,0.94775
9.3348,0.94745
9.3432,0.94823
9.3516,0.94743
9.36,0.94527
9.3685,0.94489
9.377,0.9453
9.3854,0.94438
9.3939,0.94417
9.4025,0.94382
9.411,0.94278
9.4195,0.94359
9.4281,0.94416
9.4367,0.94372
9.4453,0.94237
9.4539,0.94192
9.4625,0.9432
9.4712,0.94246
9.4798,0.94291
9.4885,0.94453
9.4972,0.94329
9.5059,0.94338
9.5146,0.94539
9.5233,0.94695
9.5321,0.9481
9.5409,0.94958
9.5496,0.95155
9.5584,0.95354
9.5673,0.9562
9.5761,0.95847
9.585,0.96002
9.5938,0.96267
9.6027,0.9653
9.6116,0.96654
9.6205,0.96769
9.6294,0.97004
9.6384,0.97159
9.6474,0.97184
9.6563,0.97381
9.6653,0.9766
9.6744,0.9779
9.6834,0.97884
9.6924,0.9799
9.7015,0.98073
9.7106,0.98173
9.7197,0.98296
9.7288,0.98336
9.738,0.98341
9.7471,0.98486
9.7563,0.98548
9.7655,0.98482
9.7747,0.98614
9.7839,0.98719
9.7931,0.98678
9.8024,0.98761
9.8117,0.98835
9.8209,0.98726
9.8303,0.98582
9.8396,0.98674
9.8489,0.98881
9.8583,0.9888
9.8677,0.98961
9.8771,0.99124
9.8865,0.99108
9.8959,0.99201
9.9054,0.99382
9.9148,0.99457
9.9243,0.99531
9.9338,0.99619
9.9434,0.99592
9.9529,0.99584
9.9625,0.99793
9.972,0.99952
9.9816,0.99971
9.9913,1.0
10.0009,0.99923
10.0105,0.99619
10.0202,0.99384
10.0299,0.99146
10.0396,0.98923
10.0493,0.9859
10.0591,0.98351
10.0689,0.9822
10.0786,0.9782
10.0884,0.97466
10.0983,0.97344
10.1081,0.97146
10.118,0.96935
10.1278,0.96754
10.1377,0.96519
10.1477,0.96273
10.1576,0.96156
10.1676,0.96078
10.1775,0.95777
10.1875,0.95489
10.1976,0.95384
10.2076,0.95156
10.2177,0.94866
10.2277,0.94793
10.2378,0.94642
10.2479,0.94329
10.2581,0.94096
10.2682,0.93778
10.2784,0.93451
10.2886,0.93234
10.2988,0.92955
10.3091,0.92677
10.3193,0.92422
10.3296,0.92169
10.3399,0.91887
10.3502,0.91496
10.3606,0.9117
10.3709,0.90949
10.3813,0.90514
10.3917,0.89988
10.4021,0.89619
10.4126,0.89191
10.423,0.8876
10.4335,0.8845
10.444,0.88036
10.4546,0.87521
10.4651,0.87139
10.4757,0.86754
10.4863,0.86154
10.4969,0.85654
10.5075,0.85504
10.5182,0.85252
10.5289,0.85194
10.5396,0.85296
10.5503,0.852
10.561,0.85072
10.5718,0.85031
10.5826,0.85011
10.5934,0.84923
10.6042,0.8489
10.6151,0.84931
10.6259,0.84793
10.6368,0.84693
10.6478,0.84743
10.6587,0.84715
10.6697,0.84699
10.6807,0.84687
10.6917,0.84618
10.7027,0.84712
10.7138,0.84824
10.7248,0.84786
10.7359,0.84857
10.7471,0.84999
10.7582,0.85143
10.7694,0.85334
10.7806,0.85399
10.7918,0.85469
10.803,0.85633
10.8143,0.85643
10.8256,0.85705
10.8369,0.85929
10.8482,0.85929
10.8596,0.85882
10.871,0.86036
10.8824,0.86121
10.8938,0.86261
10.9053,0.86444
10.9168,0.86404
10.9283,0.86363
10.9398,0.8633
10.9513,0.8627
10.9629,0.86254
10.9745,0.86299
10.9861,0.8636
10.9978,0.86179
11.0095,0.85871
11.0212,0.85748
11.0329,0.8548
11.0446,0.85162
11.0564,0.84967
11.0682,0.84728
11.08,0.8445
11.0919,0.84138
11.1038,0.83771
11.1157,0.8359
11.1276,0.8342
11.1395,0.82999
11.1515,0.82665
11.1635,0.82378
11.1756,0.81989
11.1876,0.8176
11.1997,0.81411
11.2118,0.8086
11.2239,0.80517
11.2361,0.80086
11.2483,0.7946
11.2605,0.78947
11.2727,0.78424
11.285,0.77751
11.2973,0.77009
11.3096,0.76286
11.322,0.7546
11.3343,0.74468
11.3467,0.73516
11.3592,0.72474
11.3716,0.71275
11.3841,0.70073
11.3966,0.68751
11.4092,0.67233
11.4217,0.65579
11.4343,0.6381
11.4469,0.61902
11.4596,0.59962
11.4723,0.57982
11.485,0.55955
11.4977,0.5396
11.5105,0.51859
11.5232,0.4975
11.5361,0.47667
11.5489,0.45562
11.5618,0.43441
11.5747,0.41264
11.5876,0.39073
11.6006,0.36893
11.6136,0.34785
11.6266,0.32753
11.6396,0.30714
11.6527,0.28687
11.6658,0.26718
11.679,0.24844
11.6921,0.23039
11.7053,0.21269
11.7186,0.19597
11.7318,0.18057
11.7451,0.16604
11.7584,0.15272
11.7718,0.14049
11.7851,0.12862
11.7985,0.11764
11.812,0.10756
11.8254,0.098194
11.8389,0.089849
11.8525,0.081989
11.866,0.074745
11.8796,0.06835
11.8933,0.062323
11.9069,0.05696
11.9206,0.052097
11.9343,0.04725
11.9481,0.042922
11.9618,0.039342
11.9757,0.036202
11.9895,0.033261
12.0034,0.030414
12.0173,0.027821
12.0312,0.025494
12.0452,0.023206
12.0592,0.021101
12.0732,0.019577
12.0873,0.018491
12.1014,0.017245
12.1156,0.015609
12.1297,0.014081
12.1439,0.01293
12.1582,0.01185
12.1724,0.010838
12.1867,0.010059
12.2011,0.0093961
12.2155,0.0086539
12.2299,0.0078096
12.2443,0.0070576
12.2588,0.0064837
12.2733,0.0060255
12.2878,0.0056665
12.3024,0.0052398
12.317,0.0046884
12.3317,0.0044067
12.3463,0.0044298
12.361,0.0041112
12.3758,0.0033056
12.3906,0.002664
12.4054,0.0025158
12.4203,0.0025041
12.4352,0.0024099
12.4501,0.0023594
12.465,0.002393
12.48,0.0023252
12.4951,0.0018846
12.5102,0.0012533
12.5253,0.0010302
12.5404,0.0013007
12.5556,0.0016035
12.5708,0.0015757
12.5861,0.0011707
12.6014,0.0007422
12.6167,0.00069602
12.6321,0.00096412
12.6475,0.0012294
12.6629,0.0013354
12.6784,0.0013594
12.6939,0.001391
12.7095,0.0012603
12.7251,0.00083599
12.7407,0.00046254
12.7564,0.00038777
12.7721,0.00030852
12.7878,0.00022547
12.8036,0.00049925
12.8194,0.00085722
12.8353,0.00086436
12.8512,0.00071308
12.8671,0.000591
12.8831,0.00035658
12.8992,0.0001014
12.9152,7.2773e-05
12.9313,0.00022794
12.9475,0.00041864
12.9636,0.00053008
12.9799,0.00039927
12.9961,0.00010347
13.0124,0.0
