star,channels,n_channels,ra,dec,phot_g_mean_mag,bp_rp,ruwe,abs_b,ipd_frac_multi_peak,non_single_star,systematics,main_id,otype,families,trace_verdict,in_groups
gaia:4387079367952007168,"baffle_bright_excess(score=nan,pct=nan); ignition(score=4.35,pct=0.0006); cradle(score=-inf,pct=26.0039); baffle_bright_deficit(score=1.51,pct=0.0241)",4,260.2786715052397,1.444249509384865,6.806281566619873,0.7687783241271973,1.054785966873169,20.67870528153168,0.0,0.0,,,,,UNEXPLAINED,baffle_bright_deficit+ignition@0.05
gaia:3889615188910978816,"dimming_secular(score=3.22,pct=0.0307); cenotaph(score=2.6,pct=0.0101); dimming_dip(score=0.592,pct=0.0398)",3,159.78701385,16.8602259,12.507889747619629,0.9862813949584961,1.018700361251831,57.77794129994565,0.0,,,,,,UNEXPLAINED,cenotaph+dimming_dip@0.05;cenotaph+dimming_secular@0.05
gaia:3889749196186337408,"dimming_secular(score=3.16,pct=0.0325); ignition(score=-0.218,pct=0.4150); cenotaph(score=1.78,pct=0.0401); dimming_dip(score=0.349,pct=0.1308)",4,158.80750535,16.91888375,12.525508880615234,1.4139299392700195,1.12403404712677,56.946907540562194,0.0,0.0,,,,,UNEXPLAINED,cenotaph+dimming_secular@0.05
gaia:729260815223759616,"dimming_secular(score=3.13,pct=0.0334); cenotaph(score=3.8,pct=0.0017,FLAG); dimming_dip(score=0.321,pct=0.1358)",3,157.9561329,28.8154661,12.541521072387695,0.9293432235717773,0.9018769860267639,59.23776702586475,0.0,,,,,,UNEXPLAINED,cenotaph+dimming_secular@0.05
gaia:1506264375239904768,"tailings(score=11,pct=0.0055); cenotaph(score=2.86,pct=0.0068)",2,211.260121,46.608498,12.197872161865234,0.7558965682983398,0.9178147315979004,65.71304688364076,0.0,,,TYC 3465-281-1,PM*,,UNEXPLAINED,cenotaph+tailings@0.01;cenotaph+tailings@0.05
gaia:2591315913282170240,"tailings(score=25.8,pct=0.0002); cenotaph(score=2.89,pct=0.0064)",2,19.784427,15.045605,12.370572090148926,0.8320693969726562,1.1701551675796509,47.293787070513126,0.0,,,TYC 1197-120-1,*,,UNEXPLAINED,cenotaph+tailings@0.01;cenotaph+tailings@0.05
gaia:820736609242829696,"tailings(score=10.9,pct=0.0056,FLAG); cenotaph(score=2.74,pct=0.0081)",2,148.192841,45.914604,12.445357322692871,0.7754650115966797,1.0034949779510498,50.16649975666284,0.0,,,,,,UNEXPLAINED,cenotaph+tailings@0.01;cenotaph+tailings@0.05
gaia:1158665112832538368,"tailings(score=6.11,pct=0.0381,FLAG); cenotaph(score=1.7,pct=0.0465)",2,220.776482,4.445269,11.73290729522705,0.8249263763427734,1.0784810781478882,55.024115748762654,0.0,,,TYC  329-334-1,*,,UNEXPLAINED,cenotaph+tailings@0.05
gaia:1160484735856688512,"tailings(score=7.12,pct=0.0238,FLAG); cenotaph(score=1.67,pct=0.0489)",2,226.81944,7.417462,11.333127975463867,0.7904300689697266,0.9771097898483276,52.26693150041432,0.0,,,TYC  346-119-1,*,,UNEXPLAINED,cenotaph+tailings@0.05
gaia:1165319082326453760,"tailings(score=5.74,pct=0.0451,FLAG); cenotaph(score=1.83,pct=0.0372)",2,232.314876,8.706808,12.44297981262207,0.8324785232543945,1.2231740951538086,48.44195876990453,13.0,,ipd_frac_multi_peak>2 (resolved double in the IPD),UCAC4 494-062374,*,,SYSTEMATIC:ipd_frac_multi_peak>2 (resolved double in the IPD),cenotaph+tailings@0.05
gaia:1278435468498800640,"tailings(score=8.02,pct=0.0165); cenotaph(score=5.09,pct=0.0003,FLAG)",2,229.476208,33.822906,12.81451416015625,0.9640541076660156,0.9350196123123169,57.915137185968184,0.0,,,UCAC4 620-051467,PM*,,UNEXPLAINED,cenotaph+tailings@0.05
gaia:1283084508602114688,"tailings(score=6.91,pct=0.0261,FLAG); cenotaph(score=2.14,pct=0.0220)",2,222.396523,31.105701,12.44260025024414,0.7767820358276367,1.110172152519226,63.969021591707175,0.0,,,UCAC4 606-051026,*,,UNEXPLAINED,cenotaph+tailings@0.05
gaia:1302888710179429632,"tailings(score=6.29,pct=0.0352,FLAG); cenotaph(score=3.01,pct=0.0054,FLAG)",2,243.891599,24.596405,13.036245346069336,1.1536235809326172,0.9781771302223206,44.32321204508147,0.0,,,UCAC4 573-055166,PM*,,UNEXPLAINED,cenotaph+tailings@0.05;cenotaph+tailings@flag
gaia:1310867213227133952,"tailings(score=6.63,pct=0.0300); cenotaph(score=1.68,pct=0.0481)",2,250.074764,28.463303,11.283516883850098,0.7475204467773438,0.9740566611289978,39.86505701810366,0.0,,,TYC 2057-1449-1,*,,UNEXPLAINED,cenotaph+tailings@0.05
gaia:1322606561437637888,"tailings(score=6.9,pct=0.0263,FLAG); cenotaph(score=1.86,pct=0.0350)",2,243.489303,32.921909,12.827357292175293,0.9469814300537109,1.311057448387146,46.19589472368138,32.0,,ipd_frac_multi_peak>2 (resolved double in the IPD),UCAC4 615-053446,*,,SYSTEMATIC:ipd_frac_multi_peak>2 (resolved double in the IPD),cenotaph+tailings@0.05
gaia:1381743034127910016,"tailings(score=6.12,pct=0.0379,FLAG); cenotaph(score=1.94,pct=0.0309)",2,244.379356,42.401188,12.261733055114746,0.9100627899169922,0.999882161617279,45.7595793575772,0.0,,,UCAC4 663-061976,*,,UNEXPLAINED,cenotaph+tailings@0.05
gaia:1407509852901773952,"tailings(score=6.9,pct=0.0262); cenotaph(score=3.23,pct=0.0038,FLAG)",2,252.929054,46.366032,12.277900695800781,0.8891658782958984,1.0602378845214844,39.52728928012766,0.0,,,UCAC4 682-057243,PM*,,UNEXPLAINED,cenotaph+tailings@0.05
gaia:142730353190144,"tailings(score=8.71,pct=0.0125,FLAG); ignition(score=-1.51,pct=0.8043); cenotaph(score=2.11,pct=0.0232)",3,45.667242,0.712053,11.395855903625488,0.8513326644897461,1.2597030401229858,47.928093248329034,1.0,0.0,,,,,UNEXPLAINED,cenotaph+tailings@0.05
gaia:1444404480967693568,"tailings(score=5.86,pct=0.0429,FLAG); cenotaph(score=1.87,pct=0.0343)",2,206.916081,25.00915,12.690519332885742,1.1613378524780273,1.037713646888733,77.20409925633123,0.0,,,UCAC4 576-050583,*,,UNEXPLAINED,cenotaph+tailings@0.05
gaia:1445100093870857984,"tailings(score=8.41,pct=0.0140); cenotaph(score=1.65,pct=0.0499)",2,205.357616,24.882368,12.648432731628418,0.9290084838867188,0.9377104640007019,78.5503580269513,0.0,,,UCAC4 575-049581,*,,UNEXPLAINED,cenotaph+tailings@0.05
gaia:1456702003129556352,"tailings(score=6.52,pct=0.0317); cenotaph(score=2.06,pct=0.0248)",2,204.983097,31.648012,12.548413276672363,0.8191337585449219,0.9885541796684265,78.51949138083792,0.0,,,UCAC4 609-048971,PM*,,UNEXPLAINED,cenotaph+tailings@0.05
gaia:1460829256246396160,"tailings(score=8.02,pct=0.0165); cenotaph(score=2.12,pct=0.0224)",2,195.639276,28.196678,12.585820198059082,0.8611993789672852,1.082023024559021,87.3162147488748,0.0,,,UCAC4 591-051171,PM*,,UNEXPLAINED,cenotaph+tailings@0.05
gaia:1513018885624204544,"tailings(score=6.28,pct=0.0354,FLAG); cenotaph(score=1.87,pct=0.0347)",2,209.241373,52.801495,12.522540092468262,0.9322576522827148,1.0221670866012573,61.574354366919934,0.0,,,UCAC4 715-052238,PM*,,UNEXPLAINED,cenotaph+tailings@0.05
gaia:1533668950943689216,"tailings(score=5.55,pct=0.0494,FLAG); ignition(score=-1.36,pct=0.7692); cenotaph(score=1.72,pct=0.0444)",3,189.656536,40.377613,12.508452415466309,0.8537559509277344,0.9920186996459961,76.48842343418451,0.0,0.0,,UCAC4 652-052480,PM*,,UNEXPLAINED,cenotaph+tailings@0.05
gaia:1539796765467738240,"tailings(score=6.42,pct=0.0332,FLAG); cenotaph(score=2.58,pct=0.0105)",2,181.617026,46.141712,12.20408821105957,0.8838815689086914,0.9077457189559937,69.0045865080153,0.0,,,UCAC4 681-053452,*,,UNEXPLAINED,cenotaph+tailings@0.05
gaia:1542286579486364928,"tailings(score=7.88,pct=0.0176,FLAG); ignition(score=-1.43,pct=0.7873); cenotaph(score=2.45,pct=0.0130)",3,186.62078,46.604164,12.869424819946289,1.0762758255004883,0.9649272561073303,69.91106438617389,0.0,0.0,,UCAC4 684-052515,*,,UNEXPLAINED,cenotaph+tailings@0.05
gaia:1556398257176104064,"tailings(score=5.67,pct=0.0468,FLAG); cenotaph(score=3.49,pct=0.0026,FLAG)",2,197.321042,50.273712,12.344324111938477,0.7741155624389648,0.9601719379425049,66.60456706345492,0.0,,,UCAC4 702-052415,*,,UNEXPLAINED,cenotaph+tailings@0.05;cenotaph+tailings@flag
gaia:1568840128894104064,"tailings(score=5.54,pct=0.0497,FLAG); cenotaph(score=2.03,pct=0.0262)",2,188.621317,51.886131,12.282026290893555,0.8133764266967773,0.8948256373405457,65.03739970121157,0.0,,,TYC 3458-2022-1,PM*,,UNEXPLAINED,cenotaph+tailings@0.05
gaia:1593402840700894720,"tailings(score=5.92,pct=0.0415,FLAG); cenotaph(score=2.94,pct=0.0059)",2,224.068239,51.570869,12.538012504577637,1.108994483947754,1.0741146802902222,56.132072091036626,0.0,,,2MASS J14561637+5134151,*,,UNEXPLAINED,cenotaph+tailings@0.05
gaia:1594760187805679232,"tailings(score=10.2,pct=0.0071); cenotaph(score=2.26,pct=0.0179)",2,232.23075,50.655346,12.50764274597168,0.851771354675293,1.012350082397461,52.075242206033195,0.0,,,TYC 3488-774-1,PM*,,UNEXPLAINED,cenotaph+tailings@0.05
gaia:1629449814021664384,"tailings(score=7.74,pct=0.0186); ignition(score=-0.824,pct=0.6181); cenotaph(score=1.78,pct=0.0401)",3,243.811577,64.000122,12.430915832519531,0.8700675964355469,1.0739637613296509,40.966264673360314,0.0,0.0,,UCAC4 771-039886,*,,UNEXPLAINED,cenotaph+tailings@0.05
gaia:1629863848869502080,"tailings(score=5.67,pct=0.0467,FLAG); cenotaph(score=2.8,pct=0.0074)",2,245.559835,64.453323,11.831511497497559,0.8032455444335938,0.9895419478416443,40.089474893011506,0.0,,,TYC 4192-2200-1,PM*,,UNEXPLAINED,cenotaph+tailings@0.05
gaia:1649729167828901632,"tailings(score=6.5,pct=0.0320); cenotaph(score=2.02,pct=0.0267)",2,245.575402,68.927338,11.684788703918457,0.9754295349121094,0.9151465892791748,38.267478769931905,0.0,,,TYC 4419-1639-1,Pe*,,UNEXPLAINED,cenotaph+tailings@0.05
gaia:1650318025024574080,"tailings(score=5.9,pct=0.0419); cenotaph(score=2.44,pct=0.0133)",2,250.931465,70.728096,11.775284767150879,0.7691221237182617,0.9077832698822021,35.85798635378807,0.0,,,TYC 4423-416-1,*,,UNEXPLAINED,cenotaph+tailings@0.05
gaia:1652881609400010368,"tailings(score=9.56,pct=0.0090); cenotaph(score=2.03,pct=0.0265)",2,245.349796,70.234261,12.335597038269043,1.1517553329467773,1.1378945112228394,37.761729473926394,0.0,,,TYC 4422-727-1,*,,UNEXPLAINED,cenotaph+tailings@0.05
gaia:1688148582299761280,"tailings(score=7.59,pct=0.0197); ignition(score=-0.0295,pct=0.3525); cenotaph(score=3.14,pct=0.0044,FLAG)",3,198.818443,72.529831,12.758000373840332,1.1480283737182617,1.0543186664581299,44.48236614768968,0.0,0.0,,2MASS J13151642+7231473,PM*,,UNEXPLAINED,cenotaph+tailings@0.05
gaia:2076155927834002560,"tailings(score=7.25,pct=0.0225,FLAG); cenotaph(score=1.68,pct=0.0479)",2,299.976666,44.804523,11.305316925048828,0.9161396026611328,0.8857138156890869,7.785890413813027,0.0,,,TYC 3149-337-1,PM*,,UNEXPLAINED,cenotaph+tailings@0.05
gaia:2240163991367361792,"tailings(score=7.06,pct=0.0245,FLAG); cenotaph(score=1.97,pct=0.0295)",2,293.361159,61.851791,11.673465728759766,0.8018569946289062,0.9424805045127869,18.99769039236712,0.0,,,TYC 4230-39-1,*,,UNEXPLAINED,cenotaph+tailings@0.05
gaia:2242268117323078656,"tailings(score=5.81,pct=0.0438); ignition(score=0.0581,pct=0.3240); cenotaph(score=1.89,pct=0.0335)",3,295.427412,64.040421,11.95138168334961,0.7218084335327148,0.9934630990028381,18.977986637189538,0.0,0.0,,UCAC4 771-046143,*,,UNEXPLAINED,cenotaph+tailings@0.05
gaia:2260280793546902912,"tailings(score=6.63,pct=0.0300,FLAG); cenotaph(score=1.73,pct=0.0439)",2,276.232364,69.919136,12.042611122131348,0.923792839050293,1.018845558166504,27.615096860679643,0.0,,,UCAC4 800-026136,*,,UNEXPLAINED,cenotaph+tailings@0.05
gaia:2349605328641502208,"tailings(score=5.61,pct=0.0480,FLAG); cenotaph(score=3.24,pct=0.0038,FLAG)",2,11.958258,-21.590975,12.433709144592285,0.8603286743164062,1.005052089691162,84.4022671327282,0.0,,,UCAC2  23041122,PM*,,UNEXPLAINED,cenotaph+tailings@0.05;cenotaph+tailings@flag
gaia:2435975643495335296,"tailings(score=6.07,pct=0.0388); cenotaph(score=3.98,pct=0.0013,FLAG)",2,356.778561,-8.96475,12.134871482849121,0.7235231399536133,1.0114624500274658,66.3156405155859,1.0,,,UCAC4 406-142048,*,,UNEXPLAINED,cenotaph+tailings@0.05
gaia:2487871389735413888,"tailings(score=8.24,pct=0.0150); cenotaph(score=1.93,pct=0.0315)",2,34.602972,-6.003189,12.04699993133545,1.3137378692626953,1.0139602422714233,60.43796265571104,0.0,,,2MASS J02182471-0600114,*,,UNEXPLAINED,cenotaph+tailings@0.05
gaia:2543335493588752768,"tailings(score=6.34,pct=0.0343); cenotaph(score=2.9,pct=0.0064)",2,10.230734,0.784279,12.630282402038574,0.8759832382202148,1.0621668100357056,61.97306654228161,0.0,,,UCAC4 454-000897,*,,UNEXPLAINED,cenotaph+tailings@0.05
gaia:2564788168037499008,"tailings(score=5.72,pct=0.0456); ignition(score=-1.65,pct=0.8327); cenotaph(score=2.37,pct=0.0149)",3,19.36287498474121,6.872472286224365,12.096111297607422,0.8428916931152344,1.0132160186767578,55.421026487450256,0.0,0.0,,UCAC4 485-001836,PM*,,UNEXPLAINED,cenotaph+tailings@0.05
gaia:2575778375168277632,"tailings(score=8.88,pct=0.0118); ignition(score=0.238,pct=0.2696); cenotaph(score=3.63,pct=0.0021,FLAG)",3,27.454008,12.710394,12.344319343566895,0.8538675308227539,1.142337679862976,47.717640622563195,0.0,0.0,,UCAC4 514-002842,*,,UNEXPLAINED,cenotaph+tailings@0.05
gaia:2666724269006463360,"tailings(score=5.81,pct=0.0437,FLAG); cenotaph(score=1.83,pct=0.0370)",2,327.746149,-7.905766,12.60010051727295,0.9574604034423828,1.0682636499404907,43.221384133930385,0.0,,,UCAC4 411-134310,*,,UNEXPLAINED,cenotaph+tailings@0.05
gaia:2688889912321703680,"tailings(score=6.44,pct=0.0329,FLAG); cenotaph(score=2.89,pct=0.0064)",2,318.238479,-1.055165,12.61507797241211,0.8857746124267578,1.22128164768219,31.573842618866646,0.0,,,,,,UNEXPLAINED,cenotaph+tailings@0.05
gaia:2768547365090152832,"tailings(score=7.65,pct=0.0193); cenotaph(score=2.61,pct=0.0099)",2,3.941462,15.244744,12.31170654296875,0.822962760925293,0.9697222113609314,46.75182003148089,0.0,,,UCAC4 527-000506,*,,UNEXPLAINED,cenotaph+tailings@0.05
gaia:2769025648352580736,"tailings(score=11.3,pct=0.0049,FLAG); cenotaph(score=1.86,pct=0.0353)",2,1.616275,14.820948,12.1412992477417,0.9616622924804688,0.99091637134552,46.65432283875132,0.0,,,UCAC4 525-000206,*,,UNEXPLAINED,cenotaph+tailings@0.05
gaia:3079128574957131392,"tailings(score=5.83,pct=0.0435,FLAG); cenotaph(score=1.95,pct=0.0300)",2,129.792285,2.22175,12.717354774475098,0.9850893020629883,0.9365885853767395,24.86552961671763,0.0,,,UCAC4 462-042381,*,,UNEXPLAINED,cenotaph+tailings@0.05
gaia:3085897860030703488,"tailings(score=13.1,pct=0.0029); cenotaph(score=1.74,pct=0.0433)",2,115.8183364868164,0.10747221857309341,11.679180145263672,0.7790193557739258,1.0586367845535278,11.562455135691744,0.0,,,TYC  179-1444-1,*,,UNEXPLAINED,cenotaph+tailings@0.05
gaia:3202476427924828288,"tailings(score=6.84,pct=0.0271); cenotaph(score=3.87,pct=0.0016,FLAG)",2,63.996917724609375,-5.518499851226807,12.522429466247559,0.8067073822021484,1.037742257118225,36.847654164494514,0.0,,,UCAC4 423-005780,*,,UNEXPLAINED,cenotaph+tailings@0.05
gaia:3214085247786096512,"tailings(score=7.47,pct=0.0208); cenotaph(score=1.73,pct=0.0436)",2,81.209319,-2.307596,12.896217346191406,1.113943099975586,0.9440007209777832,20.26998800831969,0.0,,,UCAC4 439-009790,*,,UNEXPLAINED,cenotaph+tailings@0.05
gaia:3230681276295569408,"tailings(score=6.18,pct=0.0368); cenotaph(score=2.33,pct=0.0161)",2,69.423985,0.680374,12.02379322052002,0.7521371841430664,1.224246621131897,29.00803803081666,0.0,,,TYC   83-880-1,*,,UNEXPLAINED,cenotaph+tailings@0.05
gaia:3263065157908036992,"tailings(score=7.1,pct=0.0240); ignition(score=-3.13,pct=0.9763); cenotaph(score=2.14,pct=0.0218)",3,54.396748,-1.056075,12.567800521850586,1.3469781875610352,1.1671760082244873,42.4129253499153,0.0,0.0,,UCAC4 445-004936,PM*,,UNEXPLAINED,cenotaph+tailings@0.05
gaia:3263390780852887424,"tailings(score=6.32,pct=0.0347,FLAG); ignition(score=-0.444,pct=0.4919); cenotaph(score=2.66,pct=0.0092)",3,53.406974,-0.455093,12.088871955871582,0.9023990631103516,0.9921444654464722,42.833744009310394,0.0,0.0,,UCAC4 448-004744,*,,UNEXPLAINED,cenotaph+tailings@0.05
gaia:3264840246415593728,"tailings(score=6.58,pct=0.0308,FLAG); ignition(score=-1.99,pct=0.8890); cenotaph(score=1.69,pct=0.0471)",3,53.053613,0.920455,12.521025657653809,1.0444984436035156,1.2499346733093262,42.253759396904876,0.0,0.0,,UCAC4 455-004950,*,,UNEXPLAINED,cenotaph+tailings@0.05
gaia:3265766069566009344,"tailings(score=5.82,pct=0.0436,FLAG); cenotaph(score=1.98,pct=0.0289)",2,48.634271,-0.576493,11.291501998901367,0.8176794052124023,1.0210410356521606,46.60356609455132,0.0,,,TYC 4708-631-1,PM*,,UNEXPLAINED,cenotaph+tailings@0.05
gaia:3672713190070099328,"tailings(score=6.59,pct=0.0306); ignition(score=-0.686,pct=0.5730); cenotaph(score=2.42,pct=0.0138)",3,213.714588,5.153098,11.592679977416992,0.731938362121582,0.909934937953949,60.37428320393653,0.0,0.0,,UCAC4 476-053728,*,,UNEXPLAINED,cenotaph+tailings@0.05
gaia:3757570920521227776,"tailings(score=5.57,pct=0.0490,FLAG); cenotaph(score=2.72,pct=0.0084)",2,161.65931,-11.712742,12.174222946166992,1.0980901718139648,0.9597069621086121,40.756399731542615,0.0,,,UCAC4 392-051766,PM*,,UNEXPLAINED,cenotaph+tailings@0.05
gaia:3816852189444544000,"tailings(score=5.77,pct=0.0447,FLAG); cenotaph(score=2.03,pct=0.0264)",2,169.297526,5.456488,11.865160942077637,0.9265689849853516,0.9860399961471558,58.80961171095965,0.0,,,TYC  269-906-1,*,,UNEXPLAINED,cenotaph+tailings@0.05
gaia:3820673752560755328,"tailings(score=6.02,pct=0.0397); cenotaph(score=1.75,pct=0.0425)",2,144.63075256347656,-6.751972198486328,11.99814224243164,0.7829856872558594,1.0361828804016113,32.35412389139647,0.0,,,UCAC4 417-049881,*,,UNEXPLAINED,cenotaph+tailings@0.05
gaia:3958350475423405056,"tailings(score=10.9,pct=0.0056); cenotaph(score=1.87,pct=0.0345)",2,194.889823,26.112408,12.9188871383667,1.065342903137207,0.9476636648178101,87.92000571329983,0.0,,,UCAC4 581-047959,*,,UNEXPLAINED,cenotaph+tailings@0.05
gaia:4015983988732445440,"tailings(score=7.68,pct=0.0191,FLAG); ignition(score=0.128,pct=0.3026); cenotaph(score=2.5,pct=0.0118)",3,187.32433,33.292614,11.828866958618164,0.8539648056030273,1.264674186706543,82.20057468313749,0.0,0.0,,[M60b]+33 225,*,,UNEXPLAINED,cenotaph+tailings@0.05
gaia:4029291137444958848,"tailings(score=5.64,pct=0.0473,FLAG); ignition(score=-0.655,pct=0.5627); cenotaph(score=1.88,pct=0.0337)",3,185.225152,36.074039,12.06429386138916,0.782017707824707,1.3829420804977417,78.94984803390551,0.0,0.0,,[M60b]+36 110,*,,UNEXPLAINED,cenotaph+tailings@0.05
gaia:4029751214341595648,"tailings(score=6.18,pct=0.0369,FLAG); ignition(score=-0.377,pct=0.4691); cenotaph(score=2.23,pct=0.0190)",3,182.15274,35.340466,11.479511260986328,0.9421482086181641,1.001832365989685,77.71653828754182,0.0,0.0,,NGP 36  36,PM*,,UNEXPLAINED,cenotaph+tailings@0.05
gaia:4220150241316623872,"tailings(score=8.88,pct=0.0117,FLAG); cenotaph(score=1.65,pct=0.0499)",2,301.5425720214844,-5.558333396911621,12.598506927490234,1.0435104370117188,0.8520742058753967,19.142497565275107,0.0,,,UCAC4 423-128338,*,,UNEXPLAINED,cenotaph+tailings@0.05
gaia:4227796313889239296,"tailings(score=7.34,pct=0.0218); ignition(score=-0.756,pct=0.5957); cenotaph(score=2.29,pct=0.0171)",3,311.115556,-0.698425,11.815742492675781,0.8348550796508789,1.2949302196502686,25.26838505623825,0.0,0.0,,TYC 5177-1175-1,*,,UNEXPLAINED,cenotaph+tailings@0.05
gaia:4359576768211080704,"tailings(score=7.79,pct=0.0182,FLAG); cenotaph(score=2.35,pct=0.0155)",2,258.3091735839844,-8.926055908203125,12.61477279663086,1.4082612991333008,1.023514986038208,17.130815951930227,0.0,,,UCAC4 406-070175,*,,UNEXPLAINED,cenotaph+tailings@0.05
gaia:4455614642132016384,"tailings(score=10.1,pct=0.0073,FLAG); cenotaph(score=1.71,pct=0.0453)",2,237.584767,9.805514,11.786225318908691,0.8048591613769531,0.957010805606842,44.48683524017662,0.0,,,UCAC4 500-064286,*,,UNEXPLAINED,cenotaph+tailings@0.05
gaia:4638000668871864832,"tailings(score=6.49,pct=0.0323); cenotaph(score=2.24,pct=0.0186)",2,20.7481,-74.808571,12.221064567565918,0.8894357681274414,1.0428271293640137,42.14889411861108,0.0,,,TYC 9142-925-1,PM*,,UNEXPLAINED,cenotaph+tailings@0.05
gaia:4651693089039302272,"tailings(score=5.93,pct=0.0415); cenotaph(score=2.44,pct=0.0132)",2,82.64862823486328,-71.87519073486328,11.600190162658691,0.7642421722412109,0.7527076005935669,31.938484359033996,9.0,,ipd_frac_multi_peak>2 (resolved double in the IPD),HD 271342,PM*,,SYSTEMATIC:ipd_frac_multi_peak>2 (resolved double in the IPD),cenotaph+tailings@0.05
gaia:4651830875919909888,"tailings(score=6.11,pct=0.0380); cenotaph(score=2.68,pct=0.0089); cradle(score=-inf,pct=26.0039)",3,81.487712,-70.970726,9.716055870056152,0.7052783966064453,0.8237082362174988,32.46692592072136,0.0,0.0,,HD 269538,*,,UNEXPLAINED,cenotaph+tailings@0.05
gaia:4655134015011405312,"tailings(score=14.2,pct=0.0022,FLAG); cenotaph(score=1.88,pct=0.0341)",2,74.059734,-69.923279,12.33332347869873,0.8462514877319336,0.8417215943336487,35.13160258116557,0.0,,,UCAC4 101-005429,*,,UNEXPLAINED,cenotaph+tailings@0.05
gaia:4656645736083636352,"tailings(score=10.9,pct=0.0056); cenotaph(score=2.43,pct=0.0134)",2,69.081875,-67.013329,12.190532684326172,0.8528928756713867,1.075460433959961,37.80727740447413,0.0,,,UCAC4 115-004241,PM*,,UNEXPLAINED,cenotaph+tailings@0.05
gaia:4676327101595205376,"tailings(score=5.84,pct=0.0433,FLAG); cenotaph(score=1.8,pct=0.0391)",2,62.79887390136719,-62.77299880981445,12.748932838439941,0.813410758972168,1.0632458925247192,41.876272362485565,0.0,,,UCAC4 137-003675,*,,UNEXPLAINED,cenotaph+tailings@0.05
gaia:5229199133300799616,"tailings(score=6.71,pct=0.0289,FLAG); cenotaph(score=2.29,pct=0.0171)",2,157.47845458984375,-73.00575256347656,11.194960594177246,0.8212652206420898,0.8278234004974365,12.943517490118863,0.0,,,TYC 9219-1900-1,PM*,,UNEXPLAINED,cenotaph+tailings@0.05
gaia:5285461388106981376,"tailings(score=7.5,pct=0.0205,FLAG); cenotaph(score=1.72,pct=0.0449)",2,105.093578,-64.027672,11.832401275634766,0.7490396499633789,0.9779254198074341,23.24965049852761,0.0,,,TYC 8916-642-1,*,,UNEXPLAINED,cenotaph+tailings@0.05
gaia:5286788975380834304,"tailings(score=6.56,pct=0.0311,FLAG); cenotaph(score=2.78,pct=0.0076)",2,106.073187,-62.342285,12.048821449279785,0.8023605346679688,1.1900798082351685,22.37839266184891,0.0,,,UCAC4 139-008900,*,,UNEXPLAINED,cenotaph+tailings@0.05
gaia:5292084502555239168,"tailings(score=7.04,pct=0.0247,FLAG); ignition(score=-0.0655,pct=0.3643); cenotaph(score=2.14,pct=0.0219)",3,109.546531,-62.134064,11.953719139099121,0.9757928848266602,0.9662752151489258,20.77320686978182,1.0,0.0,,UCAC4 140-009817,*,,UNEXPLAINED,cenotaph+tailings@0.05
gaia:5479091566213618176,"tailings(score=5.56,pct=0.0493); cenotaph(score=1.95,pct=0.0302)",2,102.932269,-61.400101,12.015751838684082,1.1627368927001953,0.9178236126899719,23.56599894628146,2.0,,,TYC 8908-791-1,*,,UNEXPLAINED,cenotaph+tailings@0.05
gaia:5480131261834487808,"tailings(score=5.66,pct=0.0469,FLAG); cenotaph(score=1.96,pct=0.0296)",2,99.313923,-60.37767,12.465758323669434,1.0596284866333008,1.1098964214324951,25.061599147224385,1.0,,,UCAC4 149-007925,*,,UNEXPLAINED,cenotaph+tailings@0.05
gaia:5483482534618994048,"tailings(score=10.4,pct=0.0067,FLAG); cenotaph(score=2.06,pct=0.0252)",2,100.377622,-58.688068,12.002043724060059,1.0132951736450195,1.0739915370941162,24.179631008496457,22.0,,ipd_frac_multi_peak>2 (resolved double in the IPD),TYC 8548-685-1,*,,SYSTEMATIC:ipd_frac_multi_peak>2 (resolved double in the IPD),cenotaph+tailings@0.05
gaia:5778681482328495360,"tailings(score=6.66,pct=0.0295,FLAG); ignition(score=-0.32,pct=0.4492); cenotaph(score=3.26,pct=0.0037,FLAG)",3,244.24000549316406,-79.70816802978516,12.355366706848145,0.9587116241455078,0.9598516821861267,20.450854213652946,0.0,0.0,,UCAC4 052-017839,*,,UNEXPLAINED,cenotaph+tailings@0.05;cenotaph+tailings@flag
gaia:5949094755201006976,"tailings(score=6.08,pct=0.0385); cenotaph(score=1.77,pct=0.0408)",2,264.4160461425781,-46.133026123046875,12.126673698425293,0.7153282165527344,1.2313438653945923,7.678936557624908,0.0,,,,,,UNEXPLAINED,cenotaph+tailings@0.05
gaia:600706186287044736,"tailings(score=9.65,pct=0.0087,FLAG); cenotaph(score=1.71,pct=0.0453)",2,126.961744,10.035519,12.1875,1.0688838958740234,0.9613534808158875,25.934273271911454,0.0,,,,,,UNEXPLAINED,cenotaph+tailings@0.05
gaia:6009362663974615680,"tailings(score=5.86,pct=0.0429); cenotaph(score=2.03,pct=0.0264)",2,235.1043701171875,-38.28227615356445,12.241486549377441,0.8825340270996094,1.042879343032837,13.572100009604513,0.0,,,,,,UNEXPLAINED,cenotaph+tailings@0.05
gaia:6084316715232273792,"tailings(score=9.1,pct=0.0108); cenotaph(score=3.24,pct=0.0037); cradle(score=3.8,pct=0.2982,FLAG)",3,202.965087890625,-45.740806579589844,12.534309387207031,1.045628547668457,1.1941031217575073,16.55408240317602,0.0,0.0,,UCAC4 222-071736,*,,UNEXPLAINED,cenotaph+tailings@0.05
gaia:6197182988271224832,"tailings(score=7.81,pct=0.0181); cenotaph(score=2.76,pct=0.0078)",2,225.13092041015625,-40.332027435302734,10.711308479309082,0.8582544326782227,0.8866368532180786,16.172089363249974,0.0,,,TYC 7825-506-1,*,,UNEXPLAINED,cenotaph+tailings@0.05
gaia:6243374880503846400,"tailings(score=7.27,pct=0.0223,FLAG); cenotaph(score=1.69,pct=0.0469)",2,241.259128,-21.739506,12.637214660644531,1.1979665756225586,1.1834609508514404,22.33208383989475,0.0,,,,,,UNEXPLAINED,cenotaph+tailings@0.05
gaia:632008285897714304,"tailings(score=6.05,pct=0.0391,FLAG); cenotaph(score=2.13,pct=0.0223)",2,138.178629,16.998915,11.940698623657227,1.0793180465698242,0.9947478175163269,38.70847034933106,0.0,,,,,,UNEXPLAINED,cenotaph+tailings@0.05
gaia:6443124467887965824,"tailings(score=8.43,pct=0.0139); cenotaph(score=1.8,pct=0.0387)",2,304.6000061035156,-60.79233169555664,12.361332893371582,1.2296371459960938,0.9786404371261597,33.977857265403316,0.0,,,UCAC2   5222563,*,,UNEXPLAINED,cenotaph+tailings@0.05
gaia:6455076571600174848,"tailings(score=13.5,pct=0.0026); cenotaph(score=2.19,pct=0.0202)",2,307.28692626953125,-60.83794403076172,11.995678901672363,0.8128843307495117,1.160571575164795,35.27684053532854,0.0,,,UCAC4 146-230805,*,,UNEXPLAINED,cenotaph+tailings@0.05
gaia:6455166834633191040,"tailings(score=9.3,pct=0.0100); cenotaph(score=4.2,pct=0.0010,FLAG)",2,306.4790954589844,-60.308807373046875,12.836483001708984,1.0521974563598633,1.021053433418274,34.941669063083,0.0,,,UCAC4 149-216851,PM*,,UNEXPLAINED,cenotaph+tailings@0.05
gaia:6463117433275639680,"tailings(score=9.28,pct=0.0101); cenotaph(score=3.5,pct=0.0025,FLAG)",2,318.89703369140625,-55.3131103515625,12.809906005859375,0.8438501358032227,1.015313744544983,42.292557054686036,0.0,,,UCAC4 174-207204,*,,UNEXPLAINED,cenotaph+tailings@0.05
gaia:6563784697825814272,"tailings(score=8.76,pct=0.0123,FLAG); cenotaph(score=1.94,pct=0.0306)",2,323.82720947265625,-46.25960922241211,12.489567756652832,0.9346370697021484,0.9660478830337524,47.127598019781196,0.0,,,,,,UNEXPLAINED,cenotaph+tailings@0.05
gaia:6563838062795002880,"tailings(score=6.6,pct=0.0305); ignition(score=-1.09,pct=0.6990); cenotaph(score=1.86,pct=0.0353)",3,323.60699462890625,-46.010887145996094,12.797001838684082,0.9379558563232422,0.9345502853393555,47.0146820762923,0.0,0.0,,,,,UNEXPLAINED,cenotaph+tailings@0.05
gaia:6579936837171329536,"tailings(score=9.45,pct=0.0094,FLAG); cenotaph(score=1.69,pct=0.0466)",2,319.02325439453125,-43.65355682373047,12.228245735168457,0.7909584045410156,1.1207741498947144,44.00683554654966,0.0,,,,,,UNEXPLAINED,cenotaph+tailings@0.05
gaia:6736735540411894784,"tailings(score=13.3,pct=0.0028); cenotaph(score=1.77,pct=0.0410)",2,279.96380615234375,-32.17094421386719,11.515912055969238,0.8064985275268555,0.6609074473381042,11.813711031062178,0.0,,,,,,UNEXPLAINED,cenotaph+tailings@0.05
gaia:6832028121543314304,"tailings(score=6.02,pct=0.0396,FLAG); cenotaph(score=1.66,pct=0.0498)",2,318.03179931640625,-21.20775032043457,12.109929084777832,0.8470134735107422,0.9531686305999756,40.00829860137124,1.0,,,,,,UNEXPLAINED,cenotaph+tailings@0.05
gaia:705363303655802752,"tailings(score=9.54,pct=0.0091,FLAG); cenotaph(score=2.44,pct=0.0132)",2,131.935086,29.608719,12.699564933776855,0.8123903274536133,0.9148030281066895,36.964153749634185,0.0,,,,,,UNEXPLAINED,cenotaph+tailings@0.05
gaia:78077214041736192,"tailings(score=6.92,pct=0.0260,FLAG); ignition(score=-1.41,pct=0.7828); cenotaph(score=2.22,pct=0.0192)",3,28.921995,14.630244,12.250564575195312,0.8315410614013672,1.2189836502075195,45.42565572259884,0.0,0.0,,,,,UNEXPLAINED,cenotaph+tailings@0.05
gaia:787592312265805952,"tailings(score=6.66,pct=0.0296,FLAG); cenotaph(score=1.7,pct=0.0461)",2,176.986779,48.597622,12.2865629196167,0.8465938568115234,1.0323808193206787,65.25388437418154,0.0,,,,,,UNEXPLAINED,cenotaph+tailings@0.05
gaia:791586975443778304,"tailings(score=7.94,pct=0.0170); ignition(score=-0.16,pct=0.3954); cenotaph(score=2.51,pct=0.0118)",3,173.754047,50.332081,12.87224292755127,1.2327814102172852,1.0050297975540161,62.60010066903461,0.0,0.0,,,,,UNEXPLAINED,cenotaph+tailings@0.05
gaia:798672090933839360,"tailings(score=6.96,pct=0.0255); cenotaph(score=3.61,pct=0.0022,FLAG)",2,141.085321,35.985561,12.955741882324219,1.3243780136108398,1.0802438259124756,45.52268706147094,0.0,,,,,,UNEXPLAINED,cenotaph+tailings@0.05
gaia:821729670104944000,"tailings(score=6.81,pct=0.0276,FLAG); cenotaph(score=2.89,pct=0.0065)",2,146.361196,46.875721,11.839749336242676,0.8591938018798828,1.0162137746810913,48.72960670303502,1.0,,,,,,UNEXPLAINED,cenotaph+tailings@0.05
gaia:831115621058071424,"tailings(score=6.68,pct=0.0293,FLAG); cenotaph(score=1.85,pct=0.0360)",2,163.878926,46.656296,12.369261741638184,0.8233213424682617,1.0530792474746704,59.99573446636061,0.0,,,,,,UNEXPLAINED,cenotaph+tailings@0.05
gaia:840585302385165312,"tailings(score=6.6,pct=0.0305,FLAG); ignition(score=-0.0733,pct=0.3667); cenotaph(score=2.2,pct=0.0200)",3,177.195072,53.826984,12.77352237701416,0.9299278259277344,0.9649487137794495,60.9117277957967,0.0,0.0,,,,,UNEXPLAINED,cenotaph+tailings@0.05
gaia:873622740581374848,"tailings(score=5.88,pct=0.0423); ignition(score=-0.245,pct=0.4237); cenotaph(score=2.25,pct=0.0185)",3,112.871532,29.467937,12.633011817932129,1.2649269104003906,1.0176490545272827,21.04045911522519,0.0,0.0,,,,,UNEXPLAINED,cenotaph+tailings@0.05
gaia:880675626638530048,"tailings(score=5.55,pct=0.0495); cenotaph(score=2.86,pct=0.0068)",2,118.612637,31.345257,12.807207107543945,1.4105844497680664,1.1198598146438599,26.331259356391534,0.0,,,,,,UNEXPLAINED,cenotaph+tailings@0.05
gaia:923147351340638336,"tailings(score=12.1,pct=0.0039); cenotaph(score=1.81,pct=0.0384)",2,120.713958,44.23753,11.850142478942871,0.6948614120483398,0.919061005115509,30.904548903240208,0.0,,,,,,UNEXPLAINED,cenotaph+tailings@0.05
gaia:925740416371583744,"tailings(score=6.89,pct=0.0264,FLAG); cenotaph(score=1.7,pct=0.0461)",2,118.174425,43.517841,12.177596092224121,0.9107742309570312,0.9632697105407715,28.976004783044477,0.0,,,,,,UNEXPLAINED,cenotaph+tailings@0.05
pos:ztf:574215300008634,"dimming_secular(score=3.63,pct=0.0207); tailings(score=10.5,pct=0.0064); dimming_dip(score=0.711,pct=0.0044)",3,171.8213969,20.9813559,,,,69.86085691477165,,,,,,,UNEXPLAINED,dimming_dip+tailings@0.01;dimming_dip+tailings@0.05;dimming_secular+tailings@0.05
pos:ztf:619211300002021,"dimming_secular(score=2.91,pct=0.0413); tailings(score=6.35,pct=0.0343); dimming_dip(score=0.381,pct=0.1195)",3,141.727767,26.8518864,,,,44.76808875164704,,,,,,,UNEXPLAINED,dimming_secular+tailings@0.05
gaia:1557054841712790784,"tailings(score=20,pct=0.0006); ignition(score=4.1,pct=0.0007)",2,198.097725,51.821159,12.013138,1.3569269,0.89953387,64.99385203405197,,0.0,,TYC 3462-2453-1,PM*,,UNEXPLAINED,ignition+tailings@0.01;ignition+tailings@0.05
gaia:2262403645557872000,"tailings(score=17.6,pct=0.0009); ignition(score=3.74,pct=0.0009); cradle(score=-inf,pct=26.0039)",3,286.188287,70.108147,11.11791,0.8641405,0.9522748,24.279924355596837,0.0,0.0,,RX J1904.7+7006,*,,UNEXPLAINED,ignition+tailings@0.01;ignition+tailings@0.05
gaia:1649107363939137408,"tailings(score=6.88,pct=0.0265); ignition(score=1.76,pct=0.0257); cenotaph(score=-4.98,pct=0.9891); cradle(score=-inf,pct=26.0039)",4,255.270466,69.488647,9.591272354125977,0.8035373687744141,1.1451091766357422,34.854858066280045,0.0,0.0,,BD+69   887,PM*,,UNEXPLAINED,ignition+tailings@0.05
gaia:1656035111828056448,"tailings(score=6.61,pct=0.0303); ignition(score=2.19,pct=0.0106); cenotaph(score=0.102,pct=0.4387)",3,265.039954,75.701248,10.466146469116211,0.7275867462158203,1.0632755756378174,30.605453491059592,0.0,0.0,,TYC 4569-887-1,*,,UNEXPLAINED,ignition+tailings@0.05
gaia:1656169733282918016,"tailings(score=7.72,pct=0.0187,FLAG); ignition(score=1.52,pct=0.0410); cenotaph(score=-0.846,pct=0.7674)",3,268.003796,76.298271,10.433037757873535,0.8713293075561523,0.9388680458068848,29.8054025768147,0.0,0.0,,TYC 4569-1224-1,PM*,,UNEXPLAINED,ignition+tailings@0.05
gaia:2584323676460095872,"tailings(score=11,pct=0.0055,FLAG); ignition(score=1.57,pct=0.0369)",2,14.381406,12.173279,13.392159,1.0901537,1.0457444,50.670715590932446,,0.0,,UCAC4 511-001452,*,,UNEXPLAINED,ignition+tailings@0.05
gaia:2588186913643455616,"tailings(score=7.94,pct=0.0171,FLAG); ignition(score=1.77,pct=0.0252); cenotaph(score=1.13,pct=0.1175)",3,25.83064,14.214821,10.714876174926758,0.8796749114990234,0.8781914710998535,46.78198851935615,1.0,0.0,,TYC  628-81-1,*,,UNEXPLAINED,ignition+tailings@0.05
gaia:3314004947508111488,"tailings(score=8.63,pct=0.0129,FLAG); ignition(score=1.64,pct=0.0325); cenotaph(score=-1.5,pct=0.8851)",3,66.16896057128906,17.64702796936035,10.267716407775879,0.8931398391723633,1.1567891836166382,21.62345469700162,0.0,0.0,,HD 285725,PM*,,UNEXPLAINED,ignition+tailings@0.05
gaia:370022122725268992,"tailings(score=5.94,pct=0.0411); ignition(score=2.76,pct=0.0034)",2,18.707268,38.29607,14.37591,1.4094868,1.0289721,24.34688009209457,,0.0,,,,,UNEXPLAINED,ignition+tailings@0.05
gaia:37589244536949888,"tailings(score=6.89,pct=0.0264); ignition(score=3.24,pct=0.0016)",2,55.080427,12.337963,12.225344,1.4832392,1.0975293,33.12263583224673,,0.0,,,,,UNEXPLAINED,ignition+tailings@0.05
gaia:4627959172772276992,"tailings(score=6.17,pct=0.0372); ignition(score=2.31,pct=0.0082); cenotaph(score=-0.451,pct=0.6500)",3,62.257625579833984,-76.21221923828125,10.745981216430664,0.906498908996582,0.9971942901611328,35.51274699199619,0.0,0.0,,TYC 9364-1194-1,PM*,,UNEXPLAINED,ignition+tailings@0.05
gaia:4766998839078958336,"tailings(score=7.57,pct=0.0200); ignition(score=1.58,pct=0.0366)",2,83.21666717529297,-55.25208282470703,11.358696,0.9506912,0.9172323,33.03741482582222,,0.0,,TYC 8522-197-1,PM*,,UNEXPLAINED,ignition+tailings@0.05
gaia:5485723373675747200,"tailings(score=6.61,pct=0.0303); ignition(score=1.98,pct=0.0165)",2,108.284398,-58.959305,10.925703,0.7903042,1.2752218,20.32230026086873,,0.0,,TYC 8562-637-1,*,,UNEXPLAINED,ignition+tailings@0.05
gaia:702978845189260800,"tailings(score=9.86,pct=0.0081); ignition(score=2.11,pct=0.0126); cenotaph(score=-2.64,pct=0.9580)",3,128.762434,26.462219,11.366419792175293,0.7932281494140625,0.9304282069206238,33.45249561386456,2.0,0.0,,,,,UNEXPLAINED,ignition+tailings@0.05
gaia:709369206770258048,"tailings(score=7.09,pct=0.0241,FLAG); ignition(score=1.46,pct=0.0452); cenotaph(score=0.373,pct=0.3325)",3,129.915826,30.79236,10.895861625671387,0.7846212387084961,1.0475987195968628,35.534129287812284,0.0,0.0,,,,,UNEXPLAINED,ignition+tailings@0.05
gaia:776939311601097728,"tailings(score=6.26,pct=0.0356); ignition(score=1.81,pct=0.0236); cenotaph(score=0.685,pct=0.2266)",3,166.298448,39.68755,11.106629371643066,0.8096580505371094,1.3095791339874268,64.66057588383529,65.0,0.0,ipd_frac_multi_peak>2 (resolved double in the IPD),,,,SYSTEMATIC:ipd_frac_multi_peak>2 (resolved double in the IPD),ignition+tailings@0.05
gaia:781954424653326848,"tailings(score=5.7,pct=0.0461,FLAG); ignition(score=1.55,pct=0.0382); cenotaph(score=0.256,pct=0.3775)",3,165.953466,43.921616,12.392141342163086,0.8628969192504883,1.1118847131729126,62.61794117510658,0.0,0.0,,,,,UNEXPLAINED,ignition+tailings@0.05
gaia:775465381904069760,"ignition(score=2.56,pct=0.0050); cenotaph(score=3,pct=0.0054,FLAG)",2,163.858781923006,38.064006806240194,11.71645450592041,0.6819305419921875,1.0079755783081055,63.3779006467,0.0,0.0,,,,,UNEXPLAINED,cenotaph+ignition@0.01;cenotaph+ignition@0.05
gaia:1000030908071852416,"ignition(score=1.54,pct=0.0388); cenotaph(score=1.89,pct=0.0335)",2,104.0693764728085,55.87470712915159,12.068891525268555,0.8126983642578125,1.0991661548614502,22.830840762461502,0.0,0.0,,,,,UNEXPLAINED,cenotaph+ignition@0.05
gaia:1001379429020584448,"ignition(score=3.06,pct=0.0021); cenotaph(score=2.54,pct=0.0113)",2,99.40891670463772,57.97533592913597,12.997600555419922,1.3584423065185547,1.091853141784668,20.988893774548945,0.0,0.0,,,,,UNEXPLAINED,cenotaph+ignition@0.05
gaia:1013998420892526592,"ignition(score=1.88,pct=0.0202); cenotaph(score=1.89,pct=0.0333)",2,133.3135002299801,47.70220165386069,12.282647132873535,1.254007339477539,0.9507591724395752,39.854959905648776,0.0,0.0,,,,,UNEXPLAINED,cenotaph+ignition@0.05
gaia:1038094115135338752,"ignition(score=1.95,pct=0.0175); cenotaph(score=1.67,pct=0.0489)",2,139.20820946642402,57.77329634541379,12.940884590148926,1.3319854736328125,1.1266709566116333,41.83859070330784,0.0,0.0,,,,,UNEXPLAINED,cenotaph+ignition@0.05
gaia:1054161347271597568,"ignition(score=1.87,pct=0.0207); cenotaph(score=2.06,pct=0.0250)",2,162.81439713228042,61.71593168311709,10.083499908447266,0.6252412796020508,1.3206168413162231,50.04895259263118,0.0,0.0,,BD+62  1147,*,,UNEXPLAINED,cenotaph+ignition@0.05
gaia:1077769545547349504,"ignition(score=4.55,pct=0.0005); cenotaph(score=1.69,pct=0.0466)",2,151.36513110355514,71.78686758659788,12.502437591552734,2.0507278442382812,1.380995273590088,39.90324052978492,0.0,0.0,,2MASS J10052787+7147127,PM*,,UNEXPLAINED,cenotaph+ignition@0.05
gaia:10838573309775744,"ignition(score=1.99,pct=0.0161); cenotaph(score=1.72,pct=0.0447)",2,51.34616628788522,7.881809857762807,11.88879680633545,0.9185276031494141,1.0016463994979858,38.868153855256516,0.0,0.0,,,,,UNEXPLAINED,cenotaph+ignition@0.05
gaia:1094944054613614720,"ignition(score=1.43,pct=0.0478); cenotaph(score=1.73,pct=0.0440)",2,121.42253630930922,65.18118814817853,12.340012550354004,1.146505355834961,1.1915687322616577,32.19450820312118,0.0,0.0,,,,,UNEXPLAINED,cenotaph+ignition@0.05
gaia:1099544411263165824,"ignition(score=1.7,pct=0.0291); cenotaph(score=1.79,pct=0.0400)",2,107.17553715376212,62.935756113682366,9.80073356628418,0.6107883453369141,0.907486617565155,25.88249092088839,0.0,0.0,,TYC 4115-1607-1,*,,UNEXPLAINED,cenotaph+ignition@0.05
gaia:1104376386910290176,"ignition(score=1.91,pct=0.0192); cenotaph(score=1.67,pct=0.0487)",2,98.3638113594298,66.7117794963241,10.802544593811035,0.82928466796875,1.0618878602981567,23.0325155675398,0.0,0.0,,TYC 4108-360-1,*,,UNEXPLAINED,cenotaph+ignition@0.05
gaia:1138935686638328576,"ignition(score=1.71,pct=0.0283); cenotaph(score=3.15,pct=0.0043,FLAG)",2,122.03265713584452,79.19482583155379,10.786416053771973,0.6888265609741211,0.9007548689842224,30.17850797788497,0.0,0.0,,TYC 4543-2535-1,*,,UNEXPLAINED,cenotaph+ignition@0.05
gaia:1171631692114042240,"ignition(score=1.67,pct=0.0308); cenotaph(score=1.98,pct=0.0286)",2,220.79976444098304,6.958128766811694,10.461626052856445,0.7462377548217773,1.0527637004852295,56.68846175771552,0.0,0.0,,BD+07  2831,PM*,,UNEXPLAINED,cenotaph+ignition@0.05
gaia:1335693734810016000,"ignition(score=2.13,pct=0.0121); cenotaph(score=2.28,pct=0.0174)",2,260.3319033192103,34.287036810151314,9.712657928466797,0.6730203628540039,1.0362838506698608,32.58834918629176,0.0,0.0,,BD+34  2950,PM*,,UNEXPLAINED,cenotaph+ignition@0.05
gaia:1338459113930564480,"ignition(score=1.67,pct=0.0308); cenotaph(score=2.01,pct=0.0273)",2,257.1179926255471,35.630628069378886,11.123824119567871,0.6864223480224609,0.9873225092887878,35.43689296897201,0.0,0.0,,TYC 2603-53-1,*,,UNEXPLAINED,cenotaph+ignition@0.05
gaia:1340186549774902400,"ignition(score=2,pct=0.0160); cenotaph(score=2.03,pct=0.0263)",2,257.8085807736905,37.14562144174501,11.98835277557373,1.0153207778930664,0.9601626992225647,35.150369304896024,0.0,0.0,,,,,UNEXPLAINED,cenotaph+ignition@0.05
gaia:1383946386709817216,"tailings(score=2.64,pct=0.2970); ignition(score=1.43,pct=0.0477); cenotaph(score=1.71,pct=0.0455)",3,238.102357,41.687862,11.33879280090332,0.7408685684204102,0.9460300207138062,50.464130695469315,0.0,0.0,,TYC 3057-1444-1,*,,UNEXPLAINED,cenotaph+ignition@0.05
gaia:142907271473579008,"ignition(score=2.22,pct=0.0100); cenotaph(score=1.78,pct=0.0405)",2,46.46324766416026,39.47541103810696,12.566873550415039,1.3522682189941406,1.0832358598709106,16.396598408233043,0.0,0.0,,,,,UNEXPLAINED,cenotaph+ignition@0.05
gaia:1465845885422313600,"tailings(score=3.52,pct=0.1505); ignition(score=1.41,pct=0.0496); cenotaph(score=2.53,pct=0.0113)",3,194.443304,32.240097,12.02861213684082,0.8249063491821289,0.9779164791107178,84.70644167745834,0.0,0.0,,TYC 2532-1685-1,PM*,,UNEXPLAINED,cenotaph+ignition@0.05
gaia:1520110701262890624,"ignition(score=1.64,pct=0.0329); cenotaph(score=2.27,pct=0.0177)",2,191.9357293410892,36.59694917585821,12.152609825134277,1.4485502243041992,1.0658808946609497,80.49901520063112,0.0,0.0,,,,,UNEXPLAINED,cenotaph+ignition@0.05
gaia:1521943174829496192,"tailings(score=2.06,pct=0.5005); ignition(score=1.45,pct=0.0466); cenotaph(score=1.88,pct=0.0339)",3,190.47835,39.723938,11.980836868286133,0.9356021881103516,1.0251215696334839,77.24995590834308,0.0,0.0,,NGP 40 141,PM*,,UNEXPLAINED,cenotaph+ignition@0.05
gaia:1531808199312686720,"tailings(score=4.22,pct=0.0971); ignition(score=2.07,pct=0.0137); cenotaph(score=3.18,pct=0.0041,FLAG)",3,186.892533,37.575478,10.241822242736816,0.6852817535400391,1.1232072114944458,78.40726141322394,0.0,0.0,,BD+38  2338,PM*,,UNEXPLAINED,cenotaph+ignition@0.05
gaia:1537114545507342208,"ignition(score=1.98,pct=0.0166); cenotaph(score=2.81,pct=0.0072)",2,181.85725241047453,42.22600400977469,10.273911476135254,0.6564455032348633,0.8639422059059143,72.4339417587848,12.0,0.0,ipd_frac_multi_peak>2 (resolved double in the IPD),TYC 3019-646-1,*,,SYSTEMATIC:ipd_frac_multi_peak>2 (resolved double in the IPD),cenotaph+ignition@0.05
gaia:1581586969056512000,"ignition(score=1.89,pct=0.0199); cenotaph(score=2.49,pct=0.0122)",2,187.57380206993537,60.85213271129091,11.134821891784668,0.7462558746337891,0.9012603759765625,56.086364401046005,1.0,0.0,,TYC 4155-617-1,*,,UNEXPLAINED,cenotaph+ignition@0.05
gaia:1611431700364781056,"tailings(score=1.58,pct=0.7475); ignition(score=1.63,pct=0.0334); cenotaph(score=1.81,pct=0.0383)",3,215.369212,57.767002,12.421642303466797,1.128382682800293,1.0077083110809326,55.510834853034766,0.0,0.0,,2MASS J14212861+5746012,*,,UNEXPLAINED,cenotaph+ignition@0.05
gaia:1637211885076967936,"ignition(score=2.1,pct=0.0128); cenotaph(score=2.35,pct=0.0155)",2,262.5059323077204,67.59205514553011,10.905097961425781,0.8131141662597656,1.005784511566162,32.65324109117353,0.0,0.0,,TYC 4421-2283-1,PM*,,UNEXPLAINED,cenotaph+ignition@0.05
gaia:1687154761227199488,"ignition(score=1.72,pct=0.0279); cenotaph(score=1.78,pct=0.0405)",2,202.9212827915761,72.16155197036903,12.415521621704102,0.7768611907958984,1.2105287313461304,44.62813093435951,0.0,0.0,,TYC 4405-1564-1,*,,UNEXPLAINED,cenotaph+ignition@0.05
gaia:2120508508899473024,"ignition(score=1.92,pct=0.0188); cenotaph(score=1.93,pct=0.0312)",2,277.75895668436124,48.61948748927417,11.156390190124512,0.6875333786010742,0.8326259255409241,23.231413907882168,0.0,0.0,,TYC 3530-2254-1,*,,UNEXPLAINED,cenotaph+ignition@0.05
gaia:222323145219132544,"ignition(score=1.58,pct=0.0366); cenotaph(score=2.2,pct=0.0198)",2,51.701346366431885,36.5631505309069,11.135697364807129,0.8706197738647461,1.1129708290100098,16.56724035375617,0.0,0.0,,,,,UNEXPLAINED,cenotaph+ignition@0.05
gaia:2289542203874035328,"ignition(score=1.69,pct=0.0296); cenotaph(score=1.89,pct=0.0333)",2,296.00589207575,75.77246398231276,12.343897819519043,0.8426685333251953,1.266703486442566,23.09447255171258,0.0,0.0,,,,,UNEXPLAINED,cenotaph+ignition@0.05
gaia:2294021231990541184,"ignition(score=1.7,pct=0.0290); cenotaph(score=2.46,pct=0.0127)",2,281.2804297975239,78.3314828230602,12.58951187133789,0.8781824111938477,1.0564755201339722,26.84128433149934,1.0,0.0,,,,,UNEXPLAINED,cenotaph+ignition@0.05
gaia:2506977259693951616,"ignition(score=2.65,pct=0.0042); cenotaph(score=2.25,pct=0.0182)",2,33.02114513975733,-0.3164075202071723,12.641530990600586,1.923095703125,1.2303217649459839,56.92515114644149,0.0,0.0,,UCAC4 449-002770,PM*,,UNEXPLAINED,cenotaph+ignition@0.05
gaia:2516769780833827968,"ignition(score=1.95,pct=0.0176); cenotaph(score=1.97,pct=0.0292)",2,34.03756136990428,4.929903182142595,11.740674018859863,1.1181535720825195,1.0326935052871704,51.964039526563894,0.0,0.0,,,,,UNEXPLAINED,cenotaph+ignition@0.05
gaia:2568768812447297920,"ignition(score=1.94,pct=0.0177); cenotaph(score=1.79,pct=0.0397)",2,28.14804223340112,7.579952440496525,10.664029121398926,0.8443508148193359,0.959926962852478,52.264184762112485,0.0,0.0,,TYC  623-420-1,*,,UNEXPLAINED,cenotaph+ignition@0.05
gaia:2573904085800011648,"ignition(score=2.13,pct=0.0123); cenotaph(score=2.04,pct=0.0259)",2,27.794832390660723,10.2301886560894,12.016687393188477,1.7984142303466797,1.1547480821609497,49.930724009626026,0.0,0.0,,,,,UNEXPLAINED,cenotaph+ignition@0.05
gaia:2598317156651909504,"tailings(score=1.52,pct=0.7831); ignition(score=1.57,pct=0.0373); cenotaph(score=2.93,pct=0.0060)",3,339.53607177734375,-13.515055656433105,12.063885688781738,0.9927244186401367,1.1295967102050781,56.060720254138204,0.0,0.0,,UCAC4 383-164488,*,,UNEXPLAINED,cenotaph+ignition@0.05
gaia:2671109499334427648,"ignition(score=2.22,pct=0.0100); cenotaph(score=2.02,pct=0.0270)",2,323.95581749326806,-5.245869892245611,9.5198335647583,0.6600742340087891,1.0631107091903687,38.62741638797569,0.0,0.0,,HD 205500,*,,UNEXPLAINED,cenotaph+ignition@0.05
gaia:2697548394591284992,"ignition(score=1.41,pct=0.0495); cenotaph(score=2.25,pct=0.0183)",2,328.97833926359925,6.492391048060571,11.382868766784668,0.7345027923583984,1.0933529138565063,35.860404643460406,0.0,0.0,,TYC  557-122-1,*,,UNEXPLAINED,cenotaph+ignition@0.05
gaia:2892851174701611520,"ignition(score=1.93,pct=0.0182); cenotaph(score=2.86,pct=0.0068)",2,93.53106196086712,-32.356292256050644,12.554295539855957,0.8663883209228516,0.9318036437034607,21.462804612330203,0.0,0.0,,,,,UNEXPLAINED,cenotaph+ignition@0.05
gaia:2893531905540963712,"ignition(score=2.24,pct=0.0097); cenotaph(score=2.44,pct=0.0132)",2,95.7007869288934,-30.44841111330001,11.84637451171875,0.7978115081787109,0.9879000186920166,19.067875128972258,1.0,0.0,,TYC 7073-1106-1,*,,UNEXPLAINED,cenotaph+ignition@0.05
gaia:2915353401718894848,"ignition(score=1.43,pct=0.0482); cenotaph(score=2.52,pct=0.0115)",2,85.34300849344915,-24.310285048819814,12.658256530761719,1.0640058517456055,0.9687198996543884,25.584067970493606,0.0,0.0,,,,,UNEXPLAINED,cenotaph+ignition@0.05
gaia:2962267535652797440,"ignition(score=1.57,pct=0.0372); cenotaph(score=1.89,pct=0.0330)",2,77.23946065244682,-22.92272472376405,13.277520179748535,1.616729736328125,1.013088583946228,32.14356864033226,0.0,0.0,,,,,UNEXPLAINED,cenotaph+ignition@0.05
gaia:2970358291964251776,"ignition(score=2.33,pct=0.0078); cenotaph(score=1.85,pct=0.0356)",2,84.44733146833039,-18.216832725949068,12.223103523254395,1.5331964492797852,1.0760082006454468,24.17726125807278,0.0,0.0,,RAVE J053747.4-181301,*,,UNEXPLAINED,cenotaph+ignition@0.05
gaia:3013337445579766912,"ignition(score=1.49,pct=0.0429); cenotaph(score=2.47,pct=0.0125)",2,81.55513298952778,-10.595650438714635,12.932299613952637,1.2803020477294922,0.8941723108291626,23.68346924639336,0.0,0.0,,,,,UNEXPLAINED,cenotaph+ignition@0.05
gaia:310429279694149632,"ignition(score=1.42,pct=0.0485); cenotaph(score=2.56,pct=0.0108)",2,19.9410120376882,31.60660143974908,12.662107467651367,0.8654270172119141,1.0257450342178345,30.878364880453304,0.0,0.0,,,,,UNEXPLAINED,cenotaph+ignition@0.05
gaia:3189535627039276032,"ignition(score=1.5,pct=0.0422); cenotaph(score=2.08,pct=0.0242)",2,63.25727189036319,-11.912443189067435,12.701753616333008,0.9245519638061523,1.1286834478378296,40.48364628675399,0.0,0.0,,,,,UNEXPLAINED,cenotaph+ignition@0.05
gaia:3192890752409564288,"ignition(score=2.17,pct=0.0112); cenotaph(score=1.85,pct=0.0356)",2,64.04763743722059,-8.075467938465794,10.86189079284668,0.8417015075683594,1.122010588645935,38.04915472170733,14.0,0.0,ipd_frac_multi_peak>2 (resolved double in the IPD),TYC 5313-431-1,*,,SYSTEMATIC:ipd_frac_multi_peak>2 (resolved double in the IPD),cenotaph+ignition@0.05
gaia:3252386323023791872,"ignition(score=2.25,pct=0.0092); cenotaph(score=1.89,pct=0.0330)",2,63.73819501844454,-2.429913731605421,12.873875617980957,1.2953310012817383,0.9071555733680725,35.477133914016704,0.0,0.0,,UCAC4 438-006090,*,,UNEXPLAINED,cenotaph+ignition@0.05
gaia:3302199078844538368,"ignition(score=1.45,pct=0.0460); cenotaph(score=1.76,pct=0.0415)",2,60.05922056869366,10.034686788037725,12.818614959716797,1.0720281600952148,1.0622689723968506,31.063958022178547,1.0,0.0,,,,,UNEXPLAINED,cenotaph+ignition@0.05
gaia:3307256797971421184,"ignition(score=1.44,pct=0.0473); cenotaph(score=2.19,pct=0.0201)",2,66.40854588098662,12.774329785609336,12.441597938537598,1.121826171875,1.0110150575637817,24.51056972512325,0.0,0.0,,,,,UNEXPLAINED,cenotaph+ignition@0.05
gaia:335791332159134720,"ignition(score=1.66,pct=0.0313); cenotaph(score=1.81,pct=0.0381)",2,42.88896693312174,40.692611149719,12.057687759399414,0.8543405532836914,1.05673086643219,16.673836508478395,0.0,0.0,,,,,UNEXPLAINED,cenotaph+ignition@0.05
gaia:350235242754091392,"ignition(score=1.49,pct=0.0432); cenotaph(score=1.69,pct=0.0471)",2,25.63481536713613,44.08983076843766,10.367992401123047,0.6735754013061523,1.1465306282043457,17.82690883617301,0.0,0.0,,,,,UNEXPLAINED,cenotaph+ignition@0.05
gaia:3561750858847883648,"ignition(score=1.44,pct=0.0474); cenotaph(score=1.82,pct=0.0373)",2,170.1622945017851,-13.760792516828085,12.406192779541016,1.2342596054077148,0.9027193188667297,43.55366135937714,0.0,0.0,,,,,UNEXPLAINED,cenotaph+ignition@0.05
gaia:3564744863369781632,"ignition(score=1.44,pct=0.0476); cenotaph(score=1.68,pct=0.0481)",2,169.4008227816671,-13.7230244588888,10.12917709350586,0.7616109848022461,0.8537857532501221,43.23168649607822,0.0,0.0,,BD-12  3389,*,,UNEXPLAINED,cenotaph+ignition@0.05
gaia:3810039512320160256,"ignition(score=1.45,pct=0.0464); cenotaph(score=1.83,pct=0.0369)",2,163.24284251869807,4.620912179835046,12.158148765563965,0.9205169677734375,0.9459956288337708,53.89445171609317,0.0,0.0,,TYC  258-560-1,PM*,,UNEXPLAINED,cenotaph+ignition@0.05
gaia:3846869372279407104,"tailings(score=2.37,pct=0.3788); ignition(score=1.75,pct=0.0259); cenotaph(score=2.68,pct=0.0089)",3,147.84767,2.393129,11.981771469116211,0.8906745910644531,1.1950727701187134,40.36677058557105,0.0,0.0,,TYC  237-1425-1,*,,UNEXPLAINED,cenotaph+ignition@0.05
gaia:3871283753096037888,"ignition(score=1.98,pct=0.0167); cenotaph(score=3.58,pct=0.0023,FLAG)",2,162.93761553061455,10.977258697180316,10.861655235290527,0.6154308319091797,0.91387939453125,57.57274069328164,0.0,0.0,,TYC  849-304-1,*,,UNEXPLAINED,cenotaph+ignition@0.05
gaia:3873036859962233344,"ignition(score=1.6,pct=0.0354); cenotaph(score=2.81,pct=0.0072)",2,163.08314106885436,13.835890929194772,10.394979476928711,0.728266716003418,1.126590609550476,59.21729310635985,0.0,0.0,,TYC  852-858-1,*,,UNEXPLAINED,cenotaph+ignition@0.05
gaia:3882514680257895168,"ignition(score=1.91,pct=0.0192); cenotaph(score=1.78,pct=0.0403)",2,156.6830919495008,11.164780036772928,12.497821807861328,1.1802167892456055,1.1497317552566528,52.475989782502936,0.0,0.0,,,,,UNEXPLAINED,cenotaph+ignition@0.05
gaia:3883500912123698304,"ignition(score=1.63,pct=0.0334); cenotaph(score=1.84,pct=0.0366)",2,156.62425980029687,12.4199167146302,9.862127304077148,0.7052192687988281,0.8193690180778503,53.047365738529535,0.0,0.0,,TYC  841-29-1,*,,UNEXPLAINED,cenotaph+ignition@0.05
gaia:3883587666167860608,"ignition(score=1.67,pct=0.0306); cenotaph(score=2.88,pct=0.0066)",2,155.04829564436,11.92722875278221,12.115007400512695,0.8275880813598633,0.9690528512001038,51.46061662311632,0.0,0.0,,,,,UNEXPLAINED,cenotaph+ignition@0.05
gaia:3887211656492755712,"ignition(score=1.99,pct=0.0161); cenotaph(score=1.69,pct=0.0469)",2,156.4626105605076,13.76861559838636,10.941295623779297,0.7162961959838867,0.8948552012443542,53.54409437601872,0.0,0.0,,TYC  844-914-1,*,,UNEXPLAINED,cenotaph+ignition@0.05
gaia:3918481187366291200,"ignition(score=2.32,pct=0.0080); cenotaph(score=2.07,pct=0.0245)",2,179.56157557556338,11.010883025130818,10.01363754272461,0.7541046142578125,1.1427431106567383,69.59825105000725,0.0,0.0,,BD+11  2416,PM*,,UNEXPLAINED,cenotaph+ignition@0.05
gaia:3923576942725178752,"ignition(score=1.57,pct=0.0368); cenotaph(score=1.97,pct=0.0292)",2,177.52438498345222,14.530279845391712,10.691549301147461,0.6302528381347656,1.0613449811935425,70.95288264597885,0.0,0.0,,TYC  870-219-1,*,,UNEXPLAINED,cenotaph+ignition@0.05
gaia:4000112641464733056,"ignition(score=1.45,pct=0.0461); cenotaph(score=3.35,pct=0.0032,FLAG)",2,180.2882730965866,21.772572904271644,11.638738632202148,0.8800783157348633,1.1787962913513184,77.37466024560746,0.0,0.0,,TYC 1444-1613-1,PM*,,UNEXPLAINED,cenotaph+ignition@0.05
gaia:4032919762039554816,"ignition(score=1.61,pct=0.0346); cenotaph(score=1.83,pct=0.0372)",2,177.00693244088447,38.01750665843027,11.39973258972168,0.7828359603881836,0.9220870733261108,72.8095889377844,0.0,0.0,,TYC 3014-49-1,*,,UNEXPLAINED,cenotaph+ignition@0.05
gaia:4336517054437923328,"ignition(score=1.83,pct=0.0224); cenotaph(score=2.17,pct=0.0208)",2,255.8840653719813,-8.770136500936708,12.782716751098633,1.6161317825317383,0.9774182438850403,19.23609243037386,1.0,0.0,,,,,UNEXPLAINED,cenotaph+ignition@0.05
gaia:4356452437204771968,"ignition(score=1.73,pct=0.0272); cenotaph(score=2.33,pct=0.0160)",2,243.0275390580203,-4.647293064512235,10.866687774658203,0.9728384017944336,0.8591375350952148,32.09010667720638,0.0,0.0,,BD-04  4065,PM*,,UNEXPLAINED,cenotaph+ignition@0.05
gaia:4373918140749319424,"ignition(score=1.75,pct=0.0264); cenotaph(score=2.63,pct=0.0096)",2,261.8766291020576,-0.0651545299219903,12.713102340698242,1.187575340270996,0.9969004392623901,18.55263679319633,0.0,0.0,,,,,UNEXPLAINED,cenotaph+ignition@0.05
gaia:4421763698470227968,"ignition(score=1.5,pct=0.0421); cenotaph(score=2.07,pct=0.0248)",2,228.32388988868064,2.2422230889280548,11.191125869750977,0.8422298431396484,0.9009168744087219,47.91565278515672,0.0,0.0,,TYC  339-408-1,*,,UNEXPLAINED,cenotaph+ignition@0.05
gaia:4437965418921653376,"ignition(score=1.51,pct=0.0419); cenotaph(score=2.49,pct=0.0121)",2,244.96649212807768,5.917218802939158,12.861387252807617,1.0072412490844727,0.9806456565856934,36.20784136930635,1.0,0.0,,,,,UNEXPLAINED,cenotaph+ignition@0.05
gaia:4489365629014193024,"ignition(score=1.42,pct=0.0491); cenotaph(score=1.98,pct=0.0289)",2,265.23556924969864,9.92551164733968,12.043578147888184,1.3743915557861328,1.0547003746032715,20.122189745134314,0.0,0.0,,,,,UNEXPLAINED,cenotaph+ignition@0.05
gaia:4555500016474402688,"ignition(score=1.89,pct=0.0201); cenotaph(score=2.31,pct=0.0164)",2,264.4373884262023,20.260827286672736,9.858957290649414,0.6694927215576172,1.140317678451538,24.9452479286239,0.0,0.0,,BD+20  3532,*,,UNEXPLAINED,cenotaph+ignition@0.05
gaia:4562687627063152000,"ignition(score=1.58,pct=0.0365); cenotaph(score=1.75,pct=0.0426)",2,250.418453255658,19.1295946644588,12.65286636352539,1.2106285095214844,0.9382259845733643,36.90448953990861,0.0,0.0,,,,,UNEXPLAINED,cenotaph+ignition@0.05
gaia:4616009199366093312,"ignition(score=1.93,pct=0.0181); cenotaph(score=1.66,pct=0.0496)",2,56.50933823079177,-82.43782047047502,11.81791877746582,0.7811079025268555,1.0405454635620117,32.46373838966255,0.0,0.0,,TYC 9375-86-1,*,,UNEXPLAINED,cenotaph+ignition@0.05
gaia:4636413416461338240,"tailings(score=5.06,pct=0.0629); ignition(score=1.77,pct=0.0251); cenotaph(score=1.84,pct=0.0363)",3,15.460291862487793,-75.95835876464844,12.0444974899292,1.5915727615356445,1.0576584339141846,41.15296580944848,1.0,0.0,,UCAC2    674630,*,,UNEXPLAINED,cenotaph+ignition@0.05
gaia:4685480226663761408,"ignition(score=1.48,pct=0.0444); cenotaph(score=2.62,pct=0.0098)",2,12.48079393767349,-74.57611808405336,12.991898536682129,1.5002622604370117,1.1475166082382202,42.55173223754143,1.0,0.0,,UCAC4 078-000969,*,,UNEXPLAINED,cenotaph+ignition@0.05
gaia:4756986999746124544,"ignition(score=1.64,pct=0.0326); cenotaph(score=1.78,pct=0.0402)",2,83.7837033886611,-64.1166218181707,10.7620267868042,0.6779842376708984,0.80721116065979,32.494302360113764,0.0,0.0,,TOI-2392,*,,UNEXPLAINED,cenotaph+ignition@0.05
gaia:503597495418747136,"ignition(score=1.68,pct=0.0300); cenotaph(score=2.01,pct=0.0271)",2,75.07020643031343,75.14906323358856,11.336297035217285,0.7386274337768555,0.9978554844856262,19.53624456533499,0.0,0.0,,,,,UNEXPLAINED,cenotaph+ignition@0.05
gaia:5039123573202803712,"ignition(score=1.55,pct=0.0384); cenotaph(score=2.09,pct=0.0237)",2,25.849251874465534,-23.75848764475376,11.389593124389648,0.7967748641967773,1.114192008972168,77.8028689045387,0.0,0.0,,TYC 6429-1644-1,*,,UNEXPLAINED,cenotaph+ignition@0.05
gaia:5054191929089183104,"ignition(score=1.42,pct=0.0487); cenotaph(score=1.76,pct=0.0418)",2,49.25274421273316,-33.78853195130469,12.043140411376953,1.0453319549560547,0.9181110262870789,58.101939810007934,0.0,0.0,,,,,UNEXPLAINED,cenotaph+ignition@0.05
gaia:5054211655875867008,"ignition(score=1.93,pct=0.0183); cenotaph(score=1.66,pct=0.0493)",2,49.90671809484292,-33.50162397951784,11.923320770263672,1.8177928924560547,1.1364960670471191,57.56619498330641,0.0,0.0,,UCAC3 113-7494,PM*,,UNEXPLAINED,cenotaph+ignition@0.05
gaia:506222025490304,"ignition(score=1.97,pct=0.0170); cenotaph(score=2.42,pct=0.0138)",2,44.73840184795111,1.7715374927678271,10.418665885925293,0.6677017211914062,1.1149022579193115,47.841421127452186,0.0,0.0,,,,,UNEXPLAINED,cenotaph+ignition@0.05
gaia:5075629249031146112,"ignition(score=2.57,pct=0.0049); cenotaph(score=1.85,pct=0.0357)",2,41.83809838390435,-26.79804148574399,10.686482429504395,0.7605657577514648,1.0849195718765259,64.22708212572716,0.0,0.0,,CD-27   982,*,,UNEXPLAINED,cenotaph+ignition@0.05
gaia:5186787778654480128,"ignition(score=1.73,pct=0.0274); cenotaph(score=2.02,pct=0.0266)",2,46.14589815986656,-2.455666110935834,10.901187896728516,1.4457597732543945,1.1058911085128784,49.71418126796594,0.0,0.0,,StKM 1-340,PM*,,UNEXPLAINED,cenotaph+ignition@0.05
gaia:5279802197464067200,"tailings(score=2.27,pct=0.4155); ignition(score=1.71,pct=0.0285); cenotaph(score=1.85,pct=0.0355)",3,94.837967,-69.025246,11.962489128112793,1.0753469467163086,0.8835180997848511,28.048923568903977,0.0,0.0,,UCAC4 105-016927,*,,UNEXPLAINED,cenotaph+ignition@0.05
gaia:5401456085266038400,"ignition(score=1.44,pct=0.0475); cenotaph(score=1.75,pct=0.0428)",2,164.10642760473914,-34.91441560228755,12.04842472076416,0.8464546203613281,0.842415988445282,22.26127486940695,0.0,0.0,,TYC 7207-1300-1,PM*,,UNEXPLAINED,cenotaph+ignition@0.05
gaia:5492533306320106496,"ignition(score=1.43,pct=0.0478); cenotaph(score=1.73,pct=0.0436)",2,112.52104373312496,-52.5407705090654,11.044103622436523,0.8120307922363281,0.9182735681533813,15.73035209916446,0.0,0.0,,TYC 8551-84-1,*,,UNEXPLAINED,cenotaph+ignition@0.05
gaia:551758509895938048,"ignition(score=1.6,pct=0.0355); cenotaph(score=1.7,pct=0.0465)",2,74.53311740177703,76.28269300312071,10.779126167297363,0.71551513671875,0.9823353886604309,20.04993212865991,0.0,0.0,,,,,UNEXPLAINED,cenotaph+ignition@0.05
gaia:552872212095551104,"ignition(score=1.41,pct=0.0498); cenotaph(score=1.87,pct=0.0347)",2,72.26822130569478,77.51237567908179,11.400891304016113,0.93426513671875,0.9370225071907043,20.31989683345957,0.0,0.0,,,,,UNEXPLAINED,cenotaph+ignition@0.05
gaia:566507079695619456,"ignition(score=2.01,pct=0.0157); cenotaph(score=2.24,pct=0.0187)",2,14.091540755522086,81.03897586093136,12.064621925354004,0.9115276336669922,1.0554629564285278,18.16916092752442,0.0,0.0,,,,,UNEXPLAINED,cenotaph+ignition@0.05
gaia:5740989227291625728,"ignition(score=1.53,pct=0.0396); cenotaph(score=1.68,pct=0.0477)",2,141.80241777614327,-10.42473455623461,11.044921875,0.8412704467773438,0.8627638816833496,27.8823404587935,0.0,0.0,,UCAC4 398-047515,*,,UNEXPLAINED,cenotaph+ignition@0.05
gaia:5744329608041153408,"ignition(score=1.68,pct=0.0302); cenotaph(score=1.74,pct=0.0429)",2,137.4830517197657,-7.474047972110196,11.69045352935791,0.9205513000488281,1.1085549592971802,26.235786991204197,0.0,0.0,,TYC 4891-87-1,PM*,,UNEXPLAINED,cenotaph+ignition@0.05
gaia:5745798972187000832,"ignition(score=1.52,pct=0.0409); cenotaph(score=2.06,pct=0.0250)",2,138.97155736733683,-7.129047707591899,11.32663345336914,0.8076534271240234,0.9551225304603577,27.63805889301635,4.0,0.0,ipd_frac_multi_peak>2 (resolved double in the IPD),TYC 4892-64-1,PM*,,SYSTEMATIC:ipd_frac_multi_peak>2 (resolved double in the IPD),cenotaph+ignition@0.05
gaia:577248659759735680,"ignition(score=2.22,pct=0.0099); cenotaph(score=2.17,pct=0.0208)",2,136.89785267009938,2.379995086731657,12.283821105957031,1.273336410522461,1.0686603784561157,31.109473617724483,0.0,0.0,,,,,UNEXPLAINED,cenotaph+ignition@0.05
gaia:5777236243012456832,"ignition(score=1.52,pct=0.0406); cenotaph(score=2.16,pct=0.0212)",2,253.5807903457528,-78.07096365213145,10.554621696472168,0.6957321166992188,0.8696531057357788,20.865116135540987,0.0,0.0,,TYC 9447-2413-1,*,,UNEXPLAINED,cenotaph+ignition@0.05
gaia:6121406609687265280,"ignition(score=2.14,pct=0.0118); cenotaph(score=2.63,pct=0.0097)",2,212.47460638085877,-35.132788564352175,12.893685340881348,1.2561511993408203,1.0769929885864258,25.03715981018727,0.0,0.0,,,,,UNEXPLAINED,cenotaph+ignition@0.05
gaia:6123505199428253440,"ignition(score=1.48,pct=0.0442); cenotaph(score=1.79,pct=0.0396)",2,214.63895634465024,-33.03811462507788,10.108848571777344,0.6988677978515625,1.070298194885254,26.373884051005135,0.0,0.0,,CD-32 10007,*,,UNEXPLAINED,cenotaph+ignition@0.05
gaia:614516881261197568,"ignition(score=1.93,pct=0.0184); cenotaph(score=1.79,pct=0.0397)",2,145.779436305846,13.29571747271894,11.177536010742188,0.8759260177612305,1.3400012254714966,44.00184212491716,0.0,0.0,,,,,UNEXPLAINED,cenotaph+ignition@0.05
gaia:616052722910630272,"ignition(score=2.88,pct=0.0027); cenotaph(score=2.02,pct=0.0270)",2,148.93655418414988,14.397518277256085,10.962103843688965,0.7276515960693359,0.8312590718269348,47.24657921295914,0.0,0.0,,,,,UNEXPLAINED,cenotaph+ignition@0.05
gaia:6208380315910605568,"ignition(score=1.43,pct=0.0479); cenotaph(score=2.15,pct=0.0215)",2,234.0977951506048,-31.688858419261305,10.623943328857422,0.8069057464599609,0.8533836007118225,19.265192477115175,0.0,0.0,,TYC 7327-1618-1,*,,UNEXPLAINED,cenotaph+ignition@0.05
gaia:6240385484488252416,"ignition(score=1.62,pct=0.0336); cenotaph(score=1.89,pct=0.0331)",2,237.40837299266573,-22.654712915664405,13.122332572937012,1.3811454772949219,1.17454195022583,24.1847584457293,0.0,0.0,,,,,UNEXPLAINED,cenotaph+ignition@0.05
gaia:6264299656232111104,"ignition(score=1.54,pct=0.0389); cenotaph(score=2.14,pct=0.0217)",2,238.0294261288656,-13.38847618321021,12.809741973876953,0.9491672515869141,1.061710000038147,30.31878305332696,0.0,0.0,,,,,UNEXPLAINED,cenotaph+ignition@0.05
gaia:629896781190483456,"ignition(score=1.48,pct=0.0442); cenotaph(score=2.19,pct=0.0203)",2,149.9311261664407,22.79534951229053,11.666142463684082,0.91192626953125,0.9702484011650085,51.02527964185375,0.0,0.0,,,,,UNEXPLAINED,cenotaph+ignition@0.05
gaia:6331648557359127680,"ignition(score=1.78,pct=0.0245); cenotaph(score=1.72,pct=0.0450)",2,220.2628971507311,-6.3542314345500674,11.163406372070312,0.9002933502197266,1.005617618560791,47.29037203046013,0.0,0.0,,TYC 4997-328-1,*,,UNEXPLAINED,cenotaph+ignition@0.05
gaia:6357870908954790400,"ignition(score=1.46,pct=0.0458); cenotaph(score=2.13,pct=0.0224)",2,337.04313344492346,-74.62649329265962,12.197930335998535,0.8433561325073242,0.881105899810791,39.123563902298024,0.0,0.0,,,,,UNEXPLAINED,cenotaph+ignition@0.05
gaia:6362860771894283776,"ignition(score=1.64,pct=0.0327); cenotaph(score=2.08,pct=0.0244)",2,296.3199005837541,-77.9579355085601,11.660890579223633,0.8529319763183594,0.9324021339416504,29.2860882214637,23.0,0.0,ipd_frac_multi_peak>2 (resolved double in the IPD),TYC 9463-991-1,*,,SYSTEMATIC:ipd_frac_multi_peak>2 (resolved double in the IPD),cenotaph+ignition@0.05
gaia:6368347850314538752,"ignition(score=2.13,pct=0.0122); cenotaph(score=1.9,pct=0.0327); cradle(score=-inf,pct=26.0039)",3,318.5737947405028,-76.46383313486751,9.355474472045898,0.6663475036621094,0.9476452469825745,34.39654800397272,0.0,0.0,,HD 201190,*,,UNEXPLAINED,cenotaph+ignition@0.05
gaia:6383159401516027392,"tailings(score=2.23,pct=0.4309); ignition(score=1.99,pct=0.0162); cenotaph(score=1.98,pct=0.0287)",3,333.9560546875,-72.06233215332031,12.254551887512207,0.8169364929199219,0.9300411343574524,40.32525755185444,0.0,0.0,,UCAC4 090-075015,PM*,,UNEXPLAINED,cenotaph+ignition@0.05
gaia:6411488357260638464,"ignition(score=1.54,pct=0.0389); cenotaph(score=2.04,pct=0.0258)",2,334.6468179684326,-58.06410833643168,11.887651443481445,0.9461746215820312,1.2635210752487183,49.188629542455935,0.0,0.0,,TYC 8828-537-1,*,,UNEXPLAINED,cenotaph+ignition@0.05
gaia:6425451021063449600,"ignition(score=1.87,pct=0.0206); cenotaph(score=1.79,pct=0.0395)",2,311.9953069631109,-65.75067840260249,11.757826805114746,0.7726154327392578,1.3265897035598755,36.42133147672546,0.0,0.0,,TYC 9112-1543-1,*,,UNEXPLAINED,cenotaph+ignition@0.05
gaia:6431707517105194112,"ignition(score=1.67,pct=0.0304); cenotaph(score=1.69,pct=0.0470)",2,277.64380412612064,-70.65417691884406,12.884069442749023,1.2463874816894531,0.9539421200752258,23.79316646337052,0.0,0.0,,,,,UNEXPLAINED,cenotaph+ignition@0.05
gaia:6447550380147254528,"ignition(score=1.68,pct=0.0299); cenotaph(score=2.45,pct=0.0130)",2,300.04383906038385,-58.13707650153413,11.170376777648926,0.76025390625,0.8709079623222351,31.740889156367324,0.0,0.0,,TYC 8788-1640-1,*,,UNEXPLAINED,cenotaph+ignition@0.05
gaia:6450627500877081600,"ignition(score=1.84,pct=0.0219); cenotaph(score=1.66,pct=0.0493)",2,312.0727538304621,-63.23211812951261,10.005623817443848,0.685481071472168,0.8747093677520752,37.06709618951474,0.0,0.0,,HD 197634,PM*,,UNEXPLAINED,cenotaph+ignition@0.05
gaia:6450786174148749056,"ignition(score=2.03,pct=0.0149); cenotaph(score=1.92,pct=0.0318)",2,312.37652715250886,-62.63964373964747,12.929863929748535,1.006669044494629,0.9618551731109619,37.33644468147596,0.0,0.0,,UCAC4 137-175992,*,,UNEXPLAINED,cenotaph+ignition@0.05
gaia:6475011743906022528,"tailings(score=3.3,pct=0.1762); ignition(score=2.09,pct=0.0133); cenotaph(score=1.72,pct=0.0447)",3,309.45538330078125,-50.266998291015625,12.280454635620117,0.8841276168823242,1.0724037885665894,37.2544102341586,0.0,0.0,,UCAC4 199-180329,PM*,,UNEXPLAINED,cenotaph+ignition@0.05
gaia:6526100933945494784,"ignition(score=1.83,pct=0.0227); cenotaph(score=1.95,pct=0.0305)",2,350.2183969733105,-49.44809041293015,10.666708946228027,0.6675338745117188,0.9827273488044739,61.70117506941935,19.0,0.0,ipd_frac_multi_peak>2 (resolved double in the IPD),CD-50 13949,*,,SYSTEMATIC:ipd_frac_multi_peak>2 (resolved double in the IPD),cenotaph+ignition@0.05
gaia:6602448096503264512,"ignition(score=1.47,pct=0.0446); cenotaph(score=2.17,pct=0.0210)",2,343.90232813401786,-34.3934647130556,12.551274299621582,0.9244699478149414,1.3313450813293457,64.17889663835358,0.0,0.0,,,,,UNEXPLAINED,cenotaph+ignition@0.05
gaia:6645757657659909760,"tailings(score=2.35,pct=0.3838); ignition(score=1.52,pct=0.0409); cenotaph(score=2.38,pct=0.0146)",3,295.768798828125,-51.54194259643555,12.356857299804688,1.0158748626708984,0.9272575974464417,28.73280648060372,0.0,0.0,,,,,UNEXPLAINED,cenotaph+ignition@0.05
gaia:6684338210711089024,"ignition(score=1.66,pct=0.0313); cenotaph(score=2.13,pct=0.0223)",2,298.9194896338641,-44.65007091418619,11.713075637817383,1.4854841232299805,1.0085440874099731,29.71003161427972,0.0,0.0,,,,,UNEXPLAINED,cenotaph+ignition@0.05
gaia:6766181458238928640,"ignition(score=1.64,pct=0.0329); cenotaph(score=1.97,pct=0.0295)",2,292.32712903616886,-26.567065307072955,10.594561576843262,0.7368173599243164,0.8752284646034241,19.56485626052322,0.0,0.0,,,,,UNEXPLAINED,cenotaph+ignition@0.05
gaia:6775994569451567872,"ignition(score=1.81,pct=0.0232); cenotaph(score=2.9,pct=0.0064)",2,317.71257616813404,-37.17070440183935,12.761879920959473,1.2583961486816406,1.0151265859603882,42.904483895904775,0.0,0.0,,,,,UNEXPLAINED,cenotaph+ignition@0.05
gaia:6786610418639970304,"ignition(score=2.44,pct=0.0064); cenotaph(score=2.47,pct=0.0125)",2,324.2431483045584,-28.49152081864138,12.275593757629395,1.7741022109985352,1.162974238395691,47.275790768120935,0.0,0.0,,,,,UNEXPLAINED,cenotaph+ignition@0.05
gaia:6850529191387407360,"ignition(score=1.72,pct=0.0275); cenotaph(score=1.76,pct=0.0415)",2,300.9353473061992,-24.93496183396725,11.76858139038086,0.8710489273071289,0.874855101108551,26.272434055513674,0.0,0.0,,,,,UNEXPLAINED,cenotaph+ignition@0.05
gaia:6851667701319962112,"ignition(score=2.23,pct=0.0097); cenotaph(score=1.81,pct=0.0381)",2,300.97963195798724,-24.43010625164202,9.667336463928223,0.7724857330322266,0.8883526921272278,26.142199029827033,0.0,0.0,,,,,UNEXPLAINED,cenotaph+ignition@0.05
gaia:687810631310508544,"ignition(score=2.21,pct=0.0102); cenotaph(score=3.28,pct=0.0036,FLAG)",2,139.23510235996756,24.98508939040449,12.504106521606445,1.4031553268432617,1.2128159999847412,42.146984959028565,0.0,0.0,,,,,UNEXPLAINED,cenotaph+ignition@0.05
gaia:6903488990005376768,"ignition(score=1.5,pct=0.0419); cenotaph(score=2.77,pct=0.0078)",2,312.2633664220362,-9.065089015889267,12.992813110351562,1.3435983657836914,1.1586570739746094,30.22100407880371,0.0,0.0,,,,,UNEXPLAINED,cenotaph+ignition@0.05
gaia:706263185203666304,"ignition(score=1.48,pct=0.0438); cenotaph(score=2.01,pct=0.0272)",2,130.49163894660862,29.90421176520464,12.570234298706055,0.8708219528198242,1.0338138341903687,35.813287785642025,0.0,0.0,,,,,UNEXPLAINED,cenotaph+ignition@0.05
gaia:754308029406518400,"ignition(score=1.96,pct=0.0171); cenotaph(score=2.38,pct=0.0147)",2,154.1523957682124,38.00847306328837,11.334295272827148,0.7585153579711914,0.7880654335021973,55.8937265133012,0.0,0.0,,,,,UNEXPLAINED,cenotaph+ignition@0.05
gaia:7618142407346048,"ignition(score=2.22,pct=0.0099); cenotaph(score=1.69,pct=0.0473)",2,45.59984242142311,6.800237300130452,12.229251861572266,1.0410079956054688,0.9733939170837402,43.57765890735349,0.0,0.0,,,,,UNEXPLAINED,cenotaph+ignition@0.05
gaia:767236778616248320,"ignition(score=1.69,pct=0.0293); cenotaph(score=2.96,pct=0.0057)",2,172.5188909611176,39.31650860607456,12.75577449798584,0.965846061706543,0.936625599861145,69.15129520193258,0.0,0.0,,,,,UNEXPLAINED,cenotaph+ignition@0.05
gaia:780235376878167168,"tailings(score=1.18,pct=0.9273); ignition(score=1.95,pct=0.0174); cenotaph(score=1.86,pct=0.0351)",3,162.299859,43.087681,12.875388145446777,1.06573486328125,1.183552861213684,60.595665458314855,0.0,0.0,,,,,UNEXPLAINED,cenotaph+ignition@0.05
gaia:805032692683910144,"ignition(score=1.6,pct=0.0349); cenotaph(score=1.69,pct=0.0469)",2,153.4118646064803,40.64764175698991,12.456006050109863,1.5315732955932617,1.1193265914916992,54.93197164008494,0.0,0.0,,,,,UNEXPLAINED,cenotaph+ignition@0.05
gaia:818719486442056704,"ignition(score=1.69,pct=0.0295); cenotaph(score=4.25,pct=0.0009,FLAG)",2,140.68496614596734,44.96864844405337,12.703399658203125,0.9747896194458008,1.0626344680786133,45.10469205931688,0.0,0.0,,,,,UNEXPLAINED,cenotaph+ignition@0.05
gaia:829144127988277248,"tailings(score=1.08,pct=0.9533); ignition(score=1.67,pct=0.0309); cenotaph(score=2.21,pct=0.0195)",3,158.831164,44.256474,12.646824836730957,0.9555511474609375,0.9225937128067017,57.83249792810006,0.0,0.0,,,,,UNEXPLAINED,cenotaph+ignition@0.05
gaia:853052389853947904,"ignition(score=1.41,pct=0.0497); cenotaph(score=1.85,pct=0.0359)",2,156.0714619992464,55.765905967964095,11.67831802368164,0.7348852157592773,0.919511079788208,51.07417485541445,0.0,0.0,,,,,UNEXPLAINED,cenotaph+ignition@0.05
gaia:879349061562709632,"ignition(score=1.76,pct=0.0258); cenotaph(score=2.4,pct=0.0142)",2,113.74327707077344,28.975763279764195,10.297197341918945,0.6611194610595703,0.9340985417366028,21.586596493324187,0.0,0.0,,,,,UNEXPLAINED,cenotaph+ignition@0.05
gaia:88678125336798720,"ignition(score=1.49,pct=0.0433); cenotaph(score=3.66,pct=0.0020,FLAG)",2,40.14763943588544,21.6594618439152,11.115837097167969,0.884007453918457,0.9644449949264526,34.52730711027542,0.0,0.0,,,,,UNEXPLAINED,cenotaph+ignition@0.05
gaia:908719117380881408,"tailings(score=2.34,pct=0.3886); ignition(score=1.59,pct=0.0360); cenotaph(score=2.02,pct=0.0270)",3,122.581301,38.317249,12.025625228881836,0.87249755859375,1.3238366842269897,31.22181645818524,0.0,0.0,,,,,UNEXPLAINED,cenotaph+ignition@0.05
gaia:909714312842462720,"tailings(score=3.09,pct=0.2064); ignition(score=1.93,pct=0.0183); cenotaph(score=1.85,pct=0.0360)",3,123.460756,41.374905,11.234477996826172,0.7737846374511719,0.9535313844680786,32.43810620526472,0.0,0.0,,,,,UNEXPLAINED,cenotaph+ignition@0.05
gaia:949035180817927552,"tailings(score=1.22,pct=0.9122); ignition(score=1.61,pct=0.0347); cenotaph(score=2.42,pct=0.0138)",3,111.13253,42.49316,11.870275497436523,1.224905014038086,0.9819542765617371,23.731111602833003,0.0,0.0,,,,,UNEXPLAINED,cenotaph+ignition@0.05
