source_id,ra,dec,l,b,ecl_lat,parallax,parallax_error,parallax_over_error,pmra,pmdec,ruwe,phot_g_mean_mag,phot_bp_mean_mag,phot_rp_mean_mag,bp_rp,phot_variable_flag,non_single_star,ipd_frac_multi_peak,phot_bp_rp_excess_factor,random_index,wise_angular_distance,wise_number_of_neighbours,wise_number_of_mates,tmass_angular_distance,tmass_number_of_neighbours,tmass_number_of_mates,wise_designation,wise_ra,wise_dec,w1mpro,w1mpro_error,w2mpro,w2mpro_error,w3mpro,w3mpro_error,w4mpro,w4mpro_error,cc_flags,ext_flag,var_flag,ph_qual,w1mjd_mean,w2mjd_mean,tmass_designation,j_m,j_msigcom,h_m,h_msigcom,ks_m,ks_msigcom,tmass_ph_qual,track,dec_band_index,dec_lo,dec_hi,is_locus_sample,tmass_cc_flg,w1snr,w1rchi2,w2snr,w2rchi2,w3snr,w4snr,jk,lum_class,resid_w1,sig_w1,resid_w2,sig_w2,resid_w3,sig_w3,resid_gks,sig_gks,etz,nearby,distance_pc,w1_only_methane_like,w2_only_single_band,saturated,poor_wise_phot_qual,poor_tmass_phot_qual,wise_artifact,extended,bad_profile_fit,wise_variable,gaia_variable,lpv_colour,crowded_match,blend_flux_theft,neighbours_checked,multi_peak,ks_too_bright_for_g,gks_photospheric,gks_unmeasured,bad_astrometry,high_pm_epoch_risk,pm_total_mas_yr,pass_w1,pass_w2,pass_w3,w3_status,w4_status,first_veto,vetoes
512945405846907904,23.691262583917556,64.27880160916601,127.6123946522996,1.801500607970441,49.21882817041302,0.38819592625021593,0.019887045,19.52004,0.3676171539833191,-0.4806855390580145,1.0824205,11.149554,11.5294895,10.588204,0.94128513,NOT_AVAILABLE,0,0,1.2170019,735871905,0.014643303,1,0,0.14898613,1,0,J013445.90+641643.6,23.6912528,64.2788041,9.769,0.024,9.789,0.02,9.734,0.054,8.522,,0000,0,000n,AAAU,55345.01663096,55345.01663096,01344590+6416435,9.247,0.024,8.888,0.028,8.642,0.02,AAA,deficit,30,60.0,65.0,False,,,,,,,,0.6049995422363281,giant,-1.1975999511758568,-29.147723114432416,-1.1476001998917784,-27.713441175458755,-1.2001996376061,-12.914462619538341,0.9075008197905841,14.65172556657142,False,False,2576.018789428097,False,False,False,False,False,False,False,False,False,False,False,False,False,False,False,False,False,False,False,False,0.6051454034876984,True,True,True,deficit,unmeasured,,
5588568702041217920,115.7819974469528,-34.556307205988055,249.192375424912,-5.435523702440589,-54.62661320251078,0.31593570984211644,0.011166121,28.294132,-2.2430678066919243,3.214923992703264,1.0014217,12.024739,12.518264,11.32532,1.1929436,NOT_AVAILABLE,0,0,1.2619594,1322964709,0.13459739,1,0,0.06107844,1,0,J074307.68-343322.5,115.7820079,-34.556275,10.216,0.023,10.213,0.021,11.452,0.238,8.845,,0000,0,11nn,AABU,55420.60858509,55420.60858509,07430767-3433227,10.031,0.023,9.661,0.023,9.3,0.023,AAA,deficit,11,-35.0,-30.0,False,,,,,,,,0.7309999465942383,giant,-1.001080079498177,-23.665782853265785,-0.9084800651550898,-18.99561255162061,,,0.5871673356668903,9.463211703497612,False,False,3165.200921730985,False,False,False,False,False,False,False,False,False,False,False,False,False,False,False,False,False,False,False,False,3.9200879408856144,True,True,False,unmeasured,unmeasured,,
2618940799332647936,331.5489563819932,-8.916470977370476,50.01550207101495,-46.97906577938569,2.57971137150159,0.15835457159421082,0.05147269,3.0764775,-1.9493698048512473,-5.054259194371808,1.0452297,12.036884,11.954763,12.196598,-0.24183464,NOT_AVAILABLE,0,0,1.1455516,1754815679,0.011921274,1,0,0.07438298,1,0,J220611.74-085459.2,331.548956,-8.9164637,12.571,0.024,12.584,0.026,11.998,,9.15,,0000,0,22nn,AAUU,55418.3071124,55418.3071124,22061175-0854592,11.976,0.028,11.902,0.022,11.728,0.021,AAA,deficit,16,-10.0,-5.0,False,,,,,,,,0.2480001449584961,blue,-0.8409999809265134,-17.398802701600975,-0.8315003967285151,-14.47886562006756,,,0.16073989868164062,2.5667928557799184,False,False,6314.942410141056,False,False,False,False,False,False,False,False,False,False,False,False,False,False,False,False,False,False,False,False,5.417155954923002,True,True,False,unmeasured,unmeasured,,
5255172316703148416,156.93488599948085,-59.76468228164511,285.7391902262801,-1.7788493018617533,-60.59203745069262,0.25515548931182364,0.016867558,15.126997,-6.672845047847443,3.6390771497163095,0.92445344,14.562035,14.779337,14.185677,0.59366035,NOT_AVAILABLE,0,0,1.1890017,706891824,0.18414664,1,0,0.01617605,1,0,J102744.35-594552.8,156.9348061,-59.7646783,13.735,0.036,14.275,0.051,11.662,,9.41,,0000,0,nnnn,AAUU,55410.73017263,55411.15467629,10274438-5945528,13.701,0.026,13.587,0.032,13.384,0.038,AAA,deficit,6,-60.0,-55.0,False,,,,,,,,0.3170003890991211,dwarf,-0.3994804154970031,-6.477145062357176,-0.9121202064561656,-12.410971998325223,,,0.1512626173898748,2.2918255026090355,False,False,3919.178861082261,False,False,False,False,False,False,False,False,False,False,False,False,False,False,False,False,False,False,False,False,7.600640994953618,True,True,False,unmeasured,unmeasured,,
5605286952445944192,109.81773946146059,-30.1739456315338,242.9140204764896,-7.815295896914807,-51.689682860452564,0.21816520849612733,0.019935261,10.943685,-2.254719472518361,3.862574611931669,0.9240162,11.045558,11.033436,11.029768,0.0036678314,NOT_AVAILABLE,0,0,1.1604607,1280782803,0.023338126,1,0,0.011841672,1,0,J071916.25-301026.2,109.8177362,-30.1739497,11.132,0.022,11.164,0.021,11.529,0.172,8.853,,0000,0,00nn,AABU,55397.49966156,55397.49966156,07191626-3010262,10.779,0.023,10.729,0.023,10.548,0.02,AAA,deficit,11,-35.0,-30.0,False,,,,,,,,0.23099994659423828,blue,-0.5819993324279782,-12.398598831010107,-0.59149974822998,-10.759807450059325,-1.0269999961853022,-5.3479996526547104,0.2767648696899414,5.150743580546553,False,False,4583.682278642294,False,False,False,False,False,False,False,False,False,False,False,False,False,False,False,False,False,False,False,False,4.472498466460616,True,True,True,deficit,unmeasured,,
4203908874113687552,283.2031286013851,-8.45826087576258,25.54674025752835,-4.148976160072945,14.365033309778344,0.4554319874460992,0.029385353,15.498606,-1.5781092180810277,-0.470311623715843,1.0999309,14.939884,15.318467,14.382276,0.93619156,NOT_AVAILABLE,0,0,1.2152098,730453663,0.059352417,1,0,0.018867267,1,0,J185248.74-082729.7,283.2031173,-8.4582695,13.599,0.035,14.146,0.057,12.226,,8.821,,0000,0,22nn,AAUU,55383.3618817,55383.3618817,18524875-0827297,13.752,0.022,13.424,0.022,13.304,0.033,AAA,deficit,16,-10.0,-5.0,False,,,,,,,,0.4479999542236328,dwarf,-0.341300383453432,-5.665439842133458,-0.8504602220914979,-10.740061369745375,,,0.035849379506543766,0.5492428147286819,False,False,2195.7175331659173,False,False,False,False,False,False,False,False,False,False,False,False,False,False,False,False,True,False,False,False,1.6467002543251597,True,True,False,unmeasured,unmeasured,,
5614363936337639936,117.13438647335013,-25.17124306060577,241.6367122427465,0.2674817686694441,-45.284578962577896,0.29400541404218694,0.02520442,11.664836,-2.3335407291187513,3.6585303233015405,1.1234351,10.237069,10.2096405,10.253245,-0.04360485,NOT_AVAILABLE,0,0,1.158482,784222045,0.025230512,1,0,0.060269825,1,0,J074832.25-251016.5,117.1343838,-25.1712523,10.446,0.023,10.504,0.02,10.503,0.063,8.851,,0000,0,110n,AAAU,55414.89316141,55411.24244944,07483225-2510165,10.122,0.024,10.06,0.022,9.977,0.021,AAA,deficit,12,-30.0,-25.0,False,,,,,,,,0.14499950408935547,blue,-0.4837999359168314,-10.933794812994647,-0.5201998973806323,-10.678782898703018,-0.5720000953674313,-5.380158390429202,0.039276123046875,0.7258145679910025,False,False,3401.297908944322,False,False,False,False,False,False,False,False,False,False,False,False,False,False,False,False,True,False,False,False,4.339384341237008,True,True,True,deficit,unmeasured,,
4039010128749159808,270.5873296898716,-35.364600938290614,356.2231826687747,-6.2949236054350495,-11.926318178715746,0.5969881730597728,0.044295717,13.477333,-2.092561680817585,-5.971485446421496,1.3715878,14.996327,15.413299,14.368735,1.0445633,NOT_AVAILABLE,0,4,1.2442719,1498817833,0.21324642,1,0,0.050112803,1,0,J180220.97-352152.5,270.5874058,-35.3645985,13.439,0.045,14.049,0.068,12.621,,8.733,,0000,0,33nn,AAUU,55367.48391586,55364.00304282,18022096-3521525,13.591,0.026,13.25,0.027,13.11,0.035,AAA,deficit,10,-40.0,-35.0,False,,,,,,,,0.4809999465942383,dwarf,-0.37872051452702726,-5.577431921623584,-0.9480005584718019,-10.635568847385038,,,0.10054213737021134,1.416215173895855,False,False,1675.0750603226375,False,False,False,False,False,False,False,False,False,False,False,False,False,False,False,False,False,False,False,False,6.327515533355082,True,True,False,unmeasured,unmeasured,,
4042731224050592256,272.78809436290516,-32.81185066036412,359.3562115261593,-6.677681714214778,-9.39555175468315,0.42927862687825336,0.029454146,14.574472,1.9032674971152426,-3.935298205698084,0.9484528,14.866584,15.205304,14.334544,0.87075996,NOT_AVAILABLE,0,0,1.2179742,105106736,0.3502869,1,0,0.06064766,1,0,J181109.14-324842.9,272.788118,-32.8119392,13.736,0.043,14.516,0.094,12.347,,8.88,,0000,0,21nn,AAUU,55365.44432842,55365.44432842,18110914-3248426,13.743,0.029,13.514,0.03,13.407,0.034,AAA,deficit,11,-35.0,-30.0,False,,,,,,,,0.3360004425048828,dwarf,-0.37634067932236953,-5.8844661450271865,-1.127240478971565,-10.56218320983657,,,-0.0320272494500391,-0.5032078366908049,False,False,2329.489374470086,False,False,False,False,False,False,False,False,False,False,False,False,False,False,False,False,True,False,False,False,4.371384121001708,True,True,False,unmeasured,unmeasured,,
5933919536275038976,246.4034729861056,-52.64407048152709,332.1707531132208,-2.3827183130280503,-30.538231663127952,0.5815714115958363,0.025970493,22.393547,1.4820611887025015,-1.571429143698174,0.98374397,14.769057,15.190672,14.1734295,1.0172424,NOT_AVAILABLE,0,0,1.2203964,426286400,0.16606222,1,0,0.046863407,1,0,J162536.81-523838.6,246.4033934,-52.6440645,13.315,0.048,13.838,0.067,12.07,,8.645,,0000,0,22nn,AAUU,55349.64122199,55349.64122199,16253683-5238386,13.425,0.022,13.105,0.022,13.017,0.029,AAA,deficit,7,-55.0,-50.0,False,,,,,,,,0.40799999237060547,dwarf,-0.3423401455688574,-5.175398415810851,-0.8303598171234038,-9.917264824950657,,,0.012647674360777295,0.1906325001236082,False,False,1719.4792936193212,False,False,False,False,False,False,False,False,False,False,False,False,False,False,False,False,True,False,False,False,2.160068267606894,True,True,False,unmeasured,unmeasured,,
1019790132751149056,141.1296968131219,52.27829707859764,165.05488443527938,44.261834949847575,34.95908843566578,0.9248826407212908,0.01777081,52.045044,4.7850906831526405,-1.0580732512639066,1.4299814,13.714008,13.967853,13.305041,0.6628113,NOT_AVAILABLE,0,0,1.1875043,350005039,1.4754336,1,0,0.09663181,1,0,J092431.19+521643.1,141.1299956,52.2786618,14.235,0.193,14.189,0.166,11.27,,9.033,,0000,0,nnnn,BBUU,55402.24967006,55402.24967006,09243111+5216417,12.835,0.029,12.589,0.031,12.509,0.022,AAA,deficit,28,50.0,55.0,False,,,,,,,,0.3260002136230469,dwarf,-1.7739404321294265,-9.005958823728072,-1.6998403202811017,-9.9109809865644,,,0.06125293212244243,1.1228335452800529,False,False,1081.2182605353337,False,False,False,False,False,False,False,False,False,False,False,False,False,False,False,False,True,False,True,False,4.900674632235278,True,True,False,unmeasured,unmeasured,,
2936336893947355392,106.71792368919662,-14.698435376246712,227.76033438246296,-3.3117387928258895,-36.962409231473586,1.2635915430622748,0.030962357,40.810574,-2.7542314662637803,-2.5046595389228052,1.080855,9.1677685,9.124104,9.213579,-0.08947563,NOT_AVAILABLE,0,0,1.1585217,1090890401,0.024735989,1,0,0.03454984,1,0,J070652.30-144154.3,106.7179222,-14.6984355,9.34,0.023,9.351,0.02,9.053,0.032,8.178,0.211,0000,0,001n,AAAB,55387.29235034,55387.29235034,07065230-1441542,9.002,0.026,8.988,0.022,8.835,0.019,AAA,deficit,15,-15.0,-10.0,False,,,,,,,,0.16699981689453125,blue,-0.5074797929396153,-11.03128272798571,-0.49622008910984794,-9.449187679079891,-0.2640002937316899,-2.901589675733319,0.11197566986083984,2.0981464278849766,False,False,791.3949768740388,False,False,False,False,False,False,False,False,False,False,False,False,False,False,False,False,False,False,False,False,3.7227826119281437,True,True,False,deficit,unmeasured,,
4104098129151131136,278.2586647463365,-14.394150565281736,18.044423940437756,-2.53362848546576,8.813390622187995,0.6324865533342551,0.022648046,27.926762,1.3841884426685183,-1.2988225036810843,0.92736363,14.253246,14.561821,13.775249,0.78657246,NOT_AVAILABLE,0,0,1.1995559,1773102996,0.107538424,1,0,0.06596624,1,0,J183302.08-142338.8,278.258689,-14.3941332,13.224,0.043,13.617,0.061,12.123,,8.92,,0000,0,22nn,AAUU,55378.39823727,55378.39823727,18330207-1423388,13.207,0.023,13.032,0.023,12.946,0.024,AAA,deficit,15,-15.0,-10.0,False,,,,,,,,0.2609996795654297,dwarf,-0.32984020477387793,-5.540838027124528,-0.7002396722445858,-9.338317433071172,,,-0.04295676513356783,-0.7374830815998297,False,False,1581.0612806364632,False,False,False,False,False,False,False,False,False,False,False,False,False,False,False,False,True,False,False,False,1.8981352799222446,True,True,False,unmeasured,unmeasured,,
204641997517510144,70.33544743077938,42.90964679751582,161.1060625363269,-2.293401591548437,20.506319436585912,0.3840812763748279,0.013827529,27.776566,-0.7468703602596178,-0.9454018093943685,0.9289281,13.07715,13.550221,12.406046,1.1441755,NOT_AVAILABLE,0,0,1.2500789,137060366,0.060764384,1,0,0.136584,1,0,J044120.50+425434.7,70.3354309,42.9096587,11.619,0.024,11.57,0.023,11.275,0.147,9.008,,0000,0,11nn,AABU,55348.2126947,55348.2126947,04412049+4254346,11.727,0.029,11.423,0.031,11.162,0.022,AAA,deficit,26,40.0,45.0,False,,,,,,,,0.5650005340576172,giant,-0.5268006912251,-12.402369794008083,-0.4168005386370064,-9.274577452139702,-0.2196003105172139,-1.3012813279540747,-0.10945324433669246,-1.225744764761805,False,False,2603.615592612466,False,False,False,False,False,False,False,False,False,False,False,False,False,False,False,False,False,False,False,False,1.204823603786246,True,True,False,deficit,unmeasured,,
4036596361527943296,268.90815116013863,-38.43270036982118,352.8691700132296,-6.623991632941216,-14.99677523235234,0.5153646663719955,0.028629148,18.001398,-0.5976581525062816,2.3643390477287047,0.8951212,14.862077,15.233753,14.316241,0.91751194,NOT_AVAILABLE,0,0,1.2108885,1654407505,0.13560508,1,0,0.05905242,1,0,J175537.96-382557.6,268.908173,-38.43267,13.552,0.034,14.061,0.069,11.784,,8.913,,0000,0,31nn,AAUU,55362.59277582,55358.76860279,17553795-3825578,13.749,0.023,13.406,0.03,13.264,0.034,AAA,deficit,10,-40.0,-35.0,False,,,,,,,,0.4849996566772461,dwarf,-0.3382001480144968,-5.58723206875391,-0.8060002670295947,-9.010121757153012,,,0.02946231660098375,0.4512521248880798,False,False,1940.3736135806207,False,False,False,False,False,False,False,False,False,False,False,False,False,False,False,False,True,False,False,False,2.438707526513153,True,True,False,unmeasured,unmeasured,,
4310678737370850304,286.2151963851793,9.469557947480501,42.88254735351932,1.354293098159535,31.849905181454293,0.22777876696233804,0.022502903,10.122195,-1.7782279284698257,-3.9705518302334304,0.9749432,14.338428,15.44866,13.296053,2.152607,NOT_AVAILABLE,0,0,1.360255,1042494608,0.079725474,1,0,0.040943034,1,0,J190451.64+092810.3,286.2152045,9.4695425,10.935,0.025,10.797,0.026,10.868,0.147,9.011,,0000,0,12nn,AABU,55382.64396344,55382.64396344,19045165+0928104,11.183,0.022,10.618,0.022,10.171,0.021,AAA,deficit,19,5.0,10.0,False,,,,,,,,1.0120000839233398,giant,-0.8954006008916777,-19.1912617462523,-0.6460001799007006,-8.938610519070584,-0.843880681916577,-4.8527934628895935,0.4157142287876914,5.141323270759579,False,False,4390.224836739697,False,False,False,False,False,False,False,False,False,False,False,False,False,False,False,False,False,False,False,False,4.350560469888924,True,True,False,deficit,unmeasured,,
5351496338511692672,157.06840069692672,-58.13895020399749,284.9500718652576,-0.3557245622412227,-59.43548428166595,0.6164043747904572,0.019853855,31.047089,-8.535944889440376,5.844166407977019,0.942816,14.959193,15.262229,14.493855,0.7683735,NOT_AVAILABLE,0,0,1.1947705,1215502188,0.27315527,1,0,0.03795396,1,0,J102816.43-580819.9,157.0684628,-58.1388857,13.968,0.057,14.79,0.121,12.061,,9.008,,0000,0,2nnn,ABUU,55442.81461244,55442.81461244,10281643-5808203,13.931,0.03,13.687,0.028,13.594,0.05,AAA,deficit,6,-60.0,-55.0,False,,,,,,,,0.33699989318847656,dwarf,-0.42128044006321524,-5.095236076645302,-1.2140802880863764,-8.9161558653656,,,0.04542774946821693,0.6234361110141678,False,False,1622.3116527035418,False,False,False,False,False,False,False,False,False,False,False,False,False,False,False,False,True,False,False,False,10.344884540665028,True,True,False,unmeasured,unmeasured,,
4660133734903530752,82.91050367323916,-67.26105291356473,277.4003756745427,-32.541683994945664,-87.13467188757453,-0.03310995525858269,0.021480037,-1.5414292,1.7817613316723597,0.48875553623439527,1.0080376,14.196194,14.114819,14.321041,-0.20622253,NOT_AVAILABLE,0,0,1.1568718,18522148,0.24379429,1,0,0.0048936578,1,0,J053138.54-671539.5,82.910591,-67.2609965,14.846,0.028,14.939,0.039,13.42,,9.707,,0000,0,41nn,AAUU,55463.01399972,55463.01399972,05313851-6715397,14.3,0.033,14.316,0.065,14.096,0.072,AAA,deficit,4,-70.0,-65.0,False,,,,,,,,0.20400047302246094,blue,-0.7479999504089356,-8.762223132359159,-0.8185003662109374,-8.682899415354191,,,-0.04795074462890625,-0.5151344025383323,False,False,,False,False,False,False,False,False,False,False,False,False,False,False,False,False,False,False,True,False,False,False,1.8475809636502083,True,True,False,unmeasured,unmeasured,,
5867328267315360256,210.9057688880772,-59.87739635365089,311.87989666011345,1.7343599442303206,-43.71299193598706,0.5355539963260405,0.025895271,20.681536,-3.473700012108499,-1.3314751827220217,1.0114065,14.851545,15.161634,14.37005,0.791584,NOT_AVAILABLE,0,0,1.200905,63177064,0.31544277,1,0,0.14331986,1,0,J140337.36-595238.3,210.9056733,-59.8773248,13.885,0.057,15.028,0.171,11.258,,8.512,,0000,0,nnnn,ABUU,55335.17081032,55335.17081032,14033737-5952386,13.783,0.02,13.553,0.027,13.552,0.034,AAA,deficit,6,-60.0,-55.0,False,,,,,,,,0.23099994659423828,dwarf,-0.3866403291322347,-5.145684716468152,-1.51003999877986,-8.460489272123246,,,-0.059035103782662635,-0.9377893188215378,False,False,1867.2253532979128,False,False,False,False,False,False,False,False,False,False,False,False,False,False,False,False,True,False,False,False,3.720136816882845,True,True,False,unmeasured,unmeasured,,
4104629601167418752,279.08647167341707,-13.5455272144933,19.168229038370114,-2.8581806388589523,9.61162978770071,0.5115582309404413,0.028239235,18.115158,0.7249125016746184,-0.8127029580341236,0.95991,14.79314,15.264964,14.148367,1.1165972,NOT_AVAILABLE,0,0,1.2319041,1576177784,0.23969583,1,0,0.060570937,1,0,J183620.74-133243.7,279.086422,-13.545479,13.273,0.052,13.695,0.074,12.257,,8.676,,0000,0,21nn,AAUU,55383.13876997,55383.13876997,18362075-1332438,13.306,0.022,13.049,0.022,12.99,0.024,AAA,deficit,15,-15.0,-10.0,False,,,,,,,,0.31599998474121094,dwarf,-0.33154049270629093,-5.030359218165299,-0.7262603042600675,-8.439158413242764,,,-0.10675278685448641,-1.5565491009992891,False,False,1954.811670533801,False,False,False,False,False,False,False,False,False,False,False,False,False,False,False,False,False,False,False,False,1.089029032249172,True,True,False,unmeasured,unmeasured,,
4314121308326100352,287.04970365483814,13.30915347705772,46.67150603514465,2.389165896437647,35.54134038261806,0.12756044278557294,0.028352825,4.499038,-1.865695088981229,-4.795887544486058,0.9600836,14.988846,15.394681,14.400183,0.99449825,NOT_AVAILABLE,0,0,1.2229371,183873182,0.21133563,1,0,0.09696384,1,0,J190811.93+131833.1,287.0497089,13.3092194,13.748,0.037,14.064,0.054,12.441,,8.957,,0000,0,22nn,AAUU,55397.22723923,55397.22723923,19081193+1318331,13.725,0.022,13.619,0.025,13.48,0.045,AAA,deficit,20,10.0,15.0,False,,,,,,,,0.24500083923339844,giant,-0.3520006294250484,-5.185493732304599,-0.6645003471374515,-8.43434083662295,,,-0.1760624660164476,-2.5539787248279295,False,False,7839.420890698725,False,False,False,False,False,False,False,False,False,False,False,False,False,False,False,False,False,False,False,False,5.146003838358963,True,True,False,unmeasured,unmeasured,,
4688980831219164416,12.991061095895347,-72.55681756578132,302.87655223658356,-44.57137585168642,-64.43495273237035,0.01882525627333786,0.024178827,0.77858436,0.6593601789806465,-1.322186743796326,1.0397447,14.032592,13.919914,14.237624,-0.31770992,NOT_AVAILABLE,0,0,1.1530248,680080032,0.35261837,1,0,0.12707192,1,0,J005157.92-723324.6,12.9913646,-72.5568493,15.033,0.038,15.505,0.083,12.826,,9.143,,0000,0,2nnn,AAUU,55420.80573625,55420.80573625,00515787-7233244,14.534,0.029,14.589,0.054,14.493,0.079,AAA,deficit,3,-75.0,-70.0,False,,,,,,,,0.0410003662109375,blue,-0.5648802151444832,-6.087530754632605,-1.0097000558462463,-8.387807710238338,,,-0.6085529327392578,-6.172043524215288,False,False,53120.12678500936,False,False,False,False,False,False,False,False,False,False,False,False,False,False,False,False,False,False,False,False,1.4774754248704516,True,True,False,unmeasured,unmeasured,,
5241758652812262528,163.39545014198592,-62.1753172105567,289.6471542052821,-2.382669137181596,-59.8211592438077,0.4347250438874755,0.015940694,27.271399,-5.701880021597249,1.7761231572212424,0.89501196,14.337886,14.5379095,14.0012455,0.536664,NOT_AVAILABLE,0,0,1.1771405,319978990,0.15199688,1,0,0.06173092,1,0,J105334.89-621031.2,163.395386,-62.175337,13.616,0.038,13.861,0.044,12.781,,9.508,,0000,0,32nn,AAUU,55389.36228846,55389.34603161,10533492-6210311,13.574,0.022,13.479,0.023,13.345,0.031,AAA,deficit,5,-65.0,-60.0,False,,,,,,,,0.22900009155273438,dwarf,-0.324760104980203,-5.372378287299473,-0.5503597753896621,-8.33048215300968,,,0.044966913781535944,0.6990724410151181,False,False,2300.304558158468,False,False,False,False,False,False,False,False,False,False,False,False,False,False,False,False,True,False,False,False,5.972105930934866,True,True,False,unmeasured,unmeasured,,
4065272449374250112,275.24678473054354,-24.343873741589015,7.890390978453937,-4.619771930727217,-0.9916075503927244,0.6287380775350395,0.028933037,21.7308,-1.1149911015611527,2.3338362757513007,0.9589887,14.459557,14.88176,13.815056,1.0667038,NOT_AVAILABLE,0,0,1.2536732,675586909,0.1694305,1,0,0.035347108,1,0,J182059.22-242037.8,275.2467547,-24.3438403,12.867,0.051,13.253,0.068,12.032,,9.083,,0000,0,11nn,AAUU,55375.30777815,55371.66607241,18205923-2420380,13.026,0.023,12.698,0.027,12.549,0.025,AAA,deficit,13,-25.0,-20.0,False,,,,,,,,0.47700023651123047,dwarf,-0.3672404690522534,-5.417323533212509,-0.7130004379267054,-8.313268955381746,,,0.08747522000339769,1.2796146748624129,False,False,1590.4874155554387,False,False,False,False,False,False,False,False,False,False,False,False,False,False,False,False,True,False,False,False,2.5865028356012396,True,True,False,unmeasured,unmeasured,,
2030018186567867904,299.47496961205184,28.963046995927993,65.9602553811312,-0.106184602860735,48.3543944543936,0.36231546940463294,0.011227102,32.271503,-1.400649102855191,-3.9978830648920334,0.94244146,12.787922,13.30978,12.092462,1.2173185,NOT_AVAILABLE,0,0,1.247185,434899566,0.021727486,1,0,0.07787164,1,0,J195753.99+285746.9,299.4749787,28.9630515,10.814,0.024,10.828,0.023,10.508,0.123,8.536,,0000,0,000n,AABU,55407.39029144,55407.39029144,19575399+2857471,10.866,0.024,10.601,0.031,10.387,0.023,AAA,deficit,23,25.0,30.0,False,,,,,,,,0.4790000915527344,giant,-0.4987597048958997,-11.426551119620422,-0.4775594897473916,-8.266921382296857,-0.23565987701405455,-1.372514362095134,0.21151037691561125,3.7961644177425367,False,False,2760.025680502211,False,False,False,False,False,False,False,False,False,False,False,False,False,False,False,False,False,False,False,False,4.236140567766793,True,True,False,deficit,unmeasured,,
3346532208013191552,85.97183516522631,13.092397372054405,193.40021657189973,-8.54157622772056,-10.291143994182512,0.38681292637348536,0.03178921,12.168058,0.8943834047958501,-2.3543237770979104,1.656918,11.942682,12.089248,11.624824,0.46442413,NOT_AVAILABLE,0,1,1.1977407,1782522004,0.022356963,1,0,0.054898605,1,0,J054353.23+130532.6,85.9718312,13.0924067,11.576,0.024,11.605,0.021,11.443,0.199,8.874,0.455,0000,0,11nn,AABC,55358.38589966,55358.38589966,05435324+1305326,11.524,0.02,11.431,0.022,11.253,0.02,AAA,deficit,20,10.0,15.0,False,,,,,,,,0.2709999084472656,dwarf,-0.37424000183132,-8.254740862038355,-0.37963937011815213,-8.237479331092905,-0.2562401019277746,-1.1764994719584496,-0.11373738889233242,-1.7990192451085036,False,False,2585.2290133511588,False,False,False,False,False,False,False,False,False,False,False,False,False,False,False,False,False,False,True,False,2.518484092104373,True,True,False,deficit,unmeasured,,
4036758122779960064,267.8287783498747,-38.3547915861802,352.5127506700634,-5.851855259379152,-14.928789385634172,0.35768126723779936,0.030182583,11.850585,0.773244270343762,-2.029705727225526,0.8882192,14.764226,15.1747875,14.175853,0.99893475,NOT_AVAILABLE,0,0,1.2205771,1748963525,0.10257595,1,0,0.01694849,1,0,J175118.91-382117.3,267.8288014,-38.3548095,13.378,0.049,13.834,0.084,12.151,,8.609,,0000,0,21nn,AAUU,55386.227998,55361.6296634,17511890-3821172,13.468,0.02,13.202,0.025,13.049,0.027,AAA,deficit,10,-40.0,-35.0,False,,,,,,,,0.41900062561035156,dwarf,-0.37312052978429694,-5.635570746877204,-0.793480191040755,-8.126822314608807,,,0.007491399986974345,0.11610183968531688,False,False,2795.785218841679,False,False,False,False,False,False,False,False,False,False,False,False,False,False,False,False,True,False,False,False,2.172006455043713,True,True,False,unmeasured,unmeasured,,
5928409088873502336,246.6650440084487,-56.3500494656357,329.60751175250385,-5.0689901748482225,-34.14997966623011,0.39109516609382683,0.030964484,12.630444,0.8920974164365569,-1.5066671033784627,0.9705131,14.509353,14.694246,14.187295,0.50695133,NOT_AVAILABLE,0,0,1.1779482,1466639238,0.083061025,1,0,0.11077313,1,0,J162639.61-562100.2,246.66506,-56.3500678,13.929,0.045,14.273,0.063,12.142,,8.949,,0000,0,11nn,AAUU,55347.70139832,55347.70139832,16263962-5621001,13.798,0.027,13.77,0.036,13.616,0.044,AAA,deficit,6,-60.0,-55.0,False,,,,,,,,0.18200016021728516,dwarf,-0.3661398133102197,-5.129676525567786,-0.6911395758832655,-8.09238507720782,,,0.0023675645861653827,0.03255892136274376,False,False,2556.9224237358435,False,False,False,False,False,False,False,False,False,False,False,False,False,False,False,False,True,False,False,False,1.7509664647889824,True,True,False,unmeasured,unmeasured,,
5254102766787995136,159.79405420395952,-61.205277594713486,287.6829929306902,-2.3122101627903344,-60.483474448752006,0.4446242966055863,0.018752545,23.710077,-7.854178607220305,3.5261754382640316,0.93700343,14.66081,14.97435,14.177014,0.7973356,NOT_AVAILABLE,0,0,1.2005665,364204532,0.10658858,1,0,0.120084204,1,0,J103910.59-611219.0,159.7941402,-61.2052827,13.501,0.038,13.705,0.043,12.881,,9.476,,0000,0,10nn,AAUU,55410.55485906,55410.55485906,10391060-6112191,13.593,0.022,13.329,0.022,13.175,0.029,AAA,deficit,5,-65.0,-60.0,False,,,,,,,,0.4180002212524414,dwarf,-0.3701401348873906,-6.224216218932705,-0.5385598178866061,-8.089888457371849,,,0.11761538536302352,1.9503954656689595,False,False,2249.0898667354472,False,False,False,False,False,False,False,False,False,False,False,False,False,False,False,False,False,False,False,False,8.609415474672693,True,True,False,unmeasured,unmeasured,,
6652056038224009984,272.65395963591834,-55.716955050023564,338.30418442236663,-16.734718835201196,-32.2939622775838,0.469095214156176,0.022279335,21.055172,-0.3212508296565666,-8.326245236954604,0.98642653,14.561121,15.132477,13.838763,1.2937136,NOT_AVAILABLE,0,0,1.2472334,1602197899,1.1705596,1,0,0.049714312,1,0,J181036.81-554300.8,272.6533851,-55.7169163,13.397,0.158,13.365,0.138,11.342,,9.034,,0000,0,21nn,BBUU,55362.29893426,55362.29893426,18103694-5543008,12.892,0.028,12.332,0.022,12.201,0.024,AAA,deficit,6,-60.0,-55.0,False,,,,,,,,0.6909999847412109,dwarf,-1.267919534301793,-7.7638123856305805,-1.1761796826173092,-8.02780908345346,,,0.10365384800388622,1.562619611904452,False,False,2131.7633815532163,False,False,False,False,False,False,False,False,False,False,False,False,False,False,False,False,False,False,False,False,8.33244032930715,True,True,False,unmeasured,unmeasured,,
5255446266883137536,155.6411422929506,-59.22650245879834,284.89664308861086,-1.6710552783861123,-60.71996696266976,0.7982455772939873,0.017182412,46.457134,-13.967728625747963,5.438392734720016,0.9291239,14.60648,14.92371,14.117702,0.80600834,NOT_AVAILABLE,0,0,1.2017456,200899136,0.13038495,1,0,0.055624384,1,0,J102233.86-591335.4,155.6411135,-59.226518,13.434,0.034,13.631,0.038,10.935,,8.674,,0000,0,41nn,AAUU,55439.31099859,55439.31099859,10223390-5913354,13.553,0.023,13.329,0.03,13.146,0.027,AAA,deficit,6,-60.0,-55.0,False,,,,,,,,0.4070005416870117,dwarf,-0.33236042587205783,-5.956486614426775,-0.494440061951304,-7.971285831965049,,,0.0777873643492053,1.313461816663802,False,False,1252.747310407845,False,False,False,False,False,False,False,False,False,False,False,False,False,False,False,False,True,False,False,False,14.989114666970647,True,True,False,unmeasured,unmeasured,,
5835641854098507264,238.82197195920543,-57.964290614101685,325.3884481621257,-3.346859476774876,-36.67263260911432,0.596804613082514,0.021092791,28.294245,-1.3341712759796545,-3.5464318889022417,1.0209749,14.6289,14.970532,14.106909,0.8636236,NOT_AVAILABLE,0,0,1.2102219,1293812141,0.15445702,1,0,0.06064038,1,0,J155517.25-575751.4,238.8218957,-57.9642794,13.363,0.049,13.653,0.058,11.743,,8.848,,0000,0,11nn,AAUU,55346.39588875,55346.39588875,15551728-5757514,13.445,0.023,13.228,0.022,13.082,0.024,AAA,deficit,6,-60.0,-55.0,False,,,,,,,,0.36299991607666016,dwarf,-0.3267205860898822,-5.0928281610508295,-0.584920261230815,-7.96079413540425,,,0.06732346009448475,1.1467603295083424,False,False,1675.5902653549704,False,False,False,False,False,False,False,False,False,False,False,False,False,False,False,False,True,False,False,False,3.789088562737997,True,True,False,unmeasured,unmeasured,,
3099083306553910272,102.98558111133228,-7.814369070761417,219.95223354859291,-3.4430746952906253,-30.580581410366523,0.08400539810244063,0.022438549,3.7437983,-0.19997604426064888,1.0492249345090938,1.0539684,14.569697,14.921883,14.026131,0.89575195,NOT_AVAILABLE,0,0,1.2187649,294035537,0.015356531,1,0,0.026903389,1,0,J065156.53-074851.7,102.9855774,-7.8143722,13.369,0.026,13.36,0.033,12.135,,9.058,,0000,0,00nn,AAUU,55385.61591874,55385.61591874,06515654-0748517,13.336,0.027,13.063,0.029,12.854,0.034,AAA,deficit,16,-10.0,-5.0,False,,,,,,,,0.48200035095214844,dwarf,-0.564840115809871,-9.999854351558271,-0.5150001213065696,-7.818916070727763,,,0.18283713329583362,2.8344725866050293,False,False,11903.996916728458,False,False,False,False,False,False,False,False,False,False,False,False,False,False,False,False,False,False,False,False,1.0681120640989639,True,True,False,unmeasured,unmeasured,,
4092734401569313792,276.48194031204537,-20.234479139298617,12.071643199686717,-3.723962696077889,3.0678959110226365,1.1016068411630169,0.031864166,34.571964,15.17628228305514,-5.702665238639931,0.8846166,14.943769,15.434584,14.275737,1.1588469,NOT_AVAILABLE,0,0,1.2402681,107764529,0.21215698,1,0,0.019792952,1,0,J182555.65-201403.8,276.4819079,-20.2344119,13.187,0.042,13.61,0.071,12.229,,8.704,,0000,0,12nn,AAUU,55372.839097,55372.839097,18255564-2014040,13.41,0.021,13.024,0.021,12.928,0.026,AAA,deficit,13,-25.0,-20.0,False,,,,,,,,0.48199939727783203,dwarf,-0.3088396427991968,-5.011004304507735,-0.6909997627272094,-7.818859721571137,,,0.03527100736209787,0.46699809463808384,False,False,907.7648782066877,False,False,False,False,False,False,False,False,False,False,False,False,False,False,False,False,True,False,False,False,16.212338966323323,True,True,False,unmeasured,unmeasured,,
6054896876481879424,184.99933870030975,-62.04545719150262,299.25613736058534,0.6016949034360061,-52.577930201890666,0.4831779943459077,0.01426155,33.87977,-4.879836307693965,0.22260062080677062,0.91221416,13.788197,14.006877,13.416548,0.5903292,NOT_AVAILABLE,0,0,1.1856714,1604014294,0.3396945,1,0,0.06342479,1,0,J121959.87-620243.8,184.9994924,-62.0455262,12.903,0.042,13.142,0.048,12.393,,9.092,,0000,0,nnnn,AAUU,55411.27032137,55411.27032137,12195986-6202436,12.937,0.025,12.778,0.029,12.646,0.03,AAA,deficit,5,-65.0,-60.0,False,,,,,,,,0.2910003662109375,dwarf,-0.3070403210450893,-5.0288161146580235,-0.5207598083540792,-7.759545624773204,,,0.12010366293361541,1.9405915915592373,False,False,2069.630677932114,False,False,False,False,False,False,False,False,False,False,False,False,False,False,False,False,False,False,False,False,4.8849107900013715,True,True,False,unmeasured,unmeasured,,
5961052253402737536,264.496724942805,-39.13747571408166,350.4904575823127,-4.033580511034003,-15.782849188294561,0.694837086035841,0.02767085,25.110796,-1.654554176803072,-3.3198430937058006,0.9895062,14.907105,15.467248,14.184449,1.2827988,NOT_AVAILABLE,0,1,1.2519066,1627199490,0.21023412,1,0,0.016542148,1,0,J173759.21-390814.6,264.4967207,-39.1374125,12.958,0.038,13.2,0.043,11.868,,8.288,,0000,0,nnnn,AAUU,55365.31152646,55365.31152646,17375921-3908148,13.212,0.023,12.922,0.023,12.71,0.019,AAA,deficit,10,-40.0,-35.0,False,,,,,,,,0.5019998550415039,dwarf,-0.3002398625201024,-5.3750037891627125,-0.49900012893709866,-7.654823830794216,,,-0.00014813887537545867,-0.0015918197792501381,False,False,1439.1862784773955,False,False,False,False,False,False,False,False,False,False,False,False,False,False,False,False,True,False,False,False,3.70930016186377,True,True,False,unmeasured,unmeasured,,
461960742423887104,48.51654833540678,59.02719171535949,140.3924316734748,1.07829376280254,39.29424019492502,0.4540961253273674,0.02551204,17.799286,0.5087326246401029,-0.7937596686199747,1.3932236,11.253401,11.566423,10.740883,0.82554054,NOT_AVAILABLE,0,0,1.2184448,333696897,0.026458012,1,0,0.01786267,1,0,J031403.96+590137.8,48.5165332,59.0271907,10.108,0.023,10.116,0.021,9.927,0.05,7.004,0.103,0000,0,0110,AAAA,55336.55799978,55336.55799978,03140396+5901378,10.082,0.023,9.9,0.03,9.781,0.021,AAA,deficit,29,55.0,60.0,False,,,,,,,,0.30099964141845703,dwarf,-0.37644014022810723,-8.347104206623534,-0.3583598030046554,-7.634170105114077,-0.21564010605000578,-1.9437127161419383,0.05704986121418143,1.0110562874711035,False,False,2202.1769053393245,False,False,False,False,False,False,False,False,False,False,False,False,False,False,False,False,True,False,False,False,0.9427954682225089,True,True,False,deficit,unmeasured,,
1019825007885543936,141.5393804740731,52.63341261320409,164.49243278995021,44.425025149203364,35.382426496678114,0.3959957658489151,0.017938333,22.075396,1.0627464037218497,-2.5240475552804216,1.0176122,14.202077,14.484595,13.757349,0.7272463,NOT_AVAILABLE,0,0,1.1930856,1074639209,0.87187666,1,0,0.08940647,1,0,J092609.35+523800.5,141.5389917,52.6334776,14.124,0.176,14.245,0.174,11.755,,8.996,,0000,0,43nn,BBUU,55393.37969374,55393.37969374,09260943+5238003,13.227,0.022,12.925,0.032,12.904,0.029,AAA,deficit,28,50.0,55.0,False,,,,,,,,0.3229999542236328,dwarf,-1.2681199865722446,-6.993407183774938,-1.36127988281194,-7.552606893562628,,,0.04212317135534205,0.7403872628004932,False,False,2525.279526300621,False,False,False,False,False,False,False,False,False,False,False,False,False,False,False,False,True,False,False,False,2.738657696745031,True,True,False,unmeasured,unmeasured,,
508762038981840896,29.174415242670356,62.46854860025693,130.39317043305104,0.5459475686245535,46.38193913591497,0.16769384342190985,0.017936993,9.34905,-1.8660956677178762,0.31593231210452316,0.99021083,14.559616,15.250793,13.731044,1.5197496,NOT_AVAILABLE,0,0,1.2866079,924034110,0.023248574,1,0,0.084868886,1,0,J015641.86+622806.7,29.1744288,62.4685426,11.997,0.022,11.977,0.022,11.915,0.284,8.343,,0000,0,22nn,AABU,55346.57704788,55346.57704788,01564186+6228066,12.393,0.022,11.954,0.023,11.597,0.016,AAA,deficit,30,60.0,65.0,False,,,,,,,,0.7959995269775391,giant,-0.49761998108285466,-12.226350257357813,-0.38214992065646236,-7.501797044480233,,,0.24579638445356888,4.920832673268628,False,False,5963.248140744481,False,False,False,False,False,False,False,False,False,False,False,False,False,False,False,False,False,False,False,False,1.8926505929270558,True,True,False,unmeasured,unmeasured,,
4038844072548623232,271.7989198222672,-35.499144019247716,356.5806553254978,-7.225869095890267,-12.06921450633421,0.5108096507738401,0.027190704,18.786186,-0.7290815829145105,-6.602319650193056,0.91287947,14.666375,15.006078,14.140285,0.8657932,NOT_AVAILABLE,0,0,1.2137393,678677789,0.10400494,1,0,0.05245601,1,0,J180711.73-352956.9,271.7988931,-35.4991515,13.432,0.036,13.759,0.062,12.42,,8.971,,0000,0,22nn,AAUU,55364.64193368,55364.64193368,18071174-3529568,13.558,0.022,13.263,0.027,13.164,0.033,AAA,deficit,10,-40.0,-35.0,False,,,,,,,,0.3940000534057617,dwarf,-0.31262080444328616,-5.220123523472395,-0.6054804370880744,-7.493085295235252,,,0.019140311436785407,0.3038934150564176,False,False,1957.6764034999565,False,False,False,False,False,False,False,False,False,False,False,False,False,False,False,False,True,False,False,False,6.642453215331704,True,True,False,unmeasured,unmeasured,,
5254571021283225600,158.67102180215406,-59.13924815830146,286.17783742080155,-0.7902211274172534,-59.518843528569306,0.5451539408324659,0.017026676,32.01764,-10.093958564116448,-0.6861633982571019,0.95555896,14.65195,14.925825,14.215501,0.7103243,NOT_AVAILABLE,0,0,1.1927369,128068927,0.23991929,1,0,0.08893118,1,0,J103441.03-590821.1,158.6709717,-59.1391946,13.636,0.042,13.924,0.06,10.627,,9.2,,0000,0,43nn,AAUU,55391.46015522,55391.46015522,10344105-5908212,13.667,0.021,13.507,0.029,13.358,0.037,AAA,deficit,6,-60.0,-55.0,False,,,,,,,,0.30900001525878906,dwarf,-0.3269604571533259,-5.046999598021971,-0.5882401840211815,-7.406538574177137,,,0.0710021609866085,1.119299927291096,False,False,1834.3442559967023,False,False,False,False,False,False,False,False,False,False,False,False,False,False,False,False,True,False,False,False,10.11725356523239,True,True,False,unmeasured,unmeasured,,
5958425073443146624,263.56845778314187,-43.873436209713994,346.09777803797544,-5.9738795402033675,-20.54453778212904,1.1133996969878548,0.030957848,35.965023,-13.148279024774546,-10.984924974365782,1.0364101,14.902081,15.318626,14.314513,1.0041132,NOT_AVAILABLE,0,0,1.2173084,1626425435,0.089902274,1,0,0.06886572,1,0,J173416.42-435224.3,263.5684576,-43.8734339,13.353,0.03,13.539,0.037,11.992,,8.902,,0000,0,11nn,AAUU,55371.36958478,55368.15937994,17341644-4352242,13.631,0.024,13.203,0.022,13.095,0.023,AAA,deficit,9,-45.0,-40.0,False,,,,,,,,0.5359992980957031,dwarf,-0.3138794482334048,-6.07212217000012,-0.4521199824473582,-7.343781667978497,,,0.09038611488904191,1.4293257919181652,False,False,898.1500558203477,False,False,False,False,False,False,False,False,False,False,False,False,False,False,False,False,True,False,False,False,17.13317886458235,True,True,False,unmeasured,unmeasured,,
5255504575362542976,154.918251507719,-58.89774034991683,284.40584908836894,-1.5967842107020451,-60.77341236531701,0.5255821474698856,0.018481081,28.438929,-5.872192950524814,3.3556894375622868,0.99641395,14.8215,15.1554165,14.316978,0.83843803,NOT_AVAILABLE,0,0,1.2031317,422456227,0.029836236,1,0,0.07795371,1,0,J101940.38-585351.8,154.9182791,-58.8977392,13.567,0.027,13.767,0.038,12.451,,9.205,,0000,0,31nn,AAUU,55460.31245168,55460.31245168,10194040-5853519,13.724,0.023,13.477,0.029,13.299,0.032,AAA,deficit,6,-60.0,-55.0,False,,,,,,,,0.4250001907348633,dwarf,-0.31200055313084146,-5.678226389983494,-0.47600025177076144,-7.298582080864386,,,0.0853981488544373,1.3835584930536216,False,False,1902.6521445104777,False,False,False,False,False,False,False,False,False,False,False,False,False,False,False,False,True,False,False,False,6.763379454796279,True,True,False,unmeasured,unmeasured,,
458708799349701632,35.317437378022674,58.074146003864065,134.6002019925229,-2.747957356492037,41.07840235779185,0.5809082150047098,0.017191589,33.79026,-1.4275455187109385,-2.189772946444693,1.0971968,11.053887,11.311052,10.619269,0.69178295,NOT_AVAILABLE,0,0,1.2004169,596061278,0.10091199,1,0,0.02525776,1,0,J022116.18+580426.8,35.3174412,58.0741214,10.115,0.022,10.145,0.019,10.225,0.061,8.311,,0000,0,nnnn,AAAU,55331.01623387,55331.01623387,02211618+5804269,10.16,0.024,10.054,0.03,9.828,0.021,AAA,deficit,29,55.0,60.0,False,,,,,,,,0.3319997787475586,dwarf,-0.3345802287287075,-7.476894520273913,-0.3358801210031079,-7.175366525061811,-0.4715400019861398,-3.7484661791450713,0.03352833234930541,0.5977734544378738,False,False,1721.4423452281396,False,False,False,False,False,False,False,False,False,False,False,False,False,False,False,False,True,False,False,False,2.613999189933454,True,True,False,deficit,unmeasured,,
5724157490982573824,120.90994921071122,-16.311659445750493,235.83750138853674,7.851050068361883,-35.819350513894555,0.18628823428882094,0.034660302,5.374686,-2.6316828524898543,4.381114832329102,1.1160101,10.601506,10.51672,10.738914,-0.22219372,NOT_AVAILABLE,0,0,1.1550171,799876576,0.03484525,1,0,0.05193325,1,0,J080338.38-161842.0,120.9099437,-16.3116689,11.116,0.023,11.159,0.02,11.125,0.289,8.68,,0000,0,23nn,AABU,55412.39361013,55412.39361013,08033838-1618420,10.801,0.026,10.858,0.028,10.798,0.021,AAA,deficit,14,-20.0,-15.0,False,,,,,,,,0.0029993057250976562,blue,-0.34308014373805773,-7.709372318821678,-0.35593970474158426,-7.1451291566118575,,,-0.41728687286376953,-7.711374439744539,False,False,5368.025542877828,False,False,False,False,False,False,False,False,False,False,False,False,False,False,False,False,False,False,False,False,5.110765286152671,True,True,False,unmeasured,unmeasured,,
4035310723147426816,269.7504010255516,-40.95175836006597,350.9702690382803,-8.418913363344318,-17.512648775068268,0.4536828319981877,0.030975133,14.646679,-1.8596115327921696,-3.8483854926226173,1.0573237,14.87568,15.174611,14.415957,0.75865364,NOT_AVAILABLE,0,0,1.1935139,332636471,0.14009814,1,0,0.06262615,1,0,J175900.10-405706.3,269.7504534,-40.9517654,13.814,0.028,14.046,0.048,12.424,,8.784,,0000,0,22nn,AAUU,55363.19874113,55363.04865997,17590010-4057063,13.935,0.022,13.764,0.035,13.536,0.037,AAA,deficit,9,-45.0,-40.0,False,,,,,,,,0.3990001678466797,dwarf,-0.32252010101295286,-5.559999658711122,-0.5200797393800746,-7.144355198691787,,,0.03618488400752495,0.5627510764817352,False,False,2204.1830315589164,False,False,False,False,False,False,False,False,False,False,False,False,False,False,False,False,True,False,False,False,4.2741345267459545,True,True,False,unmeasured,unmeasured,,
4144129698154066944,272.2876166513376,-16.791978768618986,13.218906982398943,1.4090293825302997,6.629795594247947,1.0141678696614642,0.024832627,40.840137,-0.2740337104558855,-2.9120790313337928,1.0550238,14.753792,15.255742,14.079598,1.1761436,NOT_AVAILABLE,0,0,1.239991,381906824,0.14290084,1,0,0.021241615,1,0,J180909.03-164730.9,272.2876259,-16.7919355,13.087,0.055,14.607,0.264,10.82,0.387,8.413,0.395,0000,0,1nnn,ABCC,55365.63016626,55365.63016626,18090902-1647310,13.206,0.029,12.83,0.028,12.714,0.034,AAA,deficit,14,-20.0,-15.0,False,,,,,,,,0.4920005798339844,dwarf,-0.424040362999425,-5.708545862712672,-1.9020004417406158,-7.04356269569873,,,0.030865635577356,0.3778413130366616,False,False,986.0300547026859,False,False,False,False,False,False,False,False,False,False,False,False,False,False,False,False,True,False,False,False,2.924944231810272,True,True,False,unmeasured,unmeasured,,
6027701242312388480,254.06589955128013,-31.41974955204106,351.8764577368449,7.3601892021779625,-8.735767717902661,0.7029153831163933,0.028102081,25.01293,0.8332525355781937,-3.9443029654840345,1.0113494,14.939273,15.380793,14.310831,1.0699615,NOT_AVAILABLE,0,0,1.2338157,349404761,0.48885974,1,0,0.022704566,1,0,J165615.80-312511.5,254.0658562,-31.4198745,13.575,0.082,13.859,0.094,10.807,,7.774,,0000,0,00nn,AAUU,55366.27081846,55414.84863421,16561581-3125110,13.546,0.026,13.174,0.024,13.09,0.037,AAA,deficit,11,-35.0,-30.0,False,,,,,,,,0.45599937438964844,dwarf,-0.5321000627144813,-5.4807860707839655,-0.7776199898504714,-7.0431649561823715,,,0.020703429763670567,0.280389504011065,False,False,1422.6463440968876,False,False,False,False,False,False,False,False,False,False,False,False,False,False,False,False,True,False,False,False,4.031356554755934,True,True,False,unmeasured,unmeasured,,
504860009654887808,29.029746365932542,56.55437819857735,131.79792858774698,-5.199861356428959,41.236586769097414,0.4336246491365087,0.033224378,13.0514,-0.5853561081656011,-1.315676747609404,0.9838012,10.052329,10.065352,9.984215,0.08113766,NOT_AVAILABLE,0,0,1.1647589,934143202,0.087339126,1,0,0.032783683,1,0,J015607.13+563315.8,29.0297222,56.5543999,10.026,0.023,10.054,0.02,9.956,0.052,8.648,,0000,0,000n,AAAU,55335.58362129,55335.58362129,01560713+5633157,9.873,0.025,9.81,0.03,9.749,0.02,AAA,deficit,29,55.0,60.0,False,,,,,,,,0.12400054931640625,blue,-0.3031003896362381,-7.301357891480766,-0.30999009437288627,-6.998709968276114,-0.252860801931819,-2.532074747293971,0.08253669738769531,1.5360524791511703,False,False,2306.1419640035074,False,False,False,False,False,False,False,False,False,False,False,False,False,False,False,False,True,False,False,False,1.4400163462845963,True,True,False,deficit,unmeasured,,
5961763117681796096,263.1505698629425,-38.8853814033121,350.13948924748945,-3.0162744976900173,-15.577500694618305,0.9277236862232312,0.029718582,31.216957,-2.619653548842478,0.8355543942885149,0.8894412,14.987352,15.439213,14.367834,1.0713787,NOT_AVAILABLE,0,0,1.2230922,862283515,0.28185079,1,0,0.015040025,1,0,J173236.12-385307.1,263.1505173,-38.8853186,13.507,0.059,14.424,0.18,12.015,,8.489,,0000,0,nnnn,ABUU,55357.30093366,55353.23698082,17323614-3853073,13.596,0.022,13.259,0.03,13.135,0.033,AAA,deficit,10,-40.0,-35.0,False,,,,,,,,0.4609994888305664,dwarf,-0.419599990998016,-5.456592744726525,-1.2977199353007454,-6.886900161663508,,,0.02139561950025337,0.29706703395635625,False,False,1077.90715581598,False,False,False,False,False,False,False,False,False,False,False,False,False,False,False,False,True,False,False,False,2.7496792288879512,True,True,False,unmeasured,unmeasured,,
4661535234258618624,73.81080914719114,-68.18306245054563,279.3407054754888,-35.727037089364956,-83.58419133051798,-0.02862176444963251,0.019721918,-1.4512668,1.7604367655128161,-0.2294837693994789,0.95868194,14.594247,14.53138,14.692085,-0.16070557,NOT_AVAILABLE,0,0,1.1531113,1271547765,0.19656616,1,0,0.13799106,1,0,J045514.56-681059.1,73.8106768,-68.1830906,15.169,0.028,15.488,0.057,13.129,,9.714,,0000,0,3nnn,AAUU,55442.36598211,55442.36598211,04551457-6810591,14.844,0.035,14.854,0.076,14.636,0.095,AAA,deficit,4,-70.0,-65.0,False,,,,,,,,0.20800018310546875,blue,-0.5309999885559087,-5.03358628087622,-0.8275004043579095,-6.8826958329626065,,,-0.1898975372314453,-1.6981133897888514,False,False,,False,False,False,False,False,False,False,False,False,False,False,False,False,False,False,False,False,False,False,False,1.775331069346509,True,True,False,unmeasured,unmeasured,,
6560645321546655488,329.88770282224345,-49.26501905127528,347.1790498187862,-50.39520551364482,-34.4010493858223,1.2213033610930644,0.014615981,83.559456,10.524207278103495,-0.7987518602539883,1.0435735,13.803921,14.085646,13.362372,0.7232733,NOT_AVAILABLE,0,1,1.1916397,225609929,0.81828153,1,0,0.06390853,1,0,J215933.12-491554.1,329.8880247,-49.2650438,14.184,0.225,14.041,0.217,11.14,,8.879,,0000,0,nnnn,BBUU,55418.19974158,55418.19974158,21593302-4915540,12.871,0.022,12.59,0.023,12.574,0.026,AAA,deficit,8,-50.0,-45.0,False,,,,,,,,0.2969999313354492,dwarf,-1.659679899749723,-7.252777842071134,-1.49091949233925,-6.729940159198325,,,-0.019046365083341232,-0.3430960134716105,False,False,818.7973863471576,False,False,False,False,False,False,False,False,False,False,False,False,False,False,False,False,True,False,False,False,10.554475039846642,True,True,False,unmeasured,unmeasured,,
4100495991564383104,281.2931693601421,-14.935879702453919,18.897747120672246,-5.394881059350338,8.072529650819595,0.6013162631719913,0.024296958,24.748623,1.0229936170089666,-0.2043824762742268,0.95944184,10.090049,10.29076,9.735944,0.55481625,NOT_AVAILABLE,0,0,1.1860659,1515602993,0.058371022,1,0,0.011965015,1,0,J184510.36-145609.1,281.2931825,-14.9358871,9.199,0.023,9.242,0.019,9.294,0.061,8.282,0.337,0000,0,000n,AAAB,55373.76370752,55373.76370752,18451035-1456091,9.239,0.021,9.085,0.022,8.94,0.026,AAA,deficit,15,-15.0,-10.0,False,,,,,,,,0.29900074005126953,dwarf,-0.30856063034091413,-6.477941454282029,-0.3256401817412123,-6.711443873434515,-0.42336082473461295,-3.6297189422644514,0.17720430723420544,2.8838933137335907,False,False,1663.0183835789178,False,False,False,False,False,False,False,False,False,False,False,False,False,False,False,False,False,False,False,False,1.043210495081924,True,True,False,deficit,unmeasured,,
5597797624687631232,119.82566571442206,-28.378968296891216,245.62363126140914,0.674087835388517,-47.70563319609706,0.28173906973880003,0.0349826,8.053691,-1.7338067754548567,2.4403522736093524,2.7006981,12.002298,12.158978,11.684089,0.47488976,NOT_AVAILABLE,0,0,1.192048,747558785,0.14063357,1,0,0.07273597,1,0,J075918.16-282244.4,119.8256698,-28.379011,11.315,0.024,11.34,0.021,10.962,0.115,8.86,,0000,0,120n,AABU,55421.2588975,55418.39371914,07591815-2822443,11.389,0.027,11.23,0.025,11.033,0.023,AAA,deficit,12,-30.0,-25.0,False,,,,,,,,0.3559999465942383,dwarf,-0.3281403535460113,-6.949297897531969,-0.3220400715639405,-6.556191392569162,-0.008819844208366165,-0.054326728832119454,0.1509059781747052,2.354313351452557,False,False,3549.383480704678,False,False,False,False,False,False,False,False,False,False,False,False,False,False,False,False,False,False,True,False,2.993560614706758,True,True,False,normal,unmeasured,,
5338773271003756928,164.8571959681812,-59.19441429982203,289.0181772048527,0.6175524592810724,-57.272285256502016,0.46009862466124574,0.016208969,28.385433,-10.32663354514796,3.095776045767283,0.97810966,14.346917,14.635477,13.894826,0.74065113,NOT_AVAILABLE,0,0,1.1942974,752699414,0.13631657,1,0,0.08316897,1,0,J105925.75-591139.9,164.8572951,-59.1944331,13.263,0.033,13.393,0.033,12.848,,9.015,,0000,0,nnnn,AAUU,55398.17357806,55398.17357806,10592573-5911399,13.373,0.021,13.12,0.024,13.008,0.034,AAA,deficit,6,-60.0,-55.0,False,,,,,,,,0.36499977111816406,dwarf,-0.3006000045770775,-5.164657181292382,-0.3985996810922523,-6.545752828120539,,,0.06555769618535079,1.057820637793971,False,False,2173.447053305722,False,False,False,False,False,False,False,False,False,False,False,False,False,False,False,False,True,False,False,False,10.780685956900964,True,True,False,unmeasured,unmeasured,,
4036581101407792640,268.75232857992853,-38.78766203104143,352.4979121285488,-6.693592853078546,-15.352748744469613,0.4856914450060795,0.0287396,16.899729,1.5843765026430512,-3.059122127540368,0.8708364,14.839001,15.147718,14.356653,0.7910652,NOT_AVAILABLE,0,0,1.2021093,1750719749,0.05769959,1,0,0.025477791,1,0,J175500.56-384715.6,268.7523397,-38.7876688,13.819,0.037,14.104,0.069,12.059,,8.756,,0000,0,11nn,AAUU,55342.22106353,55342.22106353,17550055-3847155,13.893,0.021,13.657,0.021,13.561,0.035,AAA,deficit,10,-40.0,-35.0,False,,,,,,,,0.3319997787475586,dwarf,-0.30558042709296596,-5.043217705191385,-0.5618803193673653,-6.542702245934794,,,-0.0797123260708763,-1.2552110786386195,False,False,2058.920350115458,False,False,False,False,False,False,False,False,False,False,False,False,False,False,False,False,True,False,False,False,3.4450656152437116,True,True,False,unmeasured,unmeasured,,
5597212821942742144,118.70544725556229,-29.98388392724173,246.48469526226518,-0.9964858219278735,-49.52722854329955,0.2439912179095061,0.012812036,19.043907,-2.1602603861710348,3.387578857328405,0.9866004,12.714499,12.947804,12.304043,0.64376163,NOT_AVAILABLE,0,0,1.1993088,606224542,0.01771937,1,0,0.017752564,1,0,J075449.30-295902.0,118.7054504,-29.9838939,11.902,0.023,11.927,0.024,11.883,0.296,8.868,,0000,0,01nn,AABU,55417.58633865,55417.58633865,07544931-2959020,11.957,0.028,11.731,0.023,11.618,0.024,AAA,deficit,12,-30.0,-25.0,False,,,,,,,,0.33899974822998047,dwarf,-0.3311602857965032,-7.066625592921332,-0.32676013519390756,-6.462311721494486,,,-0.009520023884761697,-0.16517510589715576,False,False,4098.508169957535,False,False,False,False,False,False,False,False,False,False,False,False,False,False,False,False,True,False,False,False,4.017762493064796,True,True,False,unmeasured,unmeasured,,
3374410363994499456,90.86236800104432,18.73231912844591,190.86224489546635,-1.6479275778201126,-4.704508637887234,0.46037444117938536,0.0286556,16.065775,-0.3110285331221024,-1.109729692319301,1.0151417,10.474487,10.669244,10.123173,0.54607105,NOT_AVAILABLE,0,0,1.1878836,561324317,0.015224285,1,0,0.07510605,1,0,J060326.96+184356.3,90.8623686,18.7323166,9.645,0.022,9.629,0.021,9.286,0.039,7.57,0.188,0000,0,110n,AAAB,55374.73716719,55374.73716719,06032696+1843564,9.61,0.023,9.503,0.022,9.357,0.02,AAA,deficit,21,15.0,20.0,False,,,,,,,,0.25299930572509766,dwarf,-0.34031999862872103,-7.5447154447321365,-0.3025195645214698,-6.447347298784769,0.0036801374887877603,0.0376752550045642,0.15665074620483177,2.63415773991956,False,False,2172.1449119508115,False,False,False,False,False,False,False,False,False,False,False,False,False,False,False,False,False,False,False,False,1.1524924027650583,True,True,False,normal,unmeasured,,
6651936255880310528,271.6411308122789,-56.26606566145614,337.539532643285,-16.44252405003507,-32.83296331930887,0.5178245147253141,0.024130065,21.459723,0.6255252005695155,-4.410949990599743,1.0000037,14.837371,15.132242,14.37471,0.7575321,NOT_AVAILABLE,0,0,1.1973193,21098485,0.5857929,1,0,0.07595427,1,0,J180633.88-561557.2,271.6411739,-56.2658981,14.003,0.068,14.044,0.075,11.552,,9.232,,0000,0,20nn,AAUU,55374.68928507,55374.68928507,18063386-5615578,13.872,0.032,13.514,0.028,13.432,0.046,AAA,deficit,6,-60.0,-55.0,False,,,,,,,,0.4399995803833008,dwarf,-0.6165000976568261,-6.876364766585832,-0.6202999240858925,-6.323797982013407,,,0.0954179276595819,1.4305716522948526,False,False,1931.156157275523,False,False,False,False,False,False,False,False,False,False,False,False,False,False,False,False,True,False,False,False,4.455082669953432,True,True,False,unmeasured,unmeasured,,
4036528805880888448,269.6325177054301,-38.94533994613929,352.698302664185,-7.368109595110064,-15.506437435495176,0.23224425254646705,0.06385128,3.6372683,-0.3372431383928825,-1.5693737494329516,2.8552425,14.663254,14.957375,14.159164,0.79821014,NOT_AVAILABLE,0,8,1.2227716,1557973918,0.097726606,1,0,0.07736223,1,0,J175831.80-385643.3,269.6325087,-38.9453636,13.47,0.038,13.595,0.042,11.879,,8.907,,0000,0,22nn,AAUU,55353.88180988,55350.31492451,17583181-3856432,13.553,0.023,13.327,0.022,13.198,0.035,AAA,deficit,10,-40.0,-35.0,False,,,,,,,,0.35500049591064453,dwarf,-0.31820035629393556,-5.167560384583677,-0.41220002593789884,-6.193406394312223,,,0.09559707195148759,1.5079891069306175,False,False,4305.811614433479,False,False,False,False,False,False,False,False,False,False,False,False,False,False,False,False,True,False,True,False,1.605199956330152,True,True,False,unmeasured,unmeasured,,
5956979902857908736,267.7457755138112,-41.4629325840786,349.7735909329466,-7.355612604282672,-18.03755105534383,0.31521917618587536,0.02289725,13.766684,1.4539106746746489,-3.249742676188082,0.85385495,13.866999,14.016906,13.598039,0.4188671,NOT_AVAILABLE,0,0,1.170951,709871246,0.10981464,1,0,0.03357025,1,0,J175058.98-412746.4,267.7457588,-41.4628989,13.304,0.032,13.407,0.04,12.411,,9.054,,0000,0,21nn,AAUU,55376.81564032,55364.95759603,17505898-4127464,13.271,0.021,13.182,0.021,13.057,0.029,AAA,deficit,9,-45.0,-40.0,False,,,,,,,,0.21399974822998047,dwarf,-0.3007801206183653,-5.405258299046926,-0.38477984412941474,-6.159928924577467,,,0.06298255920410156,0.9384391293261845,False,False,3172.39582978394,False,False,False,False,False,False,False,False,False,False,False,False,False,False,False,False,True,False,False,False,3.560152203399592,True,True,False,unmeasured,unmeasured,,
3105247645473647104,101.42017840805555,-4.4428080117124225,216.23505999822123,-3.302625272004884,-27.374317163871968,0.507213696587226,0.032063138,15.819216,-0.6842810650013184,-0.9701737090652461,2.1110857,13.457216,13.701737,13.052909,0.6488285,NOT_AVAILABLE,0,0,1.1898274,701430747,1.3331518,1,0,0.021709215,1,0,J064540.84-042635.4,101.4201956,-4.4431765,12.966,0.117,12.999,0.119,11.891,,8.532,,0000,0,nnnn,BBUU,55380.29523256,55380.29523256,06454084-0426340,12.5,0.068,12.361,0.03,12.247,0.027,AAA,deficit,17,-5.0,0.0,False,,,,,,,,0.25300025939941406,dwarf,-0.7713205517570594,-6.181722578107464,-0.7825200222751018,-6.1384734355634425,,,0.09468376911900056,1.606039875521901,False,False,1971.5555923045329,False,False,False,False,False,False,False,False,False,False,False,False,False,False,False,False,True,False,True,False,1.1872142189515569,True,True,False,unmeasured,unmeasured,,
6083008021518329856,203.9420971841208,-48.020099844469804,310.55306294112484,14.194583385813191,-35.034268950648816,0.8237104085085077,0.029256897,28.1544,0.41118353612655956,-0.5265673247377917,0.9794287,14.84286,15.170452,14.346265,0.8241873,NOT_AVAILABLE,0,0,1.2013739,971856146,0.6453641,1,0,0.093781345,1,0,J133546.14-480112.8,203.9422522,-48.0202448,13.963,0.087,14.053,0.088,12.12,,9.475,,0000,0,nnnn,AAUU,55326.5543942,55329.10171487,13354610-4801124,13.774,0.028,13.475,0.039,13.417,0.046,AAA,deficit,8,-50.0,-45.0,False,,,,,,,,0.35700035095214844,dwarf,-0.5920805072030041,-5.694228541062708,-0.6508801782212111,-6.121603588238706,,,0.0015325654203475203,0.022671453524481484,False,False,1214.0188950758795,False,False,False,False,False,False,False,False,False,False,False,False,False,False,False,False,True,False,False,False,0.6680905985441321,True,True,False,unmeasured,unmeasured,,
5957956028682329472,268.01246424027994,-39.91843994590165,351.2235931142878,-6.759295761796047,-16.49012559097624,0.9467870094978424,0.02860426,33.09951,-4.664501797269324,-6.656132422347628,1.0320599,14.8738785,15.261912,14.303407,0.95850563,NOT_AVAILABLE,0,0,1.21916,1224376672,0.12829039,1,0,0.037765935,1,0,J175203.00-395506.2,268.0125008,-39.918401,13.458,0.035,13.626,0.052,12.723,,8.944,,0000,0,31nn,AAUU,55389.76243347,55369.20354851,17520300-3955062,13.647,0.026,13.28,0.023,13.185,0.033,AAA,deficit,10,-40.0,-35.0,False,,,,,,,,0.46199989318847656,dwarf,-0.32069983932509794,-5.301404876007352,-0.44973975654560483,-5.896381921176998,,,0.05072790644044223,0.7719442259860505,False,False,1056.2037606857118,False,False,False,False,False,False,False,False,False,False,False,False,False,False,False,False,True,False,False,False,8.127833403838691,True,True,False,unmeasured,unmeasured,,
3031208804505051136,108.86565089478063,-16.208311681171846,230.0564510509083,-2.169502825644409,-38.137025413630255,0.09154376568100939,0.02006614,4.5621014,-0.6543225821117071,1.5201593216732703,1.0735338,14.682433,15.029552,14.145259,0.88429356,NOT_AVAILABLE,0,0,1.2171403,893514609,0.04960504,1,0,0.113467254,1,0,J071527.75-161229.9,108.8656611,-16.2083246,13.245,0.026,13.274,0.032,12.104,,8.776,,0000,0,nnnn,AAUU,55383.95394306,55383.95394306,07152776-1612299,13.279,0.023,13.047,0.023,12.969,0.027,AAA,deficit,14,-20.0,-15.0,False,,,,,,,,0.3100004196166992,dwarf,-0.3249003723146438,-6.538866440737326,-0.3271000785878847,-5.880599248287484,,,0.19940067315837906,3.2866198134120332,False,False,10923.736778368606,False,False,False,False,False,False,False,False,False,False,False,False,False,False,False,False,False,False,False,False,1.6549992159307716,True,True,False,unmeasured,unmeasured,,
5351606598903578368,158.90298451057194,-57.248667628022126,285.34108209252884,0.9095205230264232,-58.11236594257339,0.8048916171118907,0.061725505,13.039855,1.1101418881959275,4.997530087368498,2.9368217,14.887051,15.248406,14.321032,0.92737484,NOT_AVAILABLE,0,0,1.2288653,640666578,0.09149293,1,0,0.067558244,1,0,J103536.72-571455.1,158.9030067,-57.2486536,13.357,0.037,13.475,0.039,12.215,,9.056,,0000,0,11nn,AAUU,55438.93520556,55438.93520556,10353671-5714552,13.654,0.026,13.294,0.023,13.107,0.03,AAA,deficit,6,-60.0,-55.0,False,,,,,,,,0.5469999313354492,dwarf,-0.30675955261144455,-5.193251875725601,-0.37523992675731954,-5.770139096556705,,,0.19507543989675424,3.0659130602286395,False,False,1242.4032984567493,False,False,False,False,False,False,False,False,False,False,False,False,False,False,False,False,False,False,True,False,5.119347808664752,True,True,False,unmeasured,unmeasured,,
505375096491527552,29.319272528650856,57.86826147162847,131.61961072180904,-3.8886529851820404,42.32621502902855,0.25860395507113265,0.016685825,15.498422,-0.7376198932985448,-1.1727385655135456,0.9828025,12.9793415,13.318983,12.459626,0.8593569,NOT_AVAILABLE,0,0,1.209768,1641096987,0.021802623,1,0,0.03902951,1,0,J015716.62+575205.7,29.3192648,57.8682663,12.009,0.023,11.961,0.023,11.288,0.158,9.006,,0000,0,11nn,AABU,55330.43155324,55330.43155324,01571662+5752057,12.106,0.021,11.874,0.029,11.646,0.027,AAA,deficit,29,55.0,60.0,False,,,,,,,,0.46000003814697266,dwarf,-0.41050036773676424,-8.05196785239627,-0.3237002628327908,-5.661222325463141,0.2514000717166928,1.2021187508712623,-0.13903905848201292,-2.3221220935369242,False,False,3866.9168834828374,False,False,False,False,False,False,False,False,False,False,False,False,False,False,False,False,False,False,False,False,1.3854237077632696,True,True,False,excess,unmeasured,,
2952446216759417472,100.82281089077759,-13.29013783635581,223.9186472088687,-7.7935970606338785,-36.23871389495207,0.5587475942090392,0.023159264,24.126312,-0.7462963310688904,1.0859531717410063,1.1463532,14.186052,14.424223,13.783419,0.6408043,NOT_AVAILABLE,0,0,1.1922826,345155337,1.1190467,1,0,0.06804085,1,0,J064317.47-131725.6,100.822795,-13.2904499,13.664,0.118,13.756,0.127,12.094,,8.039,,0000,0,nnnn,BBUU,55376.98482482,55376.98482482,06431747-1317244,13.26,0.029,13.061,0.027,13.027,0.034,AAA,deficit,15,-15.0,-10.0,False,,,,,,,,0.2329998016357422,dwarf,-0.6905199505620983,-5.406498136780325,-0.7627196194478899,-5.572410791217918,,,0.058584978622092665,0.9379354652459552,False,False,1789.7168781828866,False,False,False,False,False,False,False,False,False,False,False,False,False,False,False,False,True,False,False,False,1.3176693458456255,True,True,False,unmeasured,unmeasured,,
228086063620072832,65.60019239990862,40.98343881713364,160.11346145955423,-6.182830215925571,19.163219091183798,0.13557991766272343,0.024387777,5.559339,0.6452957783150954,-0.3368243160034279,1.015247,14.515348,14.778342,14.084391,0.6939516,NOT_AVAILABLE,0,0,1.1952398,1054181949,0.044426266,1,0,0.19196968,1,0,J042224.04+405900.3,65.600175,40.9834371,13.386,0.026,13.433,0.032,12.369,,8.989,,0000,0,00nn,AAUU,55352.22752526,55352.22752526,04222404+4059001,13.498,0.028,13.345,0.036,13.131,0.028,AAA,deficit,26,40.0,45.0,False,,,,,,,,0.3670005798339844,dwarf,-0.30048076965473486,-5.885406716725142,-0.31528035217046263,-5.50866924622876,,,0.18841211887956844,3.192478120386869,False,False,7375.723611867495,False,False,False,False,False,False,False,False,False,False,False,False,False,False,False,False,False,False,False,False,0.7279129490278778,True,True,False,unmeasured,unmeasured,,
6662062689251754240,284.2110638651723,-48.617777932352894,347.9420161601999,-20.855341293640738,-25.689050406401734,0.2190493062370903,0.016955346,12.9191885,2.4831092577359275,-3.599391047804553,1.0194825,13.998227,14.528274,13.31342,1.2148533,NOT_AVAILABLE,0,0,1.2360172,487729790,1.039895,1,0,0.08548451,1,0,J185650.54-483703.9,284.2106215,-48.617761,12.544,0.144,12.525,0.133,10.652,,9.098,,0000,0,33nn,BBUU,55373.90877564,55373.90877564,18565064-4837039,12.39,0.026,11.869,0.026,11.764,0.025,AAA,deficit,8,-50.0,-45.0,False,,,,,,,,0.6260004043579102,giant,-0.8511200999473525,-5.728734456282456,-0.7579402670231951,-5.4706739883658555,,,0.03200041345553428,0.6807813209367394,False,False,4565.182228505392,False,False,False,False,False,False,False,False,False,False,False,False,False,False,False,False,True,False,False,False,4.372807736554333,True,True,False,unmeasured,unmeasured,,
1832332489872319232,304.868495236911,25.03498302884643,65.25165346511193,-6.270990557079625,43.153322737850075,0.6738887222563203,0.02150834,31.331509,-6.595923969160692,-8.369211689468674,1.0473522,14.784978,15.427822,14.01387,1.4139519,NOT_AVAILABLE,0,0,1.2575303,1768363595,0.042960726,1,0,0.029866103,1,0,J201928.44+250206.0,304.8685126,25.0350063,12.288,0.022,12.361,0.022,12.332,,9.078,,0000,0,11nn,AAUU,55382.25788439,55382.25788439,20192844+2502061,13.015,0.023,12.47,0.024,12.083,0.022,AAA,deficit,23,25.0,30.0,False,,,,,,,,0.9320001602172852,dwarf,-0.33386998542741664,-7.2293443984999275,-0.3635998174281123,-5.43462798600158,,,0.2905996704066629,2.570662252965369,False,False,1483.9245219177892,False,False,False,False,False,False,False,False,False,False,False,False,False,False,False,False,False,False,False,False,10.655980354246513,True,True,False,unmeasured,unmeasured,,
5593353471714611456,112.16860126583457,-31.02257319994843,244.61165232615906,-6.409278098995469,-52.04834325326918,0.5537795136570489,0.014780614,37.466614,-0.46624399247391646,3.1274216662979413,1.0130615,14.298595,14.571532,13.854864,0.7166681,NOT_AVAILABLE,0,0,1.1974586,1447068138,1.2859886,1,0,0.05902047,1,0,J072840.46-310122.5,112.1686201,-31.0229348,13.746,0.139,13.806,0.141,12.356,,8.348,,0000,0,nnnn,BBUU,55406.22859888,55408.64923943,07284046-3101212,13.355,0.027,13.109,0.033,13.03,0.029,AAA,deficit,11,-35.0,-30.0,False,,,,,,,,0.3249998092651367,dwarf,-0.7640005455016216,-5.243980943599345,-0.7960004768348284,-5.354992962298059,,,0.035181891458705206,0.5964808762594849,False,False,1805.7728307719447,False,False,False,False,False,False,False,False,False,False,False,False,False,False,False,False,True,False,False,False,3.1619850947384003,True,True,False,unmeasured,unmeasured,,
894174365252390016,116.38489569287624,34.513403035749455,185.46880709423752,25.459445929309606,13.074775027310805,3.7814891064149534,0.040935736,92.376236,-3.517464103302605,0.4792679684569503,1.339694,14.982146,15.968091,13.989308,1.9787827,NOT_AVAILABLE,0,2,1.342858,1301294300,1.1527284,1,0,0.08717191,1,0,J074532.28+343047.9,116.384523,34.5133323,12.871,0.189,12.77,0.17,10.817,,8.824,,0000,0,33nn,BBUU,55385.07808066,55385.07808066,07453237+3430483,12.744,0.022,12.074,0.018,11.871,0.022,AAA,deficit,24,30.0,35.0,False,,,,,,,,0.8730001449584961,dwarf,-1.1116401628116002,-5.757353775638075,-1.011419789886364,-5.246382117082783,,,0.008069072209763828,0.15206207851255815,False,False,264.44608773395396,False,False,False,False,False,False,False,False,False,False,False,False,False,False,False,False,True,False,False,False,3.549965000336095,True,True,False,unmeasured,unmeasured,,
5954213394124535168,267.79555034512777,-45.956529459313025,345.84370354544154,-9.611274872386849,-22.529942633863296,0.9946652308592244,0.058996145,16.859835,2.7556617960615912,-14.004934253228624,2.1359618,14.627118,14.96166,14.118105,0.84355545,NOT_AVAILABLE,0,0,1.205602,1540162766,1.3767203,1,0,0.04681669,1,0,J175110.90-455724.7,267.7954483,-45.9568847,13.666,0.096,13.718,0.102,12.006,,8.34,,0000,0,nnnn,AAUU,55387.61287,55372.27569041,17511092-4557232,13.521,0.029,13.227,0.031,13.16,0.034,AAA,deficit,8,-50.0,-45.0,False,,,,,,,,0.36100006103515625,dwarf,-0.5518405038453639,-5.144458935605497,-0.5722401776120531,-5.016165658472916,,,0.02138606314838354,0.33989336809609766,False,False,1005.363381543122,False,False,False,False,False,False,False,False,False,False,False,False,False,False,False,False,True,False,True,False,14.273466830855417,True,True,False,unmeasured,unmeasured,,
