angle	query_name	arxiv_id	published	title	authors
A2	propulsion_detectable_solar_system	1804.09379v1	2018-04-25	Gaia Data Release 2: Observations of solar system objects	Gaia Collaboration; F. Spoto; P. Tanga; F. Mignard; J. Berthier; B. Carry; A. Cellino
A3	ellery_self_replication	2510.00082v1	2025-09-30	Technosignatures of Self-Replicating Probes in the Solar System	Alex Ellery
A3	replication_signature_population	2405.04646v1	2024-05-07	Artificial Broadcasts as Galactic Populations: I. A Point Process Formalism for Extraterrestrial Intelligences and Their Broadcasts	Brian C. Lacki
A4	family_outlier_artificial_test	2412.10264v1	2024-12-13	On The Lunar Origin of Near-Earth Asteroid 2024 PT5	Theodore Kareta; Oscar Fuentes-Muñoz; Nicholas Moskovitz; Davide Farnocchia; Benjamin N. L. Sharkey
A4	sfd_slope_artificial_debris	2110.06706v2	2021-10-13	Collision fragmentation of aggregates. The role of the interaction potential between comprising particles	Alexander Osinsky; Nikolai Brilliantov
A4	sfd_slope_artificial_debris	2110.10072v1	2021-10-04	Dynamic Split Tensile Strength of Basalt, Granite, Marble and Sandstone: Strain rate dependency and Fragmentation	Vivek Padmanabha; Frank Schaefer; Auriol S. P. Rae; Thomas Kenkmann
A4	orbital_clustering_seti	1907.05259v2	2019-07-10	Searching for Extraterrestrial Intelligence by Locating Potential ET Communication Networks in Space	Ross Davis
A4	orbital_clustering_seti	1601.03455v1	2016-01-14	Globular Clusters as Cradles of Life and Advanced Civilizations	R. Di Stefano; A. Ray
A4	cluster_orbital_elements_anomaly	1207.0836v1	2012-07-03	Searching for the first Near-Earth Object family	Eva Schunova; Mikael Granvik; Robert Jedicke; Giovanni Gronchi; Richard Wainscoat; Shinsuke Abe
A4	cluster_orbital_elements_anomaly	1501.04649v1	2015-01-19	Collisional family structure within the Nysa-Polana complex	Melissa Dykhuis; Richard Greenberg
A5	albedo_homogeneity_family	1902.01633v1	2019-02-05	An ancient and a primordial collisional family as the main sources of X-type asteroids of the inner Main Belt	Marco Delbo; Chrysa Avdellidou; Alessandro Morbidelli
A5	albedo_homogeneity_family	2105.11994v1	2021-05-25	A comparative analysis of the outer-belt primitive families	M. N. De Prá; N. Pinilla-Alonso; J. Carvano; J. Licandro; D. Morate; V. Lorenzi; J. de León; H. Campins
A5	albedo_homogeneity_family	1507.07887v1	2015-07-28	The Euphrosyne family's contribution to the low albedo near-Earth asteroids	Joseph R. Masiero; V. Carruba; A. Mainzer; J. M. Bauer; C. Nugent
A5	albedo_homogeneity_family	1601.05277v1	2016-01-20	Spectral variability on primitive asteroids of the Themis and Beagle families: space weathering effects or parent body heterogeneity?	S. Fornasier; C. Lantz; D. Perna; H. Campins; M. A. Barucci; D. Nesvorny
A5	albedo_homogeneity_family	1801.02461v1	2018-01-08	Exogenous origin of hydration on asteroid (16) Psyche: The role of hydrated asteroid families	C. Avdellidou; M. Delbo'; A. Fienga
A5	albedo_homogeneity_family	1109.4096v1	2011-09-19	Main Belt Asteroids with WISE/NEOWISE I: Preliminary Albedos and Diameters	Joseph R. Masiero; A. K. Mainzer; T. Grav; J. M. Bauer; R. M. Cutri; J. Dailey; P. R. M. Eisenhardt; R. S. McMillan
A5	albedo_homogeneity_family	2602.20382v1	2026-02-23	A Census Before Rubin of Asteroid Families in the Main Belt	David Nesvorny
A5	albedo_homogeneity_family	2210.02096v1	2022-10-05	Asteroid spin-states of a 4 Gyr collisional family	D. Athanasopoulos; J. Hanus; C. Avdellidou; R. Bonamico; M. Delbo; M. Conjat; A. Ferrero; K. Gazeas
A5	albedo_homogeneity_family	2009.04489v1	2020-09-09	Physical and dynamical characterization of the Euphrosyne asteroid Family	B. Yang; J. Hanus; M. Broz; O. Chrenko; M. Willman; P. Sevecek; J. Masiero; H. Kaluna
A5	albedo_homogeneity_family	1602.04736v1	2016-02-15	Footprints of a possible Ceres asteroid paleo-family	V. Carruba; D. Nesvorný; S. Marchi; S. Aljbaae
A5	albedo_homogeneity_family	1312.7702v2	2013-12-30	Asteroid families classification: exploiting very large data sets	Andrea Milani; Alberto Cellino; Zoran Knezevic; Bojan Novakovic; Federica Spoto; Paolo Paolicchi
A5	albedo_homogeneity_family	2511.16495v1	2025-11-20	Searching for primitive, dark, spectrally red asteroid families in the main belt with Gaia	Ullas Bhat; Chrysa Avdellidou; Marco Delbo; Thomas Dyer
A5	albedo_homogeneity_family	2605.23347v1	2026-05-22	Size-Dependent Fresh Surface Signatures in Asteroid Families: Observational Evidence from Dual-Band Albedo Analysis	Murat Kaplan
A5	albedo_homogeneity_family	1309.4296v1	2013-09-17	An anisotropic distribution of spin vectors in asteroid families	J. Hanuš; M. Brož; J. Ďurech; B. D. Warner; J. Brinsfield; R. Durkee; D. Higgins; R. A. Koff
A5	albedo_homogeneity_family	1210.3486v1	2012-10-12	Physical and dynamical characterisation of low Delta-V NEA (190491) 2000 FJ10	A. A. Christou; T. Kwiatkowski; M. Butkiewicz; A. Gulbis; C. W. Hergenrother; S. Duddy; A. Fitzsimmons
A5	phase_curve_lsst_asteroids	2009.05129v1	2020-09-10	Asteroid phase curves from ATLAS dual-band photometry	M. Mahlke; B. Carry; L. Denneau
A5	phase_curve_lsst_asteroids	2205.11337v1	2022-05-23	Asteroid phase curves using sparse Gaia DR2 data and differential dense light curves	E. Wilawer; D. Oszkiewicz; A. Kryszczyńska; A. Marciniak; V. Shevchenko; I. Belskaya; T. Kwiatkowski; P. Kankiewicz
A5	phase_curve_lsst_asteroids	2503.05412v1	2025-03-07	Asteroid phase curves and phase coloring effect using the ATLAS survey data	Colazo Milagros; Dagmara Oszkiewicz; Alvaro Alvarez-Candal; Patrycja Pożniak; Przemysław Bartczak; Edyta Podlewska-Gaca
A5	hg12_phase_curve_population	1202.2270v1	2012-02-10	Asteroid taxonomic signatures from photometric phase curves	D. A. Oszkiewicz; E. Bowell; L. H. Wasserman; K. Muinonen; A. Penttilä; T. Pieniluoma; D. E. Trilling; C. A. Thomas
A5	hg12_phase_curve_population	2511.16237v1	2025-11-20	Asteroid phase curve modeling with empirical correction for shape and viewing geometry	Dagmara Oszkiewicz. Przemysław Bartczak; Milagros Colazo; Antti Penttilä
A5	hg12_phase_curve_population	1610.08267v1	2016-10-26	Large Halloween Asteroid at Lunar Distance	T. G. Müller; A. Marciniak; M. Butkiewicz-Bąk; R. Duffard; D. Oszkiewicz; H. U. Käufl; R. Szakáts; T. Santana-Ros
A5	starshade_phase_curve_technosig	2401.09128v1	2024-01-17	Deciding technosignature search strategies: Multi-criteria fuzzy logic to find extraterrestrial intelligence	Juan Miguel Sánchez-Lozano; Eloy Peña-Asensio; Hector Socas-Navarro
A7	rubin_sso_alert_broker	2405.20176v2	2024-05-30	The Solar System Notification Alert Processing System (SNAPS): Asteroid Population Outlier Detection	Michael Gowanlock; David E. Trilling; Daniel Kramer; Maria Chernyavskaya; Andrew McNeill
A7	rubin_sso_alert_broker	2305.01123v2	2023-05-01	Enabling discovery of solar system objects in large alert data streams	R. Le Montagner; J. Peloton; B. Carry; J. Desmars; D. Hestroffer; R. A. Mendez; A. C. Perlbarg; W. Thuillot
A7	lsst_alert_solar_system_anomaly	0811.0167v1	2008-11-02	The LSST Data Mining Research Agenda	K. D. Borne; J. Becla; I. Davidson; A. Szalay; J. A. Tyson
A7	lsst_alert_solar_system_anomaly	2002.11225v1	2020-02-25	A classification algorithm for time-domain novelties in preparation for LSST alerts: Application to variable stars and transients detected with DECam in the Galactic Bulge	Monika D. Soraisam; Abhijit Saha; Thomas Matheson; Chien-Hsiu Lee; Gautham Narayan; A. Katherina Vivas; Carlos Scheidegger; Niels Oppermann
A7	snaps_alert_processing	2604.27420v1	2026-04-30	The Solar System Notification Alert Processing System (SNAPS): Public access to SNAPS data and products	David E. Trilling; Michael Gowanlock; Revanth Munugala; Daniel R. Kramer; Maria Chernyavskaya; Erin Clark; Graceson Mule; Savannah Chappus
A7	snaps_alert_processing	2405.20176v2	2024-05-30	The Solar System Notification Alert Processing System (SNAPS): Asteroid Population Outlier Detection	Michael Gowanlock; David E. Trilling; Daniel Kramer; Maria Chernyavskaya; Andrew McNeill
A7	snaps_alert_processing	2302.01239v1	2023-02-02	The Solar System Notification Alert Processing System (SNAPS): Design, Architecture, and First Data Release (SNAPShot1)	David E. Trilling; Michael Gowanlock; Daniel Kramer; Andrew McNeill; Brian Donnelly; Nat Butler; John Kececioglu
A7	rubin_first_year_solar_system	2411.19796v2	2024-11-29	Tuning the Legacy Survey of Space and Time (LSST) Observing Strategy for Solar System Science: Incremental Templates in Year 1	James E. Robinson; Megan E. Schwamb; R. Lynne Jones; Mario Jurić; Peter Yoachim; Bryce T. Bolin; Colin O. Chandler; Steven R. Chesley
A8	yarkovsky_automated_catalogue	2311.10175v1	2023-11-16	An automated procedure for the detection of the Yarkovsky effect and results from the ESA NEO Coordination Centre	Marco Fenucci; Marco Micheli; Francesco Gianotto; Laura Faggioli; Dario Oliviero; Andrea Porru; Regina Rudawska; Juan Luis Cano
A8	yarkovsky_main_belt_detect	2310.00055v2	2023-09-29	Detectability of the Yarkovsky Effect in the Main Belt	Denise Hung; David J. Tholen; Davide Farnocchia; Federica Spoto
A8	yarkovsky_main_belt_detect	1708.05513v5	2017-08-18	Yarkovsky Drift Detections for 247 Near-Earth Asteroids	Adam H. Greenberg; Jean-Luc Margot; Ashok K. Verma; Patrick A. Taylor; Susan E. Hodge
A8	yarkovsky_main_belt_detect	2311.03479v1	2023-11-06	ASTERIA -- Asteroid Thermal Inertia Analyzer	Bojan Novaković; Marco Fenucci; Dušan Marčeta; Debora Pavela
A8	yarkovsky_main_belt_detect	1505.03745v1	2015-05-14	Dynamical evolution of the Cybele asteroids	Valerio Carruba; David Nesvorný; Safwan Aljbaae; Mariela Espinoza Huaman
A8	yarkovsky_main_belt_detect	1312.2962v1	2013-12-10	Unexpected D-type Interlopers in the Inner Main Belt	Francesca E. DeMeo; Richard P. Binzel; Benoit Carry; David Polishook; Nicholas A. Moskovitz
A8	yarkovsky_main_belt_detect	2212.08135v2	2022-12-15	(523599) 2003 RM: The asteroid that wanted to be a comet	Davide Farnocchia; Darryl Z. Seligman; Mikael Granvik; Olivier Hainaut; Karen J. Meech; Marco Micheli; Robert Weryk; Steven R. Chesley
A8	yarkovsky_main_belt_detect	2410.16348v2	2024-10-21	An automated occultation network for gravitational mapping of the trans-neptunian solar system	Daniel C. H. Gomes; Gary M. Bernstein
A8	astrometry_quality_gaia_asteroid	1709.06471v1	2017-09-19	Ground-based astrometry calibrated by Gaia DR1: new perspectives in asteroid orbit determination	F. Spoto; P. Tanga; S. Bouquillon; J. Desmars; D. Hestroffer; F. Mignard; M. Altmann; D. Herald
A8	orbit_determination_nongrav_estimate	1509.07606v1	2015-09-25	Gone in a Blaze of Glory: the Demise of Comet C/2015 D1 (SOHO)	Man-To Hui; Quan-Zhi Ye; Matthew Knight; Karl Battams; David Clark
A8	mpc_orbit_fitting_pipeline	2210.01219v1	2022-10-03	Robotic observation pipeline for small bodies in the solar system based on open-source software and commercially available telescope hardware	Tobias Hoffmann; Matti Gehlen; Thorsten Plaggenborg; Gerhard Drolshagen; Theresa Ott; Jutta Kunz; Toni Santana-Ros; Marcin Gedek
A8	satellite_designated_asteroid	2111.12755v1	2021-11-24	Updates to LUCI: A New Fitting Paradigm Using Mixture Density Networks	Carter L. Rhea; Julie Hlavacek-Larrondo; Laurie Rousseau-Nepton; Simon Prunet
A8	satellite_designated_asteroid	2607.22782v1	2026-07-24	Geometry of the Atomic Condition	Jacek Jakimiuk; Sławomir Kolasiński; Maciej Leśniak
A8	satellite_designated_asteroid	2005.07199v1	2020-05-14	A Gas Giant Planet in the OGLE-2006-BLG-284L Stellar Binary System	David P. Bennett; Andrzej Udalski; Ian A. Bond; Fumio Abe; Richard K. Barry; Aparna Bhattacharya; Martin Donachie; Hirosane Fujii
