source_id,ra,dec,ccd,sep_arcsec,g_n_epochs,g_n_seasons,g_baseline_yr,g_mag_med,g_slope_var_yr,g_slope_sigma,g_v_first,g_v_last,g_amp_first_mmag,g_amp_last_mmag,g_amp_growth,g_monotonic_frac,g_rank_rho,g_rank_p,g_slope_sigma_loo_min,g_frac_seasons_positive,g_score,r_n_epochs,r_n_seasons,r_baseline_yr,r_mag_med,r_slope_var_yr,r_slope_sigma,r_v_first,r_v_last,r_amp_first_mmag,r_amp_last_mmag,r_amp_growth,r_monotonic_frac,r_rank_rho,r_rank_p,r_slope_sigma_loo_min,r_frac_seasons_positive,r_score,is_candidate,n_bands_candidate,g_n_per_season,g_v_exc,r_n_per_season,r_v_exc
583109300002357_583209300003571,240.1575101,19.52358515,583_0x9_0x3,0.044101729613792,652,8,6.915695775496242,19.38264465,-0.00014745275388027592,0.5059582538289372,-0.000408071483896027,-0.0014278098709911383,0.0,0.0,inf,0.42857142857142855,-0.3333333333333333,1.0,-0.840308290868027,0.125,0.0,1004,8,7.116983056262844,18.957845225,0.00012448221418496269,1.0307741484933282,-0.0009611152886606918,-7.517747950023005e-05,0.0,0.0,inf,0.7142857142857143,0.8333333333333334,0.007688492063492063,0.5759010403017754,0.125,0.30677091107275384,False,0,"39,48,106,89,97,94,147,31","0.00226483,-0.00101629,-0.00162854,-0.000228385,-1.09362e-05,-0.00215378,-0.00107371,-0.00076909","112,75,189,103,187,150,151,35","-0.0011134,-0.000814602,-0.000636408,-0.000443973,-0.000101766,-0.000336891,-0.000542472,0.000276177"
583109300002111_583209300010635,240.1682963,19.563233,583_0x9_0x3,0.01647186181190548,691,8,6.932304484599581,14.65827225,-6.816227602296727e-06,0.5195463186736147,7.845278901752695e-05,3.12006238420739e-05,8.857357902756721,5.585751860051958,0.6306340921725061,0.5714285714285714,-0.2619047619047619,1.0,-1.1106105690232204,0.875,0.0,1024,8,7.155178657357981,13.762994775,2.135438553737004e-05,3.0077056378402585,-0.00010246758601494234,5.032685762304172e-05,0.0,7.094142486801468,inf,0.7142857142857143,0.7857142857142857,0.013963293650793651,1.3670392489604903,0.375,0.2769224111794415,False,0,"43,52,115,98,100,97,154,32","0.000159794,0.000194858,4.55688e-06,-3.12245e-06,5.86176e-05,4.89646e-05,4.43528e-05,0.00015283","112,78,199,101,190,153,152,35","-0.000145915,-9.93399e-05,-7.11673e-06,3.00178e-05,-2.89545e-05,9.37984e-06,-1.43888e-06,6.68227e-05"
583109300002698_583209300004048,240.1573827,19.4704687,583_0x9_0x3,0.008431119663585113,691,8,6.932304484599581,17.334677725,2.1346198431506405e-06,0.10344248497393817,-4.3173785523330317e-05,-2.837595081174188e-05,0.0,0.0,inf,0.5714285714285714,0.09523809523809523,0.4200644841269841,0.0,0.5,0.15892857142857142,1023,8,7.1212031649555145,16.77914905,1.0131568827736561e-05,1.03047375336177,-7.001669363595387e-05,2.132266366088365e-06,0.0,1.4602281897321272,inf,0.7142857142857143,0.6190476190476191,0.05749007936507936,0.4467899235149332,0.25,0.20483320833020163,False,0,"43,52,115,97,100,97,154,32","-3.32729e-05,0.00027304,-0.000129119,-0.000138056,3.26914e-06,4.49134e-05,-5.80275e-05,3.46379e-05","113,78,199,103,190,153,152,35","-8.89269e-05,-8.53112e-05,-3.26796e-05,4.55835e-05,-4.04605e-05,-3.82284e-05,-3.92367e-05,0.000262991"
583109300007198_583209300010706,240.1281672,19.5550224,583_0x9_0x3,0.07366644250892061,63,4,3.812687371526346,21.378643975,-0.0194548391918774,1.027895599694992,0.05574745609256368,-0.018427763609383113,236.1089919773571,0.0,0.0,1.0,-1.0,1.0,-1.02936351393126,0.5,0.0,257,8,6.925681278028753,21.12892295,0.0050304216432517975,1.2974823713954402,-0.01341451528779398,0.021424581707465633,0.0,146.37138281599186,inf,0.5714285714285714,0.6428571428571429,0.04809027777777778,0.8589102624033974,0.75,0.19602188810376048,False,0,"12,8,10,14","0.0543361,0.0239045,-0.000477157,-0.0179128","20,17,49,43,29,32,55,12","-0.013931,0.00535436,-0.0237598,0.0456973,0.0694328,0.0238369,0.00537556,0.0582128"
583109300002510_583209300003771,240.1390761,19.5016289,583_0x9_0x3,0.013843249391137428,691,8,6.932304484599581,15.5960462,9.714906353580933e-07,0.07570926311396449,8.642302616450832e-06,1.537697150469024e-05,2.9397793482591226,3.9213481743770515,1.3338920067926847,0.42857142857142855,0.16666666666666666,0.35166170634920635,0.0,0.75,0.0029904711875898236,1022,8,7.116983056262844,15.062775625,8.963936473909463e-06,1.2388714170433734,-4.1725234923796024e-05,2.2070949078434133e-05,0.0,4.697972869061095,inf,0.5714285714285714,0.6190476190476191,0.05749007936507936,0.8039067025683879,0.5,0.18697606547305878,False,0,"43,52,115,98,100,97,154,32","-6.36344e-05,0.000204982,-5.15658e-05,6.2797e-05,3.31731e-05,1.42443e-05,1.14236e-06,4.88705e-05","112,78,199,103,190,153,152,35","-3.62638e-05,1.68129e-05,-5.35827e-05,2.53913e-05,-2.69558e-05,5.53068e-05,-1.75483e-05,8.6106e-05"
583109300002377_583209300003601,240.1156636,19.5206246,583_0x9_0x3,0.053617930321714524,353,8,6.952853259000675,19.979649074999998,-0.00036108881857790004,0.4990062753041495,0.0017709227851670562,-0.0007396747838709999,42.082333409247354,0.0,0.0,0.2857142857142857,-0.2857142857142857,1.0,-0.9191629546369695,0.5,0.0,735,8,7.136150578507884,18.5100088,9.374470212461586e-05,1.3803316296119574,-5.6715854746682614e-05,0.000612260455551944,0.0,24.743897339585452,inf,0.5714285714285714,0.6190476190476191,0.05749007936507936,0.3240766761019257,0.875,0.18697606547305878,False,0,"36,45,76,21,14,12,123,26","-0.000990783,0.000353965,0.0107371,0.0141885,0.0120092,-0.00209603,-0.00108582,-0.000780487","114,75,175,45,81,60,149,35","-0.000255124,0.000498097,0.000161474,0.000521132,0.000950781,0.000666126,0.000270998,0.000795873"
583109300002398_583209300003626,240.1505373,19.5170711,583_0x9_0x3,0.02759870390932106,685,8,6.93641557043119,18.8746853,-0.00020266528717967252,1.4060487417289604,0.0007506544918191295,-0.0006551161617598596,27.39807460058333,0.0,0.0,0.42857142857142855,-0.42857142857142855,1.0,-1.8087089881586955,0.625,0.0,1021,8,7.116983056262844,18.245117174999997,3.990685297549854e-08,0.0009229118542834939,-9.574862141062924e-05,-9.546460501417384e-05,0.0,0.0,inf,0.7142857142857143,0.14285714285714285,0.3760168650793651,0.0,0.125,0.17678571428571427,False,0,"40,51,115,98,97,97,153,32","0.00100326,0.000325021,0.00101656,0.00184127,-0.00104072,-0.000259698,-0.000564108,0.000516668","112,78,197,103,190,153,152,35","-0.000183566,-0.000102697,-4.79648e-05,0.000354199,-0.000367161,-0.000102697,-1.40583e-05,-0.000151809"
583109300002630_583209300003949,240.1190025,19.4807245,583_0x9_0x3,0.009205047640231482,520,8,6.932304484599581,16.7318449,-2.0365538841451387e-05,1.2979514470607474,0.0001301667981348744,-1.1013318107005998e-05,11.409066488318595,0.0,0.0,0.42857142857142855,-0.3333333333333333,1.0,-2.1265896245217317,0.875,0.0,834,8,7.136150578507884,16.268589975,8.413161948420598e-06,1.0596221447077665,-2.255832533855178e-05,3.7479265166750385e-05,0.0,6.122031130821729,inf,0.7142857142857143,0.5,0.10808531746031746,0.5809535146375905,0.875,0.17678571428571427,False,0,"43,52,112,63,40,24,154,32","0.000103906,0.000306785,9.41637e-06,9.09698e-05,0.000367368,0.000239236,-1.57865e-05,5.2571e-05","114,78,194,79,107,74,152,35","8.47668e-06,-6.73509e-05,1.645e-06,8.47668e-06,1.46375e-05,0.00012092,6.78895e-07,7.9931e-05"
583109300011483_583209300010584,240.13703744999998,19.5705613,583_0x9_0x3,0.12558484980958529,100,7,5.971410183436005,21.342046699999997,0.0024528030027729767,0.31916942153856626,-0.014045268645230416,0.0006014241834905489,0.0,24.523951221011448,inf,0.3333333333333333,-0.03571428571428571,1.0,0.0,0.5714285714285714,0.15,570,8,7.088412775359344,20.483474725,0.00019783500610530725,0.11692481773415486,-6.526870382619242e-05,0.0013370674808639612,0.0,36.565933337793545,inf,0.7142857142857143,-0.2619047619047619,1.0,0.0,0.625,0.17678571428571427,False,0,"12,10,15,12,19,14,17","0.177621,0.00146836,-0.0295328,-0.00237514,-0.0195787,0.0409759,0.00261144","53,35,103,62,92,92,108,25","0.0142686,0.0302787,-0.00752457,-0.000616379,0.00538238,-0.00579572,0.00460214,0.00993786"
583109300002471_583209300003717,240.1684598,19.50670485,583_0x9_0x3,0.039948206266625534,688,8,6.944634145379853,18.750681874999998,8.557809161806616e-05,0.7912721646208486,-0.0007767980653031268,-0.0001824895281558592,0.0,0.0,inf,0.42857142857142855,0.3333333333333333,0.21393849206349205,0.269374876502601,0.375,0.15,1020,8,7.108798672826855,18.25970745,6.075695573649892e-06,0.12605029209989496,-0.00012579916644149346,-8.260826981103112e-05,0.0,0.0,inf,0.7142857142857143,0.30952380952380953,0.2309027777777778,0.0,0.375,0.17678571428571427,False,0,"40,52,115,98,99,97,152,32","-0.00126696,0.000979948,-0.000658306,-0.000723454,-0.000972296,0.000234392,-0.00040294,8.39278e-05","110,78,199,103,190,153,152,35","0.000235441,-0.000393679,-0.000164926,0.000197193,-0.000352114,-6.63026e-05,-3.92775e-05,0.000241566"
583109300007427_583209300003678,240.1169118,19.512008950000002,583_0x9_0x3,0.006449239188449084,470,8,6.932304484599581,15.41617585,-1.9258306746043003e-05,2.030991541157059,0.00013662148499862784,3.117038777239575e-06,11.688519367252118,1.7655137431466161,0.1510468253227248,0.7142857142857143,-0.7142857142857143,1.0,-2.4283553670752536,0.875,0.0,755,8,7.136150578507884,14.847843874999999,7.243694291438904e-06,0.872897085061394,-4.238173601337054e-05,9.310357195015452e-06,0.0,3.051287792886055,inf,0.7142857142857143,0.30952380952380953,0.2309027777777778,0.0,0.5,0.17678571428571427,False,0,"43,51,105,44,25,19,150,32","4.81347e-05,0.000264362,8.39795e-05,5.29433e-05,-5.44671e-06,3.01511e-05,2.48656e-05,1.40105e-05","114,78,180,49,86,63,150,35","-7.95369e-05,-6.92204e-05,3.56877e-05,7.91743e-05,9.59238e-06,4.32491e-05,-4.06668e-05,-1.40974e-05"
583109300007261_583209300010807,240.1124877,19.5423447,583_0x9_0x3,0.035914099819057556,229,7,6.928452242984257,20.3971653,-5.327882512353002e-05,0.03451099193642491,-0.0002775378132821322,-0.0006466776087128197,0.0,0.0,inf,0.3333333333333333,0.5357142857142857,0.11785714285714285,-0.5021964037920695,0.7142857142857143,0.0,514,8,7.119748634223137,19.767605775,0.0004737369927733731,1.025090982862669,-0.002190306527777449,0.0011825817795017503,0.0,34.38868679524925,inf,0.5714285714285714,0.30952380952380953,0.2309027777777778,0.2589979895434735,0.375,0.15892857142857142,False,0,"26,35,42,9,8,89,16","-0.00590728,0.0015452,0.0107924,0.00601089,0.0287967,-0.00429081,0.0144833","90,56,122,26,24,33,130,32","-0.00327195,-0.00208883,0.000689131,0.0110636,-0.00224427,-0.00279448,0.00212601,-0.00178861"
583109300023220_583209300022221,240.13721405,19.52086295,583_0x9_0x3,0.032230786679770716,146,7,5.908580532238188,21.1411591,0.006633742995617082,1.4860643806055835,-0.029520369716469326,0.009675635003305205,0.0,98.36480571477385,inf,0.6666666666666666,0.5714285714285714,0.1,0.9091725616222492,0.42857142857142855,0.17083333333333334,704,8,7.1127629475701735,20.2273798,0.0008415691889876764,0.5949979129564446,-0.00123050859284442,0.004755373552403805,0.0,68.95921658780503,inf,0.5714285714285714,0.2857142857142857,0.2503968253968254,0.22519560325142138,0.625,0.15892857142857142,False,0,"9,11,19,16,19,27,39","-0.0260281,-0.0152008,-0.0286946,0.0313764,-0.0205098,0.00466494,0.0144599","85,47,125,77,115,108,116,31","0.0415004,-0.00433084,-0.00101784,-0.00105352,0.00253544,0.00166542,0.005151,0.011926"
583109300002231_583209300003385,240.1770885,19.5459081,583_0x9_0x3,0.036070376604552506,541,8,6.933848344147828,20.153712300000002,0.0006659313649075979,0.6528993696116695,-0.005563774802357113,-0.0009463077104764619,0.0,0.0,inf,0.5714285714285714,0.11904761904761904,0.3965029761904762,0.154204599078785,0.25,0.15892857142857142,929,8,7.1100051492128875,19.644406325,2.5940236243704567e-05,0.05989547265008416,-0.002136048613906658,-0.0019516134006421198,0.0,0.0,inf,0.5714285714285714,-0.023809523809523808,1.0,0.0,0.375,0.15892857142857142,False,0,"32,39,86,71,85,81,121,26","0.00670433,-0.00509663,-0.00164475,-0.00871672,-0.0104515,-0.000761676,-0.000123118,0.00653608","101,67,177,97,168,138,144,34","-0.00341655,0.00355209,4.47905e-05,-0.00302553,-0.00412281,-0.00368506,-0.000908412,0.00181814"
583109300002154_583209300017169,240.1386785,19.5568313,583_0x9_0x3,0.05544771933400685,347,8,6.924036618891183,20.8642416,-0.0013169297219429647,0.5492036539624966,-0.005088686660356502,-0.014207156279595774,0.0,0.0,inf,0.5714285714285714,-0.23809523809523808,1.0,-1.2913018958815152,0.25,0.0,547,8,7.039066690622858,20.74263765,0.0010835939559101103,0.7075627555543963,-0.001599580226508736,0.006027909894698375,0.0,77.63961549813585,inf,0.5714285714285714,-0.023809523809523808,1.0,0.14280895073524252,0.75,0.15892857142857142,False,0,"27,22,45,41,42,61,93,16","0.00366091,-0.00841444,0.0323804,-0.0243024,-0.036391,-0.0183844,-0.00515877,-0.00712495","65,36,95,55,79,88,105,24","0.000294435,0.0222017,-0.00916446,0.00112319,0.00992467,0.00135823,0.00861167,-0.000171933"
583109300007197_583209300003289,240.1747403,19.5546578,583_0x9_0x3,0.09737368916139831,76,4,3.881177450239571,21.4454703,0.01827858444005753,1.2645496986299356,-0.042860537084474806,0.028081892666576375,0.0,167.5765277912643,inf,0.6666666666666666,0.8,0.16666666666666666,0.517794705992707,0.5,0.17083333333333334,470,8,6.954513571937045,20.8156533,0.0015718861557956047,0.7225496563582647,-0.00805253040060152,0.002879173203418961,0.0,53.65792768472298,inf,0.5714285714285714,0.3333333333333333,0.21393849206349205,0.3473336005539563,0.5,0.15892857142857142,False,0,"9,12,11,20","-0.0398397,0.00202847,-0.0203065,0.080862","33,32,86,57,71,80,87,24","0.00500472,-0.016804,-0.00181149,0.000704527,-0.0183948,0.0157284,-0.00130106,0.0126314"
583109300002178_583209300003305,240.1198611,19.5534522,583_0x9_0x3,0.012841649064006243,507,8,6.932304484599581,13.601946575,-3.1651436680060868e-06,0.2405080652727249,1.0804080074073464e-05,-1.11376595700471e-05,3.286956049915098,0.0,0.0,0.42857142857142855,0.3333333333333333,0.21393849206349205,-0.9353955271651669,0.25,0.0,809,8,7.136150578507884,13.2274008,1.5751423654320337e-05,1.1349158093873393,-6.596572166430184e-05,4.643880935879901e-05,0.0,6.814602655973348,inf,0.5714285714285714,0.2619047619047619,0.26820436507936507,0.0,0.5,0.15892857142857142,False,0,"43,52,111,60,34,23,152,32","-8.76578e-05,0.000182617,-6.91743e-06,-7.84075e-05,-4.02157e-06,-8.0195e-06,-4.46555e-06,4.5438e-06","110,77,191,67,101,73,150,35","-0.000132108,-7.32174e-05,0.000120467,0.000230798,-1.48827e-05,9.21136e-05,2.89888e-06,-4.62855e-05"
583109300002229_583209300022095,240.1826695,19.546093749999997,583_0x9_0x3,0.03211754736623239,536,8,6.944634684052013,20.152592675,0.0007142930580793553,0.825191836286108,-0.007754978147585571,-0.002794473801870102,0.0,0.0,inf,0.7142857142857143,0.5714285714285714,0.0755704365079365,0.39553407298510346,0.125,0.1909779890274404,978,8,7.116983056262844,19.4184551,1.0785548371968427e-05,0.04283515062151229,-0.0008567186940778468,-0.0007799581290620441,0.0,0.0,inf,0.5714285714285714,0.14285714285714285,0.3760168650793651,0.0,0.25,0.15892857142857142,False,0,"32,44,82,69,79,81,123,26","-0.00806541,-0.00680478,-0.00302046,-0.00449407,-0.0112552,-0.00427384,-0.00373128,0.00531713","106,73,187,101,181,145,149,35","-0.000415634,-0.00122788,-0.000637626,-0.00165191,7.2165e-05,-0.00174789,-0.00115232,0.00193747"
583109300002474_583209300003725,240.1367277,19.5065836,583_0x9_0x3,0.02827108366789247,682,8,6.935137494866525,18.69508935,-5.577511126322947e-05,0.5743312221300663,2.3504694760399192e-05,-0.00036330337064157574,4.84816406079654,0.0,0.0,0.42857142857142855,-0.2619047619047619,1.0,-0.7552860369638402,0.5,0.0,1022,8,7.1212031649555145,17.989140974999998,2.903992991859963e-06,0.09213813011604063,-7.462885105792604e-05,-5.394892697328424e-05,0.0,0.0,inf,0.5714285714285714,0.14285714285714285,0.3760168650793651,0.0,0.5,0.15892857142857142,False,0,"41,49,115,97,100,96,153,31","-0.000207808,0.000381667,0.000117252,0.000119094,-0.00103075,0.000138525,-0.000358266,-2.96906e-05","113,78,198,103,190,151,152,35","-7.65052e-05,0.000171837,-0.000111775,8.69448e-05,-0.000266508,8.13482e-06,-8.97895e-05,0.000276926"
583109300002440_583209300003675,240.1330781,19.5121971,583_0x9_0x3,0.03041165346486306,675,8,6.93641557043119,18.804065700000002,-4.360733545627398e-05,0.34005981133503627,8.905039263850692e-05,-0.00021342820800540803,9.436651558604192,0.0,0.0,0.5714285714285714,-0.38095238095238093,1.0,-1.0438973676440135,0.375,0.0,1014,8,7.136150578507884,17.37674905,1.63651930400635e-06,0.09589362384407274,-1.1674680664305412e-05,3.767513718822723e-09,0.0,0.061380075910858256,inf,0.5714285714285714,0.16666666666666666,0.35166170634920635,0.0,0.625,0.15892857142857142,False,0,"42,52,114,95,96,91,152,32","0.00211476,-0.000817403,-2.26538e-05,0.000932139,-0.000377948,4.15986e-05,-1.27748e-05,-0.000853808","114,78,199,103,187,146,152,35","-3.67312e-05,-6.16537e-05,9.56744e-05,0.000123789,-0.00014038,1.70677e-05,2.30137e-05,7.89112e-06"
583109300002215_583209300003361,240.16076,19.54795755,583_0x9_0x3,0.0875121993200873,294,8,7.006125735249823,21.0038185,0.00455739746130106,1.369115761466477,-0.03064364684722245,0.0012860527921611173,0.0,35.861578216262565,inf,0.42857142857142855,0.09523809523809523,0.4200644841269841,0.41695338084478445,0.375,0.15,742,8,7.09640498644765,20.28571605,0.0006478240222323289,0.6763776936287287,-0.005455961857407334,-0.0008587402356972614,0.0,0.0,inf,0.5714285714285714,-0.047619047619047616,1.0,0.0,0.375,0.15892857142857142,False,0,"17,20,39,36,41,53,69,18","0.0552504,-0.0210233,-0.0150483,-0.0304891,-0.0321074,-0.0115097,0.0109709,1.54445e-05","75,49,133,88,127,114,124,31","-0.0138281,0.00027755,-0.00108254,0.0031368,0.000684861,-0.00745088,-0.00289098,-0.00146288"
583109300015481_583209300011169,240.1686065,19.493702300000002,583_0x9_0x3,0.13810420517166405,76,5,3.873061243668727,21.380739249999998,-0.007944151498527684,0.3855421970538938,0.028897154737320574,-0.0018710305454598397,169.9916313743726,0.0,0.0,0.5,-0.2,1.0,-0.8077054815944265,0.8,0.0,205,8,6.868263666940447,21.20991135,0.0014839354064495193,0.3606349669078855,-0.009633918994155565,0.0005581406420481719,0.0,23.62500036080787,inf,0.5714285714285714,0.09523809523809523,0.4200644841269841,0.01847606387388308,0.5,0.15892857142857142,False,0,"14,8,12,13,11","0.0349242,0.185446,0.0104642,-0.0111667,0.0775839","16,18,38,26,30,32,34,11","-0.015162,0.0322507,0.00955289,-0.00993427,-0.0237256,-0.0116336,0.00487896,0.0188042"
583109300007307_583209300003482,240.1611493,19.53377375,583_0x9_0x3,0.10779483622466152,66,4,3.808507078986985,21.41536615,0.004998906620480026,0.4305509606664881,-0.017361308193949484,0.0016770630573436016,0.0,40.951960360202555,inf,0.6666666666666666,0.4,0.375,0.0,0.5,0.17083333333333334,319,8,6.929809269541404,21.102914325,0.0028455586980224304,0.6989679264619024,-0.006411441170455895,0.013307737872124109,0.0,115.3591689989318,inf,0.5714285714285714,0.47619047619047616,0.12152777777777778,0.02945256932420561,0.625,0.15892857142857142,False,0,"13,14,8,15","-0.0217715,0.0244794,-0.0176995,0.00328186","25,25,58,34,44,64,52,17","0.0188567,-0.000373738,-0.00167873,0.00173682,-0.0133542,0.00198445,0.0308913,0.0663063"
583109300018359_583209300017797,240.1252356,19.4610795,583_0x9_0x3,0.03928111795502265,523,8,6.937693645995895,19.518271425000002,-0.0001451121962176527,0.3957027166058595,-0.0005511600265881265,-0.001557903988243845,0.0,0.0,inf,0.5714285714285714,-0.42857142857142855,1.0,-0.6712342428828232,0.25,0.0,899,8,6.866824980150598,18.300004,4.0602682029688424e-05,0.7739324852093545,-8.95518805866744e-05,0.00018925963063590187,0.0,13.757166519160181,inf,0.42857142857142855,0.5238095238095238,0.09831349206349206,0.48698115270934256,0.5,0.15086180238949362,False,0,"31,40,86,71,63,62,140,29","0.00142263,-0.00190083,-0.00145137,-0.00182983,-0.000395642,0.001683,-0.00195386,-0.00266689","67,77,194,101,153,120,152,35","-0.000168411,-0.00014552,6.11026e-05,-5.46131e-07,0.000324916,0.000153197,0.000117452,-7.78717e-05"
583109300002760_583209300004129,240.123712,19.4614475,583_0x9_0x3,0.004801002823818666,604,8,6.932304484599581,16.532903675,-7.514663725850414e-06,0.5470442954524087,2.1600349999910435e-05,-3.0493587047060185e-05,4.6476176692914875,0.0,0.0,0.42857142857142855,-0.3333333333333333,1.0,-1.5340748208805284,0.375,0.0,935,8,7.1212031649555145,16.103449825,4.950679341823877e-06,0.6721144908572834,-2.9353116225488023e-05,5.901677172188051e-06,0.0,2.4293367761979914,inf,0.2857142857142857,0.23809523809523808,0.2910714285714286,0.21111750521434686,0.375,0.15,False,0,"43,52,115,88,64,56,154,32","3.43866e-05,0.000179541,-7.76256e-05,-1.05794e-05,-4.68011e-05,-4.08141e-05,7.91185e-06,-2.26628e-05","113,78,198,97,146,114,152,35","-1.63152e-05,-7.16988e-05,2.93336e-05,-9.1325e-06,-7.3167e-05,2.81985e-05,2.02493e-05,-1.09267e-05"
583109300011456_583209300003101,240.11866815000002,19.575338600000002,583_0x9_0x3,0.049262078819022385,106,4,4.946112410266944,21.27563955,0.0007664128453855285,0.10682192797934384,-0.0012045827970538195,0.0025861812888955437,0.0,50.854510998490035,inf,0.6666666666666666,0.4,0.375,0.0,0.5,0.17083333333333334,525,8,7.034914568788495,20.311117625,0.0006558031391717119,0.4812064165465722,-0.0015934586115681913,0.003020060446448113,0.0,54.955076621255955,inf,0.42857142857142855,-0.16666666666666666,1.0,0.0,0.75,0.15,False,0,"12,23,12,40","-0.0201028,0.0543696,0.0796892,-8.68233e-05","72,44,125,50,42,34,127,31","0.00533941,0.00896798,-0.0105853,0.00681847,0.00570482,0.00968662,0.00486956,-0.00552191"
583109300011778_583209300022263,240.1288822,19.5129952,583_0x9_0x3,0.12680664063968397,79,4,3.9674900023271933,21.4597087,0.005843803669859141,0.5213615081868238,-0.03575622832527069,-0.012570995689541588,0.0,0.0,inf,0.3333333333333333,0.6,0.20833333333333334,0.33596609272697575,0.25,0.15,427,8,7.03230972895276,20.803353299999998,0.00027381087488453074,0.12308279059313254,-0.0020981554666664095,-0.00017263258732285705,0.0,0.0,inf,0.2857142857142857,-0.07142857142857142,1.0,0.0,0.625,0.15,False,0,"11,8,11,24","-0.034673,-0.0359362,0.00615798,-0.0180972","32,29,87,57,52,64,81,25","0.00123708,-0.0105947,0.00375165,2.88827e-05,-0.0146482,0.0100521,0.000496723,-0.0062372"
583109300002205_583209300003341,240.15559224999998,19.54988915,583_0x9_0x3,0.01582259275764292,150,7,5.730445566050651,21.3289175,-0.0003109846440373524,0.04572668236127909,0.0037931984941670304,0.002011117919633344,61.588947824808876,44.84548940120226,0.7281418336414229,0.6666666666666666,-0.42857142857142855,1.0,-1.052288977939696,0.7142857142857143,0.0,349,8,7.036389712799436,21.078434950000002,0.003788832845661718,1.3173171764292462,-0.014486965300853243,0.012172739157877484,0.0,110.33013712434824,inf,0.42857142857142855,0.40476190476190477,0.16341765873015873,0.7281020855690146,0.375,0.15,False,0,"11,12,21,15,18,32,34","0.135362,-0.0189657,0.0267551,0.114779,0.00733345,0.00155267,-0.000803514","25,23,59,46,47,63,69,17","-0.0216402,-0.00157994,-0.0184592,0.024657,-0.00205739,0.0250289,0.00348342,-0.00410969"
583109300002258_583209300003433,240.1351078,19.5407204,583_0x9_0x3,0.006863510678821611,686,8,6.932304484599581,17.196731550000003,1.5457554538500634e-05,0.7698487835753851,-7.900926111159055e-05,2.814721353660001e-05,0.0,5.305394757847903,inf,0.5714285714285714,0.2619047619047619,0.26820436507936507,0.1060023181499684,0.375,0.15892857142857142,1020,8,7.136150578507884,16.74281785,1.0534549416126699e-05,0.8292135302757345,-8.324982670931144e-05,-8.073695799099017e-06,0.0,0.0,inf,0.42857142857142855,0.21428571428571427,0.3095486111111111,0.27919585268782354,0.25,0.15,False,0,"43,52,115,98,100,92,154,32","-0.000107249,0.000260841,-0.000104848,-0.000111865,-5.87023e-05,3.38786e-05,6.89624e-05,-6.08709e-05","114,78,198,103,189,150,152,35","-0.000111379,-3.34027e-05,-5.34871e-05,2.62846e-05,-0.000130905,7.61291e-05,-2.78376e-05,-6.29038e-05"
583109300002522_583209300003781,240.15881819999998,19.4998192,583_0x9_0x3,0.037678182300236174,664,8,6.932304484599581,19.273034575,-3.829305688277595e-05,0.11982364752080849,-0.0008800987807776834,-0.001145557910735178,0.0,0.0,inf,0.5714285714285714,-0.2857142857142857,1.0,-0.5103892834440649,0.25,0.0,1015,8,7.136150578507884,18.686518200000002,1.729738450796129e-05,0.18203423289188259,-0.0005105670011367597,-0.00038713026067359844,0.0,0.0,inf,0.42857142857142855,-0.047619047619047616,1.0,0.0,0.125,0.15,False,0,"41,49,109,94,97,94,148,32","-0.00147192,0.00100847,0.00229538,-0.00278174,-0.00288616,-8.66438e-05,-0.000445474,-0.00203226","112,78,194,103,188,152,152,35","-0.000968496,0.00105768,-5.71164e-07,-0.000606606,-0.00092287,-0.00042738,-0.000146744,-0.000630921"
583109300007357_583209300003555,240.10451655,19.52586655,583_0x9_0x3,0.04074162532860581,136,6,6.9763460784394065,20.356354699999997,0.002047169121650816,1.1273873235835705,-0.008644724891553024,0.00563703538217789,0.0,75.0801930083953,inf,0.8,0.7142857142857143,0.06805555555555555,0.3809802787142633,0.3333333333333333,0.2069992485803214,352,6,7.179835792334016,19.3060384,9.578269737922555e-05,0.37935347075104753,-0.0010258875416824951,-0.000338183502752834,0.0,0.0,inf,0.4,0.02857142857142857,0.5,0.0,0.3333333333333333,0.15,False,0,"23,34,16,8,39,14","-0.00891913,-0.000799911,-0.0150809,-0.00662797,0.00693012,0.0405936","108,62,57,20,74,24","-0.00179536,-0.000198401,0.00271088,0.00052789,-0.000732024,-0.00169075"
583109300015490_583209300011195,240.1351086,19.4907147,583_0x9_0x3,0.03492500700336359,681,8,6.93641557043119,17.795805,-0.0006006642068605284,1.4792805408330363,0.009769645500461008,0.005603188943392938,98.84151708902999,74.85445172728834,0.7573179159104197,0.5714285714285714,-0.7380952380952381,1.0,-1.7540389371184582,1.0,0.0,1021,8,7.136150578507884,17.077322000000002,-0.0010177364468683266,3.125159762558464,0.00911860677723783,0.0018558862431498615,95.49139635191135,43.07999817954803,0.45114010083994066,0.8571428571428571,-0.9285714285714286,1.0,-5.602294451316123,1.0,0.0,False,0,"42,52,114,97,99,92,151,32","0.00842019,0.0193826,0.00836041,0.00816529,0.00909154,0.00504723,0.00724675,0.00601902","114,78,199,103,189,151,152,35","0.0168583,0.00780482,0.00760463,0.00369922,0.00641794,0.00441623,0.00259745,0.00243154"
583109300007523_583209300017571,240.17530385,19.4936554,583_0x9_0x3,0.0317430596272254,236,8,6.95157572210815,21.0529766,0.0009354431838618321,0.3373808843414169,0.0042701860737518645,0.010772990200097327,65.34666076971236,103.79301614317471,1.5883446058391695,0.2857142857142857,0.16666666666666666,0.35166170634920635,0.0,0.875,0.025442171103456125,571,8,7.092522213415459,20.75625275,-0.0006133531661648888,0.3620270280919359,-0.001515040970122275,-0.005865261925815452,0.0,0.0,inf,0.42857142857142855,0.23809523809523808,0.2910714285714286,-0.9006286529918465,0.375,0.0,False,0,"31,33,55,17,17,23,49,11","0.0121637,0.000176203,0.00812558,6.56092e-05,-0.0177211,0.0251383,0.0180512,0.00760572","90,54,107,59,66,67,100,28","0.00720693,-0.00249192,-0.0128606,-0.0091291,0.00786024,-0.0148883,-0.00104529,0.0188127"
583109300002521_583209300003782,240.10546549999998,19.5004744,583_0x9_0x3,0.022481255334335502,72,5,7.015774599589315,21.1148262,-0.0020978293579680834,0.4019458321928221,0.019018758121747015,0.004300860197841776,137.90851359414697,65.58094386208371,0.47553948739584606,0.5,-0.1,1.0,-0.6401354303806235,0.8,0.0,336,6,7.1389162516084985,19.7680273,-0.00026425301580541047,0.4493609508345753,0.001423755914710473,-0.0004627242343593291,37.73269026600771,0.0,0.0,0.2,-0.08571428571428572,1.0,-1.0842617886408599,0.6666666666666666,0.0,False,0,"9,16,9,21,12","0.0121701,0.0141128,0.0400426,0.0210536,-0.0087091","96,57,61,17,71,25","-7.14198e-05,0.00310724,0.00562893,0.0212421,-0.00248732,0.000927951"
583109300002052_583209300003121,240.1037916,19.5741167,583_0x9_0x3,0.02141352347742824,201,6,6.965384978644756,18.492011075,2.784073548829024e-05,0.25965589627616265,0.000288681576213315,0.0004826030169778738,16.990632013357096,21.96822744278368,1.2929611697500996,0.4,-0.02857142857142857,1.0,0.0,0.8333333333333334,0.0,337,6,7.145860299931551,17.249614225000002,-1.3091297728383679e-05,0.5892808618644203,0.00014796353933044216,5.441495461860114e-05,12.164026444004557,7.376649281252372,0.606431539359913,0.6,-0.5428571428571428,1.0,-1.0473824645053675,0.6666666666666666,0.0,False,0,"43,42,31,8,52,22","0.000270782,0.000183005,0.00188343,-0.000403605,0.00157164,0.000252954","113,69,55,18,56,22","0.000145969,0.000194285,5.27883e-05,-9.1912e-06,0.000187484,-1.96922e-05"
583109300002019_583209300003081,240.11444369999998,19.57716655,583_0x9_0x3,0.027825478509335325,356,8,6.9269153232032865,19.5172157,0.00023592710237119852,0.6341928037856693,-0.001173161825014044,0.00046108523555996126,0.0,21.47289536974372,inf,0.5714285714285714,0.6428571428571429,0.04809027777777778,0.32201930362994724,0.375,0.19602188810376048,676,8,7.1127629475701735,18.05097105,-5.989943988785709e-05,1.2010849478792298,0.0005537262524846967,0.00012767573587013994,23.531388664604915,11.29936882618405,0.4801828309937425,0.42857142857142855,-0.2619047619047619,1.0,-1.7663869898238331,0.875,0.0,False,0,"39,48,66,20,9,10,131,29","-0.000388596,-0.00138295,-0.00112272,4.61871e-06,0.00446708,-0.000218402,-0.000248963,0.00307938","111,78,166,36,51,52,147,35","0.000303628,0.000433532,0.00086731,0.000497008,0.00195218,0.000591708,-2.56309e-06,0.000252364"
583109300011636_583209300003437,240.1044324,19.5408181,583_0x9_0x3,0.025089844092703737,171,5,6.945000507186848,20.0459251,0.0011212054684161317,0.7896936223247254,-0.005180641599754069,0.0026061309470566335,0.0,51.050278618795346,inf,0.5,0.0,1.0,0.0,0.2,0.15,357,6,7.1374200825462095,18.730484949999997,-9.121068097985343e-06,0.08282205188243028,-0.0004088463398963067,-0.0004739472345131389,0.0,0.0,inf,0.4,0.37142857142857144,0.24861111111111112,-0.5434701250788407,0.16666666666666666,0.0,False,0,"32,39,19,52,20","-0.000935309,-0.00858025,-0.00454643,0.0145801,-0.00470649","111,66,58,18,72,24","-1.71989e-05,-0.000748921,-0.000880385,-0.000603107,-0.000594029,0.000395639"
583109300007666_583209300011395,240.14212750000002,19.46587675,583_0x9_0x3,0.05841146226032311,206,7,5.903072160164284,20.869753850000002,0.0035416045173540414,1.1212894445555142,-0.014140289292719809,0.006766057735984899,0.0,82.25604984428135,inf,0.6666666666666666,0.7857142857142857,0.02400793650793651,0.6859836532367827,0.42857142857142855,0.2431252693817254,684,8,7.164593758658445,20.095033649999998,-0.0035785640051531056,2.786323358627851,0.0253309997920147,-0.0003079575442650091,159.15715438526382,0.0,0.0,0.7142857142857143,-0.9523809523809523,1.0,-3.1537002364743305,0.875,0.0,False,0,"15,19,38,17,30,42,39","-0.0148829,-0.00460707,-0.0126904,0.000881448,0.0233775,-0.00308322,0.00974726","83,42,130,73,115,105,110,26","0.0401684,0.0425707,0.0102614,0.0150232,0.00898541,0.00724328,0.00502313,-0.00280195"
583109300018185_583209300003596,240.1547368,19.5206664,583_0x9_0x3,0.05647401011772248,159,8,6.942211400958236,21.18258715,0.0022548340168192134,0.5259583216369108,-0.015268687494003187,0.0003848469248276098,0.0,19.617515765957975,inf,0.42857142857142855,0.14285714285714285,0.3760168650793651,0.0,0.375,0.15,433,8,7.055451396851477,20.822030525,-0.0017323770797477082,0.6565609321558302,0.0033011617120540173,-0.008921540575125434,57.4557369812103,0.0,0.0,0.5714285714285714,-0.6428571428571429,1.0,-1.1159051141174654,0.5,0.0,False,0,"11,10,25,22,22,20,39,10","-0.0115618,-0.0231362,0.0072655,0.00145337,-0.0324546,-0.0082256,0.0234126,-0.0150242","45,32,66,52,61,74,85,18","0.0502917,0.00228552,-0.0101957,-0.00882487,0.0252515,-0.0125838,0.000105256,-0.0161202"
583109300011542_583209300010692,240.16627725,19.556689149999997,583_0x9_0x3,0.05482379233799498,180,8,6.988315318685843,21.32485055,0.0005016150738110659,0.11673486683179943,-0.012135293182907538,-0.008629848878509936,0.0,0.0,inf,0.42857142857142855,-0.38095238095238093,1.0,0.0,0.25,0.15,848,8,7.097940036824071,19.9525833,-0.0006134307380684832,0.9998253093983344,-0.0005637413971966251,-0.004917835992751452,0.0,0.0,inf,0.5714285714285714,-0.38095238095238093,1.0,-1.6466225867323416,0.25,0.0,False,0,"13,15,36,15,24,24,45,8","-0.00221854,0.0212909,-0.020525,-0.0259322,-0.0191853,-0.0235087,0.0144362,-0.0236774","88,60,157,92,153,129,136,33","0.00296189,0.00177056,-0.00257948,-0.00345664,-0.00638605,-0.00612726,-0.000936522,-7.89112e-06"
583109300007285_583209300017292,240.15070905,19.5372359,583_0x9_0x3,0.04861704112641808,358,8,6.948864441615345,20.669177050000002,0.00027141466281313314,0.12613972668153253,-0.002688345688148879,-0.0008023219887936795,0.0,0.0,inf,0.5714285714285714,-0.2857142857142857,1.0,0.0,0.5,0.15892857142857142,754,8,7.170099342094471,20.0356455,-0.0016522610476563968,1.741670192144518,0.008758592202333937,-0.003088283648435516,93.58735065346137,0.0,0.0,0.5714285714285714,-0.5476190476190477,1.0,-2.1995348375016834,0.75,0.0,False,0,"21,25,52,41,60,60,81,18","-0.0036878,0.0135313,0.015536,-0.0245835,0.00634888,-0.00201329,0.00217038,-0.00478766","81,54,141,81,128,111,129,29","0.019731,0.0143852,0.00267935,0.00344944,-3.92079e-06,-0.0037781,0.000538535,0.00780729"
583109300002174_583209300003295,240.10797495,19.55443635,583_0x9_0x3,0.04877625881555721,78,4,6.943387108145103,21.103974825,0.003691614613706123,0.5933650117517051,-0.01811938112334218,0.007512928193704978,0.0,86.67714920153395,inf,0.6666666666666666,0.4,0.375,0.0,0.5,0.17083333333333334,345,7,7.123736659274472,20.1073084,-0.00045560976388362,0.5010868230302181,0.0031324110212528435,-0.00011323295604828655,55.96794637337378,0.0,0.0,0.5,-0.4642857142857143,1.0,-0.8120009197383552,0.7142857142857143,0.0,False,0,"15,15,20,14","0.0237984,-0.0307005,-0.00225421,0.0744044","83,52,67,8,14,84,30","0.00403076,0.00031444,0.00239231,0.0197257,-0.00041509,0.0026098,-0.00424539"
583109300002613_583209300011257,240.1235235,19.4840504,583_0x9_0x3,0.042806508667566405,578,8,6.940526656262819,19.20372295,-0.0001314467593949709,0.5924389627979524,0.0005138938740865078,-0.000398415863373653,22.66922746999791,0.0,0.0,0.42857142857142855,-0.23809523809523808,1.0,-0.7790102633486286,0.75,0.0,920,8,7.116983056262844,18.64663315,-8.107738183504481e-05,0.8081093814592188,0.0003775807143239519,-0.00019944563844221487,19.431436239350706,0.0,0.0,0.5714285714285714,-0.5952380952380952,1.0,-1.6727171288455553,0.5,0.0,False,0,"41,50,109,83,59,46,148,32","0.000820255,-0.000248439,5.52922e-05,0.00126754,9.28605e-05,0.00089577,-0.000745496,3.85587e-05","112,75,196,97,141,110,151,35","0.00128505,0.00131973,-0.000308394,-0.000256358,0.000507972,0.000261048,-5.60575e-05,-0.000562879"
583109300007068_583209300003056,240.1294125,19.5796198,583_0x9_0x3,0.040300324952773074,75,6,4.980238040793971,21.497472275,0.017573319781566166,1.7278960449139942,-0.0407094850596521,0.04680983061954092,0.0,216.35579636224432,inf,0.8,0.9428571428571428,0.008333333333333333,1.4110355538279165,0.6666666666666666,0.3134044787055562,328,8,7.019934152087632,21.073001400000003,-0.0012154737928136592,0.38948908970434987,0.002330257045989158,-0.006202288943150936,48.27273605244639,0.0,0.0,0.5714285714285714,0.047619047619047616,0.46743551587301585,-0.8857664417862262,0.625,0.0,False,0,"9,12,10,8,12,16","-0.0374541,-0.0352306,0.00492223,0.029645,0.0385192,0.0356407","24,27,58,40,40,51,66,22","0.011496,-0.0109648,0.0107531,-0.0104713,0.0278673,0.000266388,-0.019298,0.0183576"
583109300018079_583209300017158,240.1607739,19.5579039,583_0x9_0x3,0.05841256029594317,437,8,6.951572125393575,20.09131815,-0.00039993346720657475,0.23780332458608194,0.004824497967747616,0.0020443316251023856,69.45860614601776,45.21428563078693,0.6509529652198351,0.5714285714285714,-0.023809523809523808,1.0,-2.159347115895681,0.625,0.0,829,8,7.1675266654346474,19.544367325000003,-0.004749760748464711,5.237898970259033,0.03314736987423229,-0.0008966669448233558,182.06419163095273,0.0,0.0,0.7142857142857143,-0.9523809523809523,1.0,-5.602809700340827,0.875,0.0,False,0,"24,30,65,59,70,69,99,21","-0.00564051,0.00856389,0.0279921,0.0209248,0.0157156,0.0263178,-0.000965629,-0.00470128","106,58,157,88,142,115,130,33","0.0509175,0.0222848,0.029604,0.0113806,0.0127978,0.00901496,0.00478829,-0.00185928"
583109300011650_583209300003459,240.1646982,19.537144,583_0x9_0x3,0.10375270209184008,93,5,4.9297420747433245,21.3148651,-0.0024415848586665395,0.2514381588318308,0.033894804480566344,0.021858420873741673,184.1054167605243,147.8459362774022,0.8030504418548057,0.5,-0.1,1.0,-0.5843550626051315,1.0,0.0,367,8,7.1088098747433275,20.93900155,-0.0031242820890408293,1.0607238535276948,0.015828735289485658,-0.006381192076571503,125.81230182094936,0.0,0.0,0.5714285714285714,-0.6428571428571429,1.0,-1.26075503107623,0.75,0.0,False,0,"9,16,10,15,26","0.0177109,0.0437859,0.0506286,0.0501224,0.0146728","34,28,57,45,60,63,62,18","0.0264133,0.00756896,0.00901661,0.00402699,-0.00283303,0.0141294,-0.00937465,0.00158628"
583109300002171_583209300017185,240.1363332,19.5544177,583_0x9_0x3,0.09975721269032042,171,7,5.934556652156056,21.2009163,-0.004928154374330697,1.1154471180871903,0.00575245039593,-0.023493960929106206,75.84491015176957,0.0,0.0,0.6666666666666666,-0.5357142857142857,1.0,-1.3033601893665605,0.42857142857142855,0.0,821,8,7.106040874469568,20.00288245,-0.00025848219650751434,0.3876178280406843,0.0001681521105479722,-0.0016686329431570997,12.967347860991937,0.0,0.0,0.5714285714285714,-0.23809523809523808,1.0,-0.7381519576864913,0.375,0.0,False,0,"14,15,31,16,25,31,35","0.000595256,-0.0077409,0.0140463,0.00921815,-0.0264065,-0.00482831,-0.0304452","96,56,147,91,147,118,132,34","0.00251469,0.0109367,-0.0028319,-0.00562851,0.00312939,-0.00220936,-4.06348e-05,-0.00127341"
583109300007688_583209300011434,240.1174613,19.461630800000002,583_0x9_0x3,0.062129716475868665,134,5,6.958486418617385,21.15274145,0.0021554814260250172,0.5691212429971944,-0.011382140327243275,0.003616747901333841,0.0,60.139403899056404,inf,0.75,0.4,0.25833333333333336,0.0,0.4,0.18125,685,8,7.103385270225865,19.7782507,-6.90285400291705e-06,0.01389641709048836,0.0008663772920313689,0.0008173436605845283,29.434287693629837,28.589222804835536,0.9712897795390785,0.5714285714285714,-0.14285714285714285,1.0,-0.2914865910094989,0.625,0.0,False,0,"10,14,33,49,13","-0.0293234,-0.00591685,0.0028983,0.00999597,-0.0220277","100,60,162,59,73,54,143,34","0.00177051,-0.000897644,0.00111734,-8.86522e-05,0.000683548,0.0104408,0.00150316,-0.0036293"
583109300007237_583209300003381,240.1694141,19.5460761,583_0x9_0x3,0.0641982507331012,141,8,6.9570917466118996,21.409962675000003,0.004163185471209349,0.7806936045673348,-0.026435955323249855,0.0025277079581152787,0.0,50.27631607541745,inf,0.5714285714285714,0.14285714285714285,0.3760168650793651,0.5865549778768424,0.375,0.15892857142857142,808,8,7.010408950581804,20.09425925,-0.00040361100178535714,0.5247791913589345,-0.003003509231365985,-0.005832987410835341,0.0,0.0,inf,0.42857142857142855,-0.5238095238095238,1.0,-1.2503739914560519,0.125,0.0,False,0,"10,8,21,19,18,22,34,9","0.0276999,-0.0265899,-0.0156051,-0.0368766,-0.0245906,0.0170489,-0.000572249,0.00780368","82,53,152,83,144,122,138,33","-0.000438385,0.00349194,-0.00667853,-0.00108979,-0.009151,-0.00742345,-0.00151406,-0.00185748"
583109300002573_583209300003869,240.1826175,19.490203,583_0x9_0x3,0.10670100894831214,277,8,7.0472765037645555,20.94912145,-0.00028605581503951636,0.09290702745189679,-0.00518668953717142,-0.007202603961264623,0.0,0.0,inf,0.5714285714285714,-0.11904761904761904,1.0,-0.25656870434610013,0.25,0.0,622,8,7.04044572470908,20.45246125,-0.0019378887608976715,1.359754155517875,0.005013565297282026,-0.008630035344341765,70.80653428379351,0.0,0.0,0.7142857142857143,-0.8333333333333334,1.0,-1.491184368678927,0.375,0.0,False,0,"17,18,44,36,34,52,67,9","0.0327665,-0.00504613,-0.00839177,-0.0149669,-0.00284384,-0.00959872,-0.00568809,0.00696698","50,43,117,74,96,101,115,25","0.00384067,0.0215367,0.000187787,-0.00646568,-3.37695e-06,-0.00447439,-0.00585233,-0.0103514"
583109300002338_583209300010927,240.1764515,19.5259178,583_0x9_0x3,0.10749881217536282,191,7,5.91233591895962,21.1889286,-0.00011773683525379489,0.027374240164008416,-0.00568618231736011,-0.006382282037415753,0.0,0.0,inf,0.5,-0.03571428571428571,1.0,-0.27128718287420867,0.2857142857142857,0.0,822,8,7.080251286516085,20.0539794,-0.0003249359134127648,0.46238689912321246,-0.0015090476142183215,-0.0038096755331943287,0.0,0.0,inf,0.5714285714285714,-0.07142857142857142,1.0,-0.6771942732068639,0.25,0.0,False,0,"10,15,32,22,25,41,41","-0.00981073,-0.00149943,0.00610027,-0.00416667,-0.0307935,0.00507987,-0.0054128","87,52,149,90,151,121,137,33","0.00175682,-0.00500039,-0.00295401,-0.00405118,0.000354549,-0.00577852,-0.00245956,-0.0025429"
583109300007248_583209300010785,240.182464,19.543938699999998,583_0x9_0x3,0.15792942360999393,114,7,5.971302063518135,21.393199000000003,0.0005400446224459145,0.0878828692607655,0.0011758247123859254,0.004400594280789087,34.29030055840755,66.33697521585594,1.9345696635951752,0.5,0.21428571428571427,0.33075396825396824,0.0,0.7142857142857143,0.05599144090545664,670,8,7.033600162902132,20.361095425000002,-0.0013744240937528763,0.9634032034274879,0.0028909224903529915,-0.0067762270393638534,53.76729945192516,0.0,0.0,0.5714285714285714,-0.23809523809523808,1.0,-1.874131857087809,0.25,0.0,False,0,"9,9,23,12,10,24,23","-0.0111512,0.0190898,0.00367307,0.0691054,0.0468519,-0.0108953,0.00930322","66,40,120,76,116,105,114,32","0.0256508,-0.0144757,0.00341565,-0.00163532,-0.0014692,-0.00469067,-0.00705719,-0.00121871"
583109300011795_583209300003699,240.17928095000002,19.50874245,583_0x9_0x3,0.22538362775469947,66,6,6.0012801987679625,21.588235375,-0.00239416257684951,0.32443048282862474,-0.015551777433663256,-0.0299198178987415,0.0,0.0,inf,0.6,-0.3142857142857143,1.0,-0.44830049842757863,0.16666666666666666,0.0,263,8,6.896912708829553,21.13628865,-0.0011786890510117952,0.3392001527867339,0.0009371718951358279,-0.007192143600545668,30.613263385921925,0.0,0.0,0.42857142857142855,-0.11904761904761904,1.0,-0.46423449769640773,0.375,0.0,False,0,"8,11,8,8,14,10","-0.0116664,-0.0195034,-0.0478009,0.0446192,-0.0370042,-0.0204651","18,24,42,27,37,51,50,14","-0.00432017,-1.70677e-05,0.0133065,-0.014078,0.0106984,-0.00736688,-0.0109946,0.00128769"
