source_id,vet_set,hip,ra,dec,ks_m,jk,pred_s09_jy,etz,nearby,pm_source,verdict,note,n_in_cone,wise_id,sep_arcsec,w1,w2,w3,e_w3,w3snr,w3rchi2,w4,e_w4,w4snr,cc_flags,ph_qual,ext_flg,resid_w3,sig_w3,resid_w4,sig_w4,nearest_wide_sep_arcsec,nearest_wide_cc_flags,nearest_wide_w1,artefact_region_plausible
-80763,missing,80763.0,247.35194829,-26.43194598,-4.1,1.25,2926.5062142619217,False,False,unknown_assumed_zero,saturated_beyond_all_catalogues,brighter than every catalogue's saturation; not queried,,,,,,,,,,,,,,,,,,,,,,,
6870038822635780864,missing,,294.2639734629757,-18.231120267902124,2.826,0.8229999542236328,4.461432146624557,False,False,gaia_lookup,INCONCLUSIVE,w3: saturated (2.78 < 3.8),1.0,J193703.35-181352.2,0.28002083558348484,1.7829999923706055,1.3940000534057617,2.7809998989105225,0.013000000268220901,84.30000305175781,2.79,2.6489999294281006,0.02199999988079071,49.2,hh00,UUAA,1.0,-0.00715889686524817,-0.029298187526424543,0.05937814399060176,0.2423698661493906,,,,
6793555586916034816,missing,,309.57101616443254,-30.953262925292105,4.87,0.7560000419616699,0.6764170819089759,False,False,gaia_lookup,PHOTOSPHERE_PRESENT_AT_12_22_UM,,2.0,J203817.03-305711.1,0.3331893636414874,,4.739999771118164,4.863999843597412,0.014000000432133675,76.69999694824219,3.192,4.788000106811523,0.02800000086426735,39.0,HHH0,XAAA,1.0,-0.038248797225877186,-1.420524655291168,-0.027608774803427147,-0.7619294554529388,,,,
3217427488256683392,missing,,85.01661336494381,-1.4254684661185018,4.92,0.4489998817443847,0.6425701636944963,False,False,gaia_lookup,INCONCLUSIVE,,1.0,J054003.99-012531.6,0.07572796670683164,4.834000110626221,4.605999946594238,4.826000213623047,0.017999999225139618,60.20000076293945,0.7974,4.666999816894531,0.027000000700354576,39.9,00h0,BBAA,0.0,0.08599543059203571,3.1959950697224286,0.18010905081999734,5.360293368476347,,,,
6770313530317154560,missing,,288.8890362583546,-24.17980812340524,4.936,0.3600001335144043,0.630796343295872,False,True,gaia_lookup,PHOTOSPHERE_PRESENT_AT_12_22_UM,,1.0,J191533.32-241046.3,0.3850584612207555,4.940000057220459,4.801000118255615,4.97599983215332,0.014999999664723873,70.69999694824219,2.242,4.929999828338623,0.03099999949336052,34.9,0000,BAAA,0.0,-0.03749683158868548,-1.573423557169205,-0.05624649896913986,-1.569075844791726,,,,
904221908664746624,missing,,124.94826832981988,35.20131889049774,4.969,0.5399999618530273,0.6141007901313188,False,False,gaia_lookup,PHOTOSPHERE_PRESENT_AT_12_22_UM,,1.0,J081947.57+351204.7,0.08971733357497423,4.955999851226807,4.801000118255615,4.9710001945495605,0.014999999664723873,74.30000305175781,1.086,4.938000202178955,0.03200000151991844,34.5,0000,BAAA,0.0,-0.020748066901159455,-0.8039712679905254,-0.05277503787458861,-1.3788268342046686,,,,
3599492076508072704,missing,,178.46677126496564,-3.777060447198037,5.066,0.6040000915527344,0.561832371471786,False,False,gaia_lookup,PHOTOSPHERE_PRESENT_AT_12_22_UM,,1.0,J115352.04-034637.1,0.22010501551806208,4.954999923706055,4.877999782562256,5.043000221252441,0.014000000432133675,78.30000305175781,1.762,4.978000164031982,0.03200000151991844,33.4,0000,BAAA,0.0,-0.0033039820480696078,-0.11188694953092773,-0.0034294812295221494,-0.08317713497553568,,,,
2600160251672843008,missing,,333.2760567945606,-13.871233789841314,5.085,0.6929998397827148,0.5536064987904219,False,False,gaia_lookup,PHOTOSPHERE_PRESENT_AT_12_22_UM,,1.0,J221306.25-135216.4,0.2107942573412473,5.03000020980835,4.916999816894531,5.091000080108643,0.014999999664723873,71.0,1.474,5.000999927520752,0.035999998450279236,30.4,0000,BAAA,0.0,-0.042811197253822895,-1.7964223486580713,-0.018073706373246137,-0.44904486053042036,,,,
6243032008973309440,missing,,243.41750928990652,-21.399925176308457,5.125,0.3990001678466797,0.5291032660110118,True,True,gaia_lookup,INCONCLUSIVE,,1.0,J161340.30-212359.3,0.9240515857425324,5.192999839782715,4.973999977111816,5.2789998054504395,0.02199999988079071,48.900001525878906,4.549,5.111000061035156,0.032999999821186066,32.9,HHH0,BAAA,1.0,-0.15610116912866823,-5.132574838939194,-0.052911175984314066,-1.35270065517408,,,,
6795891125710265088,missing,,311.9702118762478,-27.75009805586832,5.135,0.6779999732971191,0.5276481356719418,False,False,gaia_lookup,PHOTOSPHERE_PRESENT_AT_12_22_UM,,1.0,J204752.83-274500.5,0.04386029335702388,5.0269999504089355,4.931000232696533,5.086999893188477,0.01600000075995922,68.4000015258789,0.9891,5.02400016784668,0.03099999949336052,34.6,hh00,BAAA,0.0,0.012959881668785346,0.4908905136848376,0.010720052798698435,0.2863010378867607,,,,
3837746380705638656,missing,,142.28906890382422,-2.7508697899163823,5.137,0.556999683380127,0.5259614595108376,False,True,gaia_lookup,PHOTOSPHERE_PRESENT_AT_12_22_UM,,1.0,J092909.32-024503.0,0.07068714023974433,,4.9670000076293945,5.166999816894531,0.014000000432133675,76.80000305175781,0.9713,5.110000133514404,0.032999999821186066,32.9,hhh0,XAAA,0.0,-0.050754685170061146,-1.8849816696153479,-0.05880815343290316,-1.462003074043509,,,,
3022685626580347392,missing,,89.5900670199354,-4.651563226359424,5.166,0.4960002899169922,0.5140856915811954,False,True,gaia_lookup,PHOTOSPHERE_PRESENT_AT_12_22_UM,,1.0,J055821.62-043903.7,0.9281169682401517,5.228000164031982,5.021999835968018,5.120999813079834,0.014000000432133675,80.4000015258789,6.226,5.072999954223633,0.03099999949336052,35.3,0000,BAAA,1.0,0.031446938615150466,1.1679099704088711,0.014487616211855098,0.37532181084487404,,,,
6875884341845417216,missing,,305.2472708276594,-15.42867557739688,5.177,0.6510000228881836,0.5074726670482145,False,False,gaia_lookup,PHOTOSPHERE_PRESENT_AT_12_22_UM,,1.0,J202059.33-152543.0,0.07921363762920594,5.122000217437744,5.010000228881836,5.142000198364258,0.014000000432133675,79.80000305175781,1.043,5.072999954223633,0.03700000047683716,29.2,0000,BAAA,0.0,0.003147204615656936,0.12891452276896662,0.006949488330001891,0.16523000240409075,,,,
378607281314502016,iras_ul,,4.581543815043471,36.7850369465716,4.464,-0.1190004348754882,0.937606541266534,False,True,catalogue,PHOTOSPHERE_PRESENT_AT_12_22_UM,,1.0,J001819.60+364706.4,0.12284727878857633,4.315000057220459,4.072000026702881,4.355000019073486,0.014000000432133675,75.69999694824219,2.026,4.144000053405762,0.020999999716877937,51.1,0000,BBAA,0.0,0.16805403656497947,0.5788225802501494,0.315042237835303,1.0835154127814117,,,,
441416161501150848,iras_ul,,52.01294917356026,49.062754281296215,5.217,-0.0999999046325683,0.4729157265684368,False,False,catalogue,INCONCLUSIVE,,1.0,J032803.09+490346.1,0.13918029689073377,5.309999942779541,5.169000148773193,5.379000186920166,0.014999999664723873,73.0,0.9856,5.290999889373779,0.03400000184774399,32.3,0h00,BAAA,0.0,-0.1051893437184026,-4.413903371495644,-0.08123008114100362,-2.1617203919870165,,,,
250437313946591360,iras_ul,,59.1528146624188,50.69479996042314,4.286,-0.0529999732971191,1.1399692171690294,False,True,catalogue,PHOTOSPHERE_PRESENT_AT_12_22_UM,,1.0,J035636.63+504142.2,0.31713942353397734,4.283999919891357,3.9739999771118164,4.301000118255615,0.014999999664723873,71.30000305175781,2.778,4.24399995803833,0.023000000044703484,48.1,0h00,BBAA,0.0,0.03626188872169131,1.4504755605390882,0.02914860994562021,0.956334869739613,,,,
216718178536050176,iras_ul,,56.07975605974174,32.28820323631351,3.717,-0.1029999256134033,1.8800007662456009,False,False,catalogue,PHOTOSPHERE_PRESENT_AT_12_22_UM,,1.0,J034419.14+321717.8,0.24584799319001102,3.881999969482422,3.4639999866485596,3.9010000228881836,0.01600000075995922,66.9000015258789,1.018,3.869999885559082,0.028999999165534973,37.0,0000,BBAA,0.0,-0.12683499565636708,-0.5103703717882001,-0.15987127172370982,-0.640279526614294,,,,
3299587566928862976,iras_ul,,65.9658647128416,9.460976008216258,4.8,-0.0740003585815429,0.703076020825797,False,False,gaia_lookup,PHOTOSPHERE_PRESENT_AT_12_22_UM,,1.0,J042351.83+092739.4,0.3749568129464573,4.849999904632568,4.589000225067139,4.866000175476074,0.01600000075995922,68.19999694824219,2.093,4.738999843597412,0.02800000086426735,38.2,0000,BAAA,0.0,-0.01225885214057798,-0.5143999085954697,0.05066039211981882,1.546566775843625,,,,
3232262786334597888,iras_ul,,73.56290684709873,2.440677615718005,4.271,-0.0819997787475586,1.140087482770381,False,False,catalogue,PHOTOSPHERE_PRESENT_AT_12_22_UM,,1.0,J045415.09+022626.7,0.3031782526672857,4.26800012588501,3.9539999961853027,4.271999835968018,0.014000000432133675,80.19999694824219,3.371,4.218999862670898,0.02500000037252903,43.1,0000,BBAA,1.0,0.05368590305343018,0.17641139377746712,0.04261711194630107,0.1397162210224122,,,,
5564659825994306176,iras_ul,,107.21272288090462,-39.65562070198668,5.304,-0.0749998092651367,0.4417720142482824,False,False,catalogue,INCONCLUSIVE,,1.0,J070851.04-393919.9,0.3816601265069962,5.38100004196167,5.247000217437744,5.451000213623047,0.014999999664723873,74.4000015258789,5.858,5.368000030517578,0.032999999821186066,32.9,0000,BAAA,1.0,-0.093140894622448,-3.908332291707418,-0.07422025946806646,-2.0237708121857256,,,,
5335709172633235840,iras_ul,,174.391275270099,-60.90319916286656,0.027,1.1670000553131104,62.88253611450268,False,False,catalogue,INCONCLUSIVE,w3: saturated (-0.19 < 3.8); w4: saturated (-0.46 < -0.4),1.0,J113733.97-605411.4,0.1336902890377983,-1.475000023841858,-0.4650000035762787,-0.19499999284744263,0.28700000047683716,3.799999952316284,0.01535,-0.4569999873638153,0.014999999664723873,72.9,hhhd,UUBA,0.0,0.12922816487561412,0.2624935530175351,0.32523529399754403,0.8125171346160536,,,,
1565090003967879424,iras_ul,,201.3073057729085,54.987845339784336,3.145,0.1459999084472656,3.36078046461435,False,True,catalogue,INCONCLUSIVE,w3: saturated (3.60 < 3.8),1.0,J132513.66+545916.4,0.12188562025883178,3.5929999351501465,3.253999948501587,3.5980000495910645,0.014999999664723873,71.5999984741211,1.699,3.563999891281128,0.019999999552965164,53.2,hh00,CBAA,0.0,-0.4252320716710514,-1.739470565689338,-0.4556519143403668,-1.8611840473728307,,,,
5855593454594292736,iras_ul,,189.29540488035568,-69.1356236855019,3.25,-0.0720000267028808,2.933668638022605,False,False,gaia_lookup,INCONCLUSIVE,w3: saturated (3.51 < 3.8),1.0,J123710.93-690808.3,0.25859756064611217,3.2669999599456787,3.065999984741211,3.507999897003174,0.014000000432133675,78.30000305175781,1.82,3.5,0.023000000044703484,47.3,HHH0,BBAA,0.0,-0.20449473388480702,-0.729427120499758,-0.2605790060379768,-0.9275153866562084,,,,
6041076668127513984,iras_ul,,239.22106830024904,-29.21417958464532,4.457,-0.1139998435974121,0.9459404713546644,False,False,catalogue,INCONCLUSIVE,,1.0,J155653.05-291250.8,0.07492196639426277,4.521999835968018,4.330999851226807,4.626999855041504,0.014999999664723873,72.80000305175781,0.9685,4.5970001220703125,0.03400000184774399,31.9,0000,BBAA,0.0,-0.11153617179804179,-4.061907828347154,-0.14555590670216018,-3.5459276090941656,,,,
6221197975786214784,iras_ul,,217.0433270578588,-29.49174749392271,5.158,-0.0850000381469726,0.5029355837787605,False,False,catalogue,PHOTOSPHERE_PRESENT_AT_12_22_UM,,1.0,J142810.37-292930.0,0.505880157623723,5.09499979019165,5.006999969482422,5.235000133514404,0.017000000923871994,64.0999984741211,2.378,5.182000160217285,0.03400000184774399,32.3,hh00,BAAA,0.0,-0.021960182315082566,-0.6532760152717367,-0.03302435148238123,-0.739001384082053,,,,
5908713025970995584,iras_ul,,224.79023735305813,-42.10429832458499,3.378,0.0379998683929443,2.705862538674745,False,False,gaia_lookup,INCONCLUSIVE,,1.0,J145909.67-420615.1,0.4124040706172263,3.7880001068115234,3.507999897003174,3.865999937057495,0.014999999664723873,70.19999694824219,0.7999,3.8329999446868896,0.02199999988079071,48.4,0000,BBAA,0.0,-0.447481418499049,-1.3796377593974158,-0.47873505159799346,-1.474182810781925,,,,
6093220251160674688,iras_ul,,214.85084131644516,-46.05811713873148,4.102,-0.1320002079010009,1.2959968808497446,False,False,catalogue,PHOTOSPHERE_PRESENT_AT_12_22_UM,,1.0,J141924.22-460328.5,0.6876477034835011,4.110000133514404,3.8450000286102295,4.168000221252441,0.012000000104308128,89.9000015258789,8.376,4.177000045776367,0.023000000044703484,46.6,HHH0,BAAA,1.0,-0.005411405680842037,-0.01877331384572106,-0.07840296827753009,-0.27136853740779265,,,,
6000130236649730432,iras_ul,,230.670171036926,-44.68972319549894,4.128,-0.1399998664855957,1.2554963694706562,False,False,gaia_lookup,PHOTOSPHERE_PRESENT_AT_12_22_UM,,1.0,J152240.85-444123.1,0.22604982896080247,4.619999885559082,3.753000020980835,4.089000225067139,0.014000000432133675,75.4000015258789,2.199,4.057000160217285,0.026000000536441803,42.3,hh00,UBAA,0.0,0.1005330343382328,0.36117192572767914,0.06855368469662813,0.24552452944418457,,,,
5971244451311982336,iras_ul,,253.08386981981704,-38.017636551986286,4.292,-0.1419997215270996,1.077378497425313,False,False,catalogue,PHOTOSPHERE_PRESENT_AT_12_22_UM,,1.0,J165220.11-380103.3,0.18608411813455122,4.2179999351501465,4.020999908447266,4.376999855041504,0.014999999664723873,70.5999984741211,1.613,4.348999977111816,0.023000000044703484,46.8,0000,BBAA,0.0,-0.023230491714644877,-0.07437080384017623,-0.05920694747291129,-0.1892523236619507,,,,
6048602103663486592,iras_ul,,245.2970859432392,-25.59288089269204,2.339,0.053999900817871,7.046036912640559,False,False,gaia_lookup,INCONCLUSIVE,w3: saturated (2.25 < 3.8),1.0,J162111.19-253534.3,1.3706432497338175,0.8700000047683716,0.7350000143051147,2.249000072479248,0.02199999988079071,50.099998474121094,7.533,1.0429999828338623,0.027000000700354576,40.9,hhhd,UUAA,1.0,0.12862947396819072,0.5045263060103408,1.2703512898795573,4.973363641232667,,,,
4039970797062166400,iras_ul,,267.4647360322948,-37.0432231563698,0.621,0.7119999527931213,33.87555051903572,False,True,catalogue,INCONCLUSIVE,w3: saturated (0.44 < 3.8),1.0,J174951.50-370235.5,0.16125625137624228,-2.1500000953674316,-1.5449999570846558,0.4440000057220459,0.024000000208616257,45.900001525878906,0.08382,0.43299999833106995,0.017000000923871994,64.8,00hd,UUAA,0.0,0.13794571395475874,0.5164948681800132,0.08365378970958642,0.3138476353771812,,,,
2077959092540451456,iras_ul,,294.8604894127043,42.81840847824098,5.44,-0.0750002861022949,0.3897606933090496,False,False,catalogue,PHOTOSPHERE_PRESENT_AT_12_22_UM,,1.0,J193926.51+424906.2,0.1898974578774298,5.466000080108643,5.302999973297119,5.539999961853027,0.014000000432133675,77.80000305175781,1.681,5.489999771118164,0.032999999821186066,33.2,0000,BAAA,0.0,-0.0461405865567866,-1.828156583851236,-0.0602199430384365,-1.5395529372998278,,,,
1823991938314881152,iras_ul,,295.26228375975774,17.4758952424771,1.792,0.6459999084472656,11.466236206635491,False,False,catalogue,INCONCLUSIVE,w3: saturated (2.16 < 3.8),1.0,J194102.94+172832.9,0.46062622991927593,0.04500000178813934,0.12999999523162842,2.1600000858306885,0.008999999612569809,117.5,2.085,2.065999984741211,0.017999999225139618,60.5,hhhd,UUAA,0.0,-0.3992623667514119,-1.8816182476668593,-0.3704525233448797,-1.7411528732756372,,,,
4254395871029677952,iras_ul,,286.5621591057804,-4.882960200216354,3.564,-0.0419998168945312,2.228130189519433,False,True,catalogue,INCONCLUSIVE,w3: saturated (3.50 < 3.8),1.0,J190614.99-045256.5,1.9055995456146422,3.453000068664551,2.8510000705718994,3.496999979019165,0.008999999612569809,123.5999984741211,116.9,3.6600000858306885,0.023000000044703484,46.9,hh00,CBAA,1.0,0.11696334379867529,0.40312778783515363,-0.11016714789462595,-0.3786975553595582,,,,
1828386961103698560,iras_ul,,298.3651109477452,24.079612226255893,4.584,-0.1050000190734863,0.8451636597082982,False,False,catalogue,INCONCLUSIVE,,1.0,J195327.70+240446.3,1.0880909827727803,4.479000091552734,4.2769999504089355,4.745999813079834,0.01899999938905239,58.20000076293945,2.328,4.64900016784668,0.027000000700354576,40.8,hh00,BBAA,0.0,-0.1045986537787092,-3.693506921320716,-0.07163234077120793,-2.094190596657691,,,,
1828386961117254272,iras_ul,,298.3655075114325,24.079775640554796,4.584,-0.1050000190734863,0.8451636597082982,False,False,catalogue,INCONCLUSIVE,,1.0,J195327.70+240446.3,0.6393999767062192,4.479000091552734,4.2769999504089355,4.745999813079834,0.01899999938905239,58.20000076293945,2.328,4.64900016784668,0.027000000700354576,40.8,hh00,BBAA,0.0,-0.1045986537787092,-3.693506921320716,-0.07163234077120793,-2.094190596657691,,,,
1820154058573970944,iras_ul,,299.43941003816497,16.789243268044146,5.612,-0.0799999237060546,0.331860272745651,False,False,catalogue,PHOTOSPHERE_PRESENT_AT_12_22_UM,,1.0,J195745.45+164721.1,0.022081425897566547,5.603000164031982,5.47599983215332,5.703000068664551,0.014999999664723873,72.19999694824219,0.8753,5.65500020980835,0.04399999976158142,24.9,hh00,BAAA,0.0,-0.0365504335645907,-1.4163005430103615,-0.05262241991614204,-1.0793349169590771,,,,
2166775786416401536,iras_ul,,311.9553025747286,47.831786787800944,2.318,0.929999828338623,7.233121146496325,False,False,catalogue,NO_WISE_SOURCE,"nothing within 6""; nearest AllWISE source 20.0"" away with cc_flags='ddHd'",0.0,,,,,,,,,,,,,,,,,,,20.033924700016122,ddHd,6.485000133514404,True
2067518817314952576,iras_ul,,305.55710787667306,40.2566736114266,0.827,0.5419999361038208,27.863105313663816,False,False,gaia_lookup,INCONCLUSIVE,w3: not measured (snr/err),1.0,J202213.69+401523.9,0.12218854197661287,-1.7669999599456787,-0.7279999852180481,,,,,0.5149999856948853,0.02800000086426735,38.9,HHHH,UUXA,0.0,,,0.2279859796269348,1.0099350164163936,,,,
-85696,iras_ul,85696.0,262.69099525,-37.29574034,3.183,-0.1300001144409179,3.027270722337335,False,False,catalogue,INCONCLUSIVE,w3: saturated (3.47 < 3.8),1.0,J173045.78-371744.5,0.9239128140300679,3.1429998874664307,3.122999906539917,3.4709999561309814,0.013000000268220901,84.4000015258789,9.371,3.4700000286102295,0.024000000208616257,45.5,hhp0,CCAA,1.0,-0.22764727262869128,-0.8612567126173213,-0.29064216435149287,-1.0963960491291618,,,,
