spec_id,wavelength,significance,width_ratio,score,redshift,n_survivors,ra,dec,spectype,data_release,n_lines_in_spectrum,simbad_id,simbad_otype,simbad_sptype,simbad_n_match,candidate_class,hunt_rank,search_mode,nearest_known_line,nearest_line_dv_kms,n_spectra_at_wavelength,triage_verdict,galaxy_z,galaxy_rest_lines
05fc1ec0-5e01-11f0-83d7-525400f334e1,7490.313585107577,10.13640779582352,1.0863409491323897,0.8164339975790409,-8.593573875259608e-05,1,147.32357,2.8148171,STAR,SDSS-DR17,1,2MASS J09491765+0248534,LM*,M1V,1.0,lm*,0.8164339975790409,emission,7394.24,3895.2,1,survives,,
04c8c3be-5e28-11f0-8fe5-525400f334e1,4753.352259428054,8.367191566137462,1.0362494542775231,0.801431855927653,-0.0008991481154225,1,8.9522896,-8.7274504,STAR,SDSS-DR17,1,,,,0.0,unexamined,0.801431855927653,emission,4728.12,1599.9,1,survives,,
05f8bfdd-5e2f-11f0-b9fb-525400f334e1,6969.473963563211,9.310528946200089,1.0954243796894565,0.7980479103445599,-2.69207976089092e-05,1,178.34694,37.221717,STAR,SDSS-DR17,1,GALEX J115323.2+371318,WD*,DA,1.0,white dwarf (other),0.7980479103445599,emission,6950.82,804.6,2,survives,,
06074d57-5e33-11f0-95bf-525400f334e1,7830.689431433755,8.416411546395043,1.0834126033170492,0.7870996354244351,-0.0040200711227953,1,38.364301,23.775541,STAR,SDSS-DR17,1,,,,0.0,unexamined,0.7870996354244351,emission,7824.15,250.6,1,known_line_window,,
002c740c-5e1f-11f0-970e-525400f334e1,6200.118642087248,9.896297886720992,1.1481499931992851,0.7763660093096227,0.0009239239734597,1,134.15315,3.3801,STAR,SDSS-DR17,1,[HKW2016] 134.153152+03.380103,*,F5,1.0,*,0.7763660093096227,emission,6197.71,116.5,1,known_line_window,,
00b0f23c-5e34-11f0-99fb-525400f334e1,6403.24324468947,8.175158569165207,1.144771139043277,0.7472844565498293,0.0002670518588274,1,120.0524,7.637376,STAR,SDSS-DR17,1,,,,0.0,unexamined,0.7472844565498293,emission,6381.06,1042.2,2,survives,,
05c2336a-5e17-11f0-b7d5-525400f334e1,6603.892574785453,16.185117472714207,1.281868963717081,0.7461789519662931,-0.0004502889933064,1,263.08011,7.017559,STAR,SDSS-DR17,1,SDSS J173219.22+070103.1,*,,1.0,*,0.7461789519662931,emission,6615.43,522.8,2,survives,,
05f997a2-5e34-11f0-b94f-525400f334e1,7095.777679633888,8.809370434446926,1.1684782628531425,0.7424226372792573,6.064536137273535e-05,1,121.76493,6.83959,STAR,SDSS-DR17,1,SDSS J080703.58+065022.5,*,F9,1.0,*,0.7424226372792573,emission,7067.2,1212.3,1,survives,,
00ac8d30-5e07-11f0-b95a-525400f334e1,6602.372147377998,24.14604266927638,0.9136864380858274,0.8395181582731971,0.0041532539762556,2,182.6016,13.17061,STAR,SDSS-DR17,2,KUG 1207+134,AG?,,2.0,ag?,0.7300157898027801,emission,6615.43,591.7,2,galaxy_zmatch,0.005752382453488858,"Ha6563,[SII]6716"
00ac8d30-5e07-11f0-b95a-525400f334e1,6602.372147377998,24.14604266927638,0.9136864380858274,0.8395181582731971,0.0041532539762556,2,182.6016,13.17061,STAR,SDSS-DR17,2,KUG 1207+134,AG?,,2.0,ag?,0.7300157898027801,emission,6615.43,591.7,2,duplicate,,
0577e38d-5e36-11f0-a1ac-525400f334e1,3991.167918200923,8.480790940665994,0.9684757545187166,0.8045219180592607,-0.0006560796755366,1,252.55019,42.309919,STAR,SDSS-DR17,2,HS 1648+4223,RG*,KIII,1.0,rg*,0.6995842765732702,emission,3971.22,1505.9,1,survives,,
041ad37c-5e2b-11f0-91dd-525400f334e1,8855.233145028547,8.411647242544397,0.9188173511741852,0.787980708626026,-4.64535150968004e-05,1,191.96953,34.829397,STAR,SDSS-DR17,2,2MASS J12475262+3449468,LM*,M9V,1.0,lm*,0.6852006161965444,emission,8865.23,338.1,1,survives,,
03421a8e-5e33-11f0-bb6e-525400f334e1,6718.928197763023,11.555162267955208,1.304628421354476,0.6748888855856692,-0.0004751083615701,1,47.253242,-0.83199,STAR,SDSS-DR17,1,SDSS J030900.78-004955.1,*,F9,1.0,*,0.6748888855856692,emission,6718.29,28.5,2,known_line_window,,
01977afd-5de1-11f0-8f4d-525400f334e1,6743.727297598055,8.28684095682902,1.266759354235035,0.6515950324488398,-0.0004409307439345,1,310.46691,76.379416,STAR,SDSS-DR17,1,,,,0.0,unexamined,0.6515950324488398,emission,6732.67,492.4,2,survives,,
003cda7d-5df0-11f0-a990-525400f334e1,6809.26129679685,16.794376191361504,1.4218549890405412,0.6503725816747399,-0.0001665785821387,1,47.488109,0.50493542,STAR,SDSS-DR17,1,2MASS J03095713+0030176,LM*,M1V,1.0,lm*,0.6503725816747399,emission,6865.79,2468.3,1,survives,,
075ce8ef-5e39-11f0-9745-525400f334e1,6967.86936762078,8.88238459404239,1.2882020341238296,0.6449678628942386,0.0004660765116568,1,169.34954,17.489308,STAR,SDSS-DR17,1,,,,0.0,unexamined,0.6449678628942386,emission,6950.82,735.3,2,survives,,
05f5db0b-5e33-11f0-9907-525400f334e1,5468.900223137945,10.594121896854665,1.3426702137384734,0.6308073398434135,-8.943183638621122e-05,1,37.876907,24.238581,STAR,SDSS-DR17,1,,,,0.0,unexamined,0.6308073398434135,emission,5457.12,647.2,1,survives,,
0733dcfd-5e18-11f0-9740-525400f334e1,4011.437222087667,11.389195706020852,1.3764537054953765,0.6185655382473156,-0.0002280431945109,1,283.05668,19.710112,STAR,SDSS-DR17,1,,,,0.0,unexamined,0.6185655382473156,emission,4027.34,1183.8,2,survives,,
03dea51d-5e1a-11f0-96fc-525400f334e1,7568.328950209744,8.033844633162968,0.9159711270320742,0.7792627730932478,-0.0010646332520991,1,174.45614,67.552624,STAR,SDSS-DR17,3,SDSS J113749.46+673309.4,Pe*,A0,1.0,pe*,0.5994329023794214,emission,7591.09,898.9,1,survives,,
06e6383d-5e0e-11f0-ba5e-525400f334e1,4010.513660865759,8.497649200536074,1.3494477306062227,0.5893835075054812,0.0001167690352303,1,112.92514,40.027739,STAR,SDSS-DR17,1,Gaia DR3 900371552087184896,*,,1.0,*,0.5893835075054812,emission,4027.34,1252.5,2,survives,,
06b1cbbc-5e0f-11f0-9405-525400f334e1,7141.67364109735,10.613091011810706,1.3127961436147513,0.6543033145817645,7.54794164095074e-05,1,113.09477,41.652699,STAR,SDSS-DR17,2,,,,0.0,unexamined,0.5689594039841431,emission,7067.2,3159.2,1,survives,,
06b8be5c-5e2e-11f0-803f-525400f334e1,4186.971454370618,8.384439760930176,1.3794590365632633,0.5660387772333046,0.000365664018318,1,181.3852,30.057023,STAR,SDSS-DR17,1,SDSS J120532.44+300325.2,*,sdA,1.0,*,0.5660387772333046,emission,4227.89,2901.5,1,survives,,
00601e68-5e11-11f0-9362-525400f334e1,6856.460841231655,11.343743450289235,1.4689283938277875,0.5655363871346852,-1.5967427316354588e-05,1,223.44484,14.514496,STAR,SDSS-DR17,1,,,,0.0,unexamined,0.5655363871346852,emission,6865.79,407.4,1,survives,,
00615829-5e1f-11f0-b527-525400f334e1,3957.3093392936153,8.2566658027597,0.8488052493151553,0.6444298395792559,0.0006159165641292,2,134.04327,3.688405,STAR,SDSS-DR17,2,SDSS J085610.38+034118.2,*,A0,1.0,*,0.5603737735471791,emission,3967.47,767.8,1,survives,,
00a7acab-5e30-11f0-ae46-525400f334e1,6717.381285473806,13.72709898255685,1.59320796632271,0.5569245017492033,0.0005910513573326,1,75.55571,-3.2368405,STAR,SDSS-DR17,1,,,,0.0,unexamined,0.5569245017492033,emission,6718.29,40.5,2,known_line_window,,
06371fde-5de5-11f0-8630-525400f334e1,6765.501583068967,25.45690283536708,1.12165765052264,0.7922959341683669,-0.0001278167183045,3,223.85688,-0.29795128,STAR,SDSS-DR17,4,2MASS J14552564-0017526,LM*,M4V,1.0,lm*,0.5464109890816323,emission,6732.67,1461.9,2,survives,,
07361cb0-5e17-11f0-bf2f-525400f334e1,4081.313915969723,9.678960744592445,0.8718389448225684,0.7859561583292363,-9.981786570278928e-05,1,263.25623,7.576793,STAR,SDSS-DR17,4,,,,0.0,unexamined,0.5420387298822319,emission,4072.85,623.0,3,recurrent_across_runs,,
0355938b-5e33-11f0-9d68-525400f334e1,6523.790409982095,9.476172159581,1.372728336169043,0.5907343246686145,6.716226380376611e-06,1,36.950729,23.784439,STAR,SDSS-DR17,2,,,,0.0,unexamined,0.5136820214509692,emission,6534.8,505.1,1,survives,,
05f01cd4-5e33-11f0-9422-525400f334e1,4054.1517440650287,8.463507809821003,1.4885869320437777,0.5088018604698019,-0.0005767212714999,1,37.860725,24.552601,STAR,SDSS-DR17,1,,,,0.0,unexamined,0.5088018604698019,emission,4046.94,534.2,2,survives,,
03ed1fe8-5e2c-11f0-82cb-525400f334e1,5734.558665459642,8.384435264736535,1.48769916303324,0.5076301000176386,0.0001406849187333,1,63.030579,-5.4319505,STAR,SDSS-DR17,1,,,,0.0,unexamined,0.5076301000176386,emission,5706.68,1464.6,1,survives,,
040247bb-5e34-11f0-9f0b-525400f334e1,4815.041116556669,8.462100761315483,1.50959341682779,0.5007686997319432,8.456724026473239e-05,1,120.95178,6.818392,STAR,SDSS-DR17,1,,,,0.0,unexamined,0.5007686997319432,emission,4862.66,2935.8,1,survives,,
000a7794-5e0f-11f0-b02f-525400f334e1,3911.1097238892985,8.547633047720229,1.5429669677886677,0.4916737801518738,1.1021194040949922e-05,1,113.17064,40.446476,STAR,SDSS-DR17,1,,,,0.0,unexamined,0.4916737801518738,emission,3890.2,1611.4,1,survives,,
05b0282f-5e0a-11f0-b84c-525400f334e1,5802.297599818741,8.516879335478782,1.5788468104926452,0.4819725499565295,-0.0001856726739788,1,4.2423243,-10.185658,STAR,SDSS-DR17,1,SDSS J001658.16-101108.4,LM*,M0,1.0,lm*,0.4819725499565295,emission,5798.71,185.5,1,known_line_window,,
0195cb1a-5e2f-11f0-bd92-525400f334e1,4319.167036710428,8.107386415603541,1.5568263062327246,0.4792587912706103,-9.204630623571576e-05,1,140.23291,13.830472,STAR,SDSS-DR17,1,,,,0.0,unexamined,0.4792587912706103,emission,4309.21,692.7,2,survives,,
05f3a1bc-5e13-11f0-80b4-525400f334e1,6008.9695048348585,9.639667210645625,1.4770026157240852,0.5350750467414291,-0.0001293285749852,1,112.99533,39.462388,STAR,SDSS-DR17,2,,,,0.0,unexamined,0.4652826493403732,emission,5897.55,5663.8,1,survives,,
00bb0ce8-5e24-11f0-91d9-525400f334e1,5322.307958283607,14.279188463373412,1.2623844037527836,0.7438647287975602,-0.0001648162287892,1,345.93954,-8.825172,STAR,SDSS-DR17,6,,,,0.0,unexamined,0.4250655593128915,emission,5329.48,403.4,1,survives,,
075d1f5a-5e21-11f0-9c0e-525400f334e1,4261.868054241604,8.219720627101193,1.5558410061631174,0.4817514117676554,-0.0009852704824879,1,224.8788,32.760554,STAR,SDSS-DR17,2,2MASS J14593091+3245379,RG*,F9,1.0,rg*,0.4189142711023091,emission,4273.0,781.0,2,survives,,
00ac8d30-5e07-11f0-b95a-525400f334e1,6756.161150841544,9.179364551419251,1.380926699358069,0.4799238918330816,0.0041532539762556,2,182.6016,13.17061,STAR,SDSS-DR17,2,KUG 1207+134,AG?,,2.0,ag?,0.4173251233331144,emission,6732.67,1046.0,2,galaxy_zmatch,0.005752382453488858,"Ha6563,[SII]6716"
00ac8d30-5e07-11f0-b95a-525400f334e1,6756.161150841544,9.179364551419251,1.380926699358069,0.4799238918330816,0.0041532539762556,2,182.6016,13.17061,STAR,SDSS-DR17,2,KUG 1207+134,AG?,,2.0,ag?,0.4173251233331144,emission,6732.67,1046.0,2,duplicate,,
07aa3cfa-5e3a-11f0-b81c-525400f334e1,7353.599954754009,8.59138375068541,1.4646507172138945,0.5216363009101851,0.0001828248496167,1,219.75219,22.156463,STAR,SDSS-DR17,3,,,,0.0,unexamined,0.4012586930078347,emission,7360.73,290.4,1,known_line_window,,
04254954-5e34-11f0-89f1-525400f334e1,6599.332342635646,10.006467569941464,1.1572867801137912,0.6383823671016258,0.0001720893051242,3,120.74229,7.291201,STAR,SDSS-DR17,5,,,,0.0,unexamined,0.3989889794385161,emission,6585.27,640.2,1,survives,,
04254954-5e34-11f0-89f1-525400f334e1,6599.332342635646,10.006467569941464,1.1572867801137912,0.6383823671016258,0.0001720893051242,3,120.74229,7.291201,STAR,SDSS-DR17,5,,,,0.0,unexamined,0.3989889794385161,emission,6585.27,640.2,1,duplicate,,
05811e92-5e33-11f0-9c48-525400f334e1,6478.8809526878,8.802036657205672,1.385031274651828,0.5702906904130924,-0.0002375935146119,1,37.955845,23.828541,STAR,SDSS-DR17,4,,,,0.0,unexamined,0.3933039244228223,emission,6496.69,821.8,1,survives,,
07912693-5e32-11f0-af82-525400f334e1,6942.246017141189,12.523544912160167,0.6916184475891534,0.6849294678757494,-4.432609784998931e-05,1,19.960469,24.903417,STAR,SDSS-DR17,6,,,,0.0,unexamined,0.3913882673575711,emission,6950.82,369.8,1,survives,,
078e18a6-5de6-11f0-80aa-525400f334e1,7737.488205148097,8.661762858973857,1.511205439972294,0.5040119986763449,9.060207230504602e-05,1,182.70898,0.44694993,STAR,SDSS-DR17,3,,,,0.0,unexamined,0.3877015374433422,emission,7701.12,1415.8,1,survives,,
01abf68b-5e1f-11f0-9180-525400f334e1,4415.704473533126,8.387113856667147,1.1700577207253406,0.7331894098884917,0.0004153078480158,1,134.61238,4.210062,STAR,SDSS-DR17,7,SDSS J085826.96+041236.2,HB?,F9,1.0,hb?,0.3858891630992062,emission,4416.34,43.1,3,known_line_window,,
06eeea42-5e2a-11f0-a8db-525400f334e1,4263.831169000789,8.545335859643217,1.5187929053382705,0.4991737584632956,-0.000417281553382,1,8.3683655,14.521349,STAR,SDSS-DR17,3,,,,0.0,unexamined,0.3839798142025351,emission,4273.0,643.3,2,survives,,
05ae349a-5def-11f0-89ae-525400f334e1,6743.727297598055,25.71139929459797,1.125823439686232,0.8239622262544389,-0.0003710165037773,2,22.260549,39.406333,STAR,SDSS-DR17,9,Z 521-35,G,,1.0,g,0.3745282846611086,emission,6732.67,492.4,2,galaxy_zmatch,0.027285291525019018,"Ha6563,[NII]6584"
05ae349a-5def-11f0-89ae-525400f334e1,6743.727297598055,25.71139929459797,1.125823439686232,0.8239622262544389,-0.0003710165037773,2,22.260549,39.406333,STAR,SDSS-DR17,9,Z 521-35,G,,1.0,g,0.3745282846611086,emission,6732.67,492.4,2,duplicate,,
04254954-5e34-11f0-89f1-525400f334e1,6663.463144693567,30.3142958965676,1.410782636638632,0.5856953159856619,0.0001720893051242,3,120.74229,7.291201,STAR,SDSS-DR17,5,,,,0.0,unexamined,0.3660595724910387,emission,6662.54,41.5,1,known_line_window,,
04254954-5e34-11f0-89f1-525400f334e1,6663.463144693567,30.3142958965676,1.410782636638632,0.5856953159856619,0.0001720893051242,3,120.74229,7.291201,STAR,SDSS-DR17,5,,,,0.0,unexamined,0.3660595724910387,emission,6662.54,41.5,1,duplicate,,
053cc544-5de7-11f0-9dc3-525400f334e1,3808.9037649813513,9.420748272443662,1.4358533473495898,0.5511504878877322,-0.0005871208268217,1,341.52447,22.111028,STAR,SDSS-DR17,5,Gaia DR3 2836475262174717568,*,,1.0,*,0.3444690549298326,emission,3836.49,2155.7,1,survives,,
05ae349a-5def-11f0-89ae-525400f334e1,6765.501583068967,8.845062680214873,1.0945701839097797,0.6900199082851629,-0.0003710165037773,2,22.260549,39.406333,STAR,SDSS-DR17,9,Z 521-35,G,,1.0,g,0.3136454128568922,emission,6732.67,1461.9,2,galaxy_zmatch,0.027285291525019018,"Ha6563,[NII]6584"
05ae349a-5def-11f0-89ae-525400f334e1,6765.501583068967,8.845062680214873,1.0945701839097797,0.6900199082851629,-0.0003710165037773,2,22.260549,39.406333,STAR,SDSS-DR17,9,Z 521-35,G,,1.0,g,0.3136454128568922,emission,6732.67,1461.9,2,duplicate,,
03f76ac0-5e00-11f0-beda-525400f334e1,4281.539943374177,9.616320673532655,1.4247511476052688,0.5606300091741847,0.000540509878192,1,260.86218,-12.725423,STAR,SDSS-DR17,7,,,,0.0,unexamined,0.2950684258811498,emission,4273.0,599.2,1,survives,,
06371fde-5de5-11f0-8630-525400f334e1,5011.872336272725,8.2610410619937,1.4067683734027616,0.4128320739500407,-0.0001278167183045,3,223.85688,-0.29795128,STAR,SDSS-DR17,4,2MASS J14552564-0017526,LM*,M4V,1.0,lm*,0.2847117751379591,emission,5008.24,217.4,1,known_line_window,,
0556e064-5e32-11f0-8613-525400f334e1,8859.312069730528,8.119021666812936,1.2275997041689444,0.5814491000133403,1.632501880521886e-05,2,49.405689,17.162296,STAR,SDSS-DR17,8,,,,0.0,unexamined,0.2836337073235806,emission,8865.23,200.1,1,known_line_window,,
04254954-5e34-11f0-89f1-525400f334e1,8733.734791423198,14.77367430557088,1.5445225882498508,0.4466112956123578,0.0001720893051242,3,120.74229,7.291201,STAR,SDSS-DR17,5,,,,0.0,unexamined,0.2791320597577236,emission,8752.9,656.4,1,survives,,
04254954-5e34-11f0-89f1-525400f334e1,8733.734791423198,14.77367430557088,1.5445225882498508,0.4466112956123578,0.0001720893051242,3,120.74229,7.291201,STAR,SDSS-DR17,5,,,,0.0,unexamined,0.2791320597577236,emission,8752.9,656.4,1,duplicate,,
06bd6aad-5e3a-11f0-b056-525400f334e1,4479.19531254284,8.058537585150319,1.452518319189808,0.5169986405227678,2.945511914731469e-05,1,12.125602,-0.15907795,STAR,SDSS-DR17,7,SDSS J004830.14-000932.6,*,K5,1.0,*,0.272104547643562,emission,4472.75,432.0,1,survives,,
040c27a8-5e0b-11f0-bb1d-525400f334e1,5422.505485172428,9.48251273705858,1.535436794092993,0.5109799335369523,-4.9436872359365225e-05,1,193.76644,23.230064,STAR,SDSS-DR17,8,2MASX J12550402+2313480,G,,1.0,g,0.2492585041643669,emission,5436.01,744.8,1,survives,,
04206018-5e37-11f0-9624-525400f334e1,5445.026528424209,9.061878077644078,1.4736662078331222,0.5263239930453267,8.32312653074041e-05,1,357.70743,-0.849064,STAR,SDSS-DR17,9,2MASS J23504978-0050564,LM*,M4V,1.0,lm*,0.2392381786569666,emission,5448.41,186.2,1,known_line_window,,
069b6c28-5e32-11f0-b03b-525400f334e1,4483.322704327333,8.136046262597084,1.2404230797990363,0.670948057181078,-0.0006480477168224,1,48.444681,18.080851,STAR,SDSS-DR17,14,SDSS J031346.72+180451.0,RG*,KIII,1.0,rg*,0.2274400193834162,emission,4472.75,708.7,3,recurrent_across_runs,,
068839f0-5e19-11f0-8675-525400f334e1,7517.95981512007,31.94121287511708,1.0684584520886964,0.8353361063694316,-0.0001167495429399,3,25.621215,-8.241701,STAR,SDSS-DR17,19,,,,0.0,unexamined,0.2257665152349815,emission,7591.09,2888.1,1,galaxy_zmatch,0.14522565927299103,"Ha6563,[NII]6584"
068839f0-5e19-11f0-8675-525400f334e1,7517.95981512007,31.94121287511708,1.0684584520886964,0.8353361063694316,-0.0001167495429399,3,25.621215,-8.241701,STAR,SDSS-DR17,19,,,,0.0,unexamined,0.2257665152349815,emission,7591.09,2888.1,1,duplicate,,
040978dd-5e00-11f0-8bdd-525400f334e1,4223.767459498086,10.046892330512213,1.5814213965037047,0.5086472197215419,0.0004238188557792,1,260.79888,-13.21442,STAR,SDSS-DR17,10,,,,0.0,unexamined,0.2164456254134221,emission,4227.89,292.3,2,known_line_window,,
05249b7c-5e3a-11f0-9acb-525400f334e1,3883.291570049549,8.205484930040587,1.4933895402461006,0.501836706382782,0.0001214023650391,1,189.9192,24.264955,STAR,SDSS-DR17,10,,,,0.0,unexamined,0.2135475346309711,emission,3890.2,532.4,3,recurrent_across_runs,,
019819d0-5e33-11f0-96e9-525400f334e1,8578.275698828089,14.684204780747876,1.3391396228158663,0.55250080633844,-0.0004279093700461,3,36.270252,24.174448,STAR,SDSS-DR17,12,,,,0.0,unexamined,0.2084908703163924,emission,8600.76,783.7,1,survives,,
000eacd4-5e1e-11f0-9ded-525400f334e1,3923.7379954486046,9.146443569503544,1.3752726846745378,0.583145948243807,-0.0001502136146882,1,228.27775,6.679856,STAR,SDSS-DR17,13,,,,0.0,unexamined,0.2082664100870739,emission,3934.78,841.3,3,recurrent_across_runs,,
0404a7ee-5e2a-11f0-aba0-525400f334e1,4413.671434634397,8.68765927936654,1.211220167978509,0.7061810096224657,0.0002086702006636,1,9.8541874,14.01082,STAR,SDSS-DR17,17,SDSS J003925.00+140038.9,*,,1.0,*,0.207700296947784,emission,4416.34,181.1,3,known_line_window,,
061d282b-5e19-11f0-8bc8-525400f334e1,3883.291570049549,9.723714727072837,1.2715982948132791,0.6738069826178837,6.864807073725387e-05,1,25.69868,-9.191125,STAR,SDSS-DR17,16,,,,0.0,unexamined,0.2073252254208873,emission,3890.2,532.4,3,recurrent_across_runs,,
07a676c5-5e27-11f0-a9ca-525400f334e1,4214.053063912862,8.54883732917715,1.4518739359038122,0.5269346723796953,-3.276614370406605e-05,1,92.123125,24.235861,STAR,SDSS-DR17,12,NGC  2168   608,*,,1.0,*,0.1988432725961114,emission,4227.89,981.2,2,survives,,
040bd712-5e39-11f0-8d32-525400f334e1,4223.767459498086,8.982512518260142,1.481794669457266,0.52137206849731,0.0005114036030136,1,170.09251,15.953535,STAR,SDSS-DR17,12,2MASS J11202219+1557126,Pe*,F9,1.0,pe*,0.1967441767914377,emission,4227.89,292.3,2,known_line_window,,
03ec10fd-5dec-11f0-9e8e-525400f334e1,4915.865591568615,8.429959227085673,1.2382217044798791,0.578591113231723,-6.50569490971975e-05,2,356.45912,0.13609167,STAR,SDSS-DR17,14,,,,0.0,unexamined,0.1961325807565162,emission,4921.87,365.7,1,survives,,
01a78372-5e22-11f0-854e-525400f334e1,4413.671434634397,9.779596735321247,1.2276458875139842,0.7119809740205505,0.0002184513141401,1,117.69366,9.089998,STAR,SDSS-DR17,20,,,,0.0,unexamined,0.1849301231222209,emission,4416.34,181.1,3,known_line_window,,
01945a24-5e3b-11f0-bf13-525400f334e1,3921.931463326502,9.358760859890149,1.4497096051751843,0.5429005359013364,-0.0007716174004599,1,217.39659,28.749494,STAR,SDSS-DR17,15,SDSS J142935.18+284458.1,C*,C,1.0,c*,0.1751292051294633,emission,3934.78,978.9,3,recurrent_across_runs,,
06b20f2e-5e0e-11f0-86c8-525400f334e1,6127.735345213944,8.979073666556507,1.5847415084631498,0.4893646409900001,-0.0003741022082976,1,8.7699064,1.1460875,STAR,SDSS-DR17,13,FASTT    2,C*,Ce,1.0,c*,0.1747730860678572,emission,6123.89,188.2,1,known_line_window,,
040f2939-5df4-11f0-afbd-525400f334e1,5225.164890163819,9.728533991406206,1.3464498525988664,0.6138817230986995,0.0004834509454667,1,162.12504,0.407309,STAR,SDSS-DR17,18,,,,0.0,unexamined,0.1729244290418871,emission,5251.66,1512.5,2,survives,,
0428322a-5e2c-11f0-8a9d-525400f334e1,5260.172663907063,8.597572221079323,1.431784758059089,0.4049593272733304,0.0001663747389102,3,62.992885,-5.6644794,STAR,SDSS-DR17,11,,,,,unexamined,0.1619837309093321,emission,5251.66,485.9,1,survives,,
03fdaefa-5e2f-11f0-bac1-525400f334e1,4208.23515424823,9.317137990002328,1.4210982710635327,0.5574741266097659,5.705003786715679e-05,1,139.91733,15.040639,STAR,SDSS-DR17,18,,,,0.0,unexamined,0.1570349652421876,emission,4227.89,1393.7,2,survives,,
03f59bc0-5e19-11f0-8616-525400f334e1,4036.4539296760486,8.16473947405497,1.4607779284503364,0.5151389465433929,-0.000370585854398,1,24.608138,-9.221542,STAR,SDSS-DR17,17,SDSS J013825.95-091317.5,RG*,KIII,1.0,rg*,0.1515114548657037,emission,4027.34,678.4,1,survives,,
07a62e0b-5e2f-11f0-89a8-525400f334e1,5361.66900594989,9.49367729713398,1.5509043198741166,0.4067321416188215,0.0002006173453992,2,141.42911,14.749375,STAR,SDSS-DR17,13,,,,,unexamined,0.1452614791495791,emission,5372.99,631.7,1,survives,,
068839f0-5e19-11f0-8675-525400f334e1,7542.233958475706,15.177312668232457,1.391465676074238,0.5207390058346342,-0.0001167495429399,3,25.621215,-8.241701,STAR,SDSS-DR17,19,,,,0.0,unexamined,0.1407402718471984,emission,7591.09,1929.5,1,galaxy_zmatch,0.14522565927299103,"Ha6563,[NII]6584"
068839f0-5e19-11f0-8675-525400f334e1,7542.233958475706,15.177312668232457,1.391465676074238,0.5207390058346342,-0.0001167495429399,3,25.621215,-8.241701,STAR,SDSS-DR17,19,,,,0.0,unexamined,0.1407402718471984,emission,7591.09,1929.5,1,duplicate,,
00943149-5e2c-11f0-843c-525400f334e1,3926.449353995997,8.782608211754049,1.0924819333634124,0.7898755769996846,0.0002345169050386,1,61.798128,-5.1818029,STAR,SDSS-DR17,32,2MASS J04071154-0510545,C*?,C:,1.0,c*?,0.1398009870795902,emission,3934.78,634.7,2,survives,,
06fa9b1a-5e2a-11f0-a2b1-525400f334e1,4973.933791067749,8.023925631296581,1.5956363293710092,0.3687697323047495,-8.639207953820005e-05,2,8.6107385,14.666162,STAR,SDSS-DR17,12,,,,,unexamined,0.1391583895489621,emission,4965.29,521.9,1,survives,,
05744fc3-5e39-11f0-8ed7-525400f334e1,4590.922907591308,8.065634686914594,1.3424187713217477,0.4861175223949496,0.0003223051899112,2,169.5818,16.593492,STAR,SDSS-DR17,18,2MASS J11181962+1635365,C*?,C:,1.0,c*?,0.13693451335069,emission,4542.87,3171.1,1,survives,,
072d28eb-5e05-11f0-88a5-525400f334e1,5046.612975635282,8.633763509465398,1.1838572904857771,0.7272873997173535,-0.0001841843331931,1,215.95175,61.967541,STAR,SDSS-DR17,30,2MASS J14234839+6158032,LM*,M3V,1.0,lm*,0.1359415700406268,emission,5008.24,2297.0,2,survives,,
078fa11d-5e15-11f0-8a8a-525400f334e1,4349.106072324538,9.128073620110811,1.5867367842002196,0.391655538905997,-1.279339448956307e-05,2,118.41354,34.956953,STAR,SDSS-DR17,15,,,,,unexamined,0.1263404964212893,emission,4341.72,510.0,2,survives,,
06c5b11c-5e32-11f0-82ee-525400f334e1,4319.1670367104325,12.307219166102849,1.40589936459841,0.5122445798541629,-0.0001049035709002,2,48.468515,18.243366,STAR,SDSS-DR17,22,CRTS J031352.4+181436,EB*,,1.0,eclipsing binary,0.1234324288805211,emission,4309.21,692.7,2,survives,,
079dfb50-5e26-11f0-9bd8-525400f334e1,4061.626650090735,8.60238819527902,1.4218876468368218,0.4438920060631495,0.0001186864246847,2,297.63651,19.974154,STAR,SDSS-DR17,19,,,,,unexamined,0.1199708124494998,emission,4064.75,230.4,2,known_line_window,,
063b4cb4-5e07-11f0-afff-525400f334e1,4656.933110262015,9.104652563728417,1.494923533578594,0.4182688002413093,-0.0009861002909019,2,245.78266,45.681237,STAR,SDSS-DR17,18,,,,,unexamined,0.117822197251073,emission,4669.41,801.1,1,survives,,
063b4cb4-5e07-11f0-afff-525400f334e1,4482.290499966203,9.374066609723412,1.5253784412704985,0.4122261866941565,-0.0009861002909019,2,245.78266,45.681237,STAR,SDSS-DR17,18,,,,,unexamined,0.1161200525899032,emission,4472.75,639.5,3,recurrent_across_runs,,
05d2a06e-5e22-11f0-85c4-525400f334e1,4000.3685104612505,9.04942605978442,1.443501139617848,0.4405037630874033,-0.0005604139878414,2,339.60177,14.58259,STAR,SDSS-DR17,20,,,,,unexamined,0.1144165618408839,emission,4027.34,2007.7,1,survives,,
070ae56c-5e0f-11f0-bc4e-525400f334e1,4396.428352878889,9.659030750432724,1.5493468373668842,0.4100141772448408,-0.0005210895324125,2,113.01421,41.308697,STAR,SDSS-DR17,19,,,,,unexamined,0.1108146424986056,emission,4406.04,654.0,1,survives,,
04079528-5e36-11f0-9b17-525400f334e1,3920.125762951651,11.844055584806346,1.552417448306663,0.4427984554100571,-0.0014684963971376,2,252.21184,42.430549,STAR,SDSS-DR17,21,,,,,unexamined,0.1106996138525142,emission,3934.78,1116.5,2,survives,,
064ae3a0-5e22-11f0-801a-525400f334e1,4244.240644295681,10.0789511880191,1.4545872785772334,0.4527590425176148,-0.0001874030713224,2,339.2923,13.886308,STAR,SDSS-DR17,22,,,,0.0,unexamined,0.1090985644620758,emission,4227.89,1159.4,1,survives,,
061328f3-5e26-11f0-ac8b-525400f334e1,4381.26982022493,10.341145918147394,1.5780013748521802,0.414179825021035,3.108660530415364e-05,2,298.07078,18.730858,STAR,SDSS-DR17,22,,,,,unexamined,0.0998023674749481,emission,4384.73,236.6,2,known_line_window,,
068a9754-5e26-11f0-b188-525400f334e1,4506.091435730975,8.94276481249866,1.3375413835910437,0.4733362048447629,4.077917037648149e-05,3,297.32227,18.232555,STAR,SDSS-DR17,27,HD 350695,*,A0,1.0,*,0.096599225478523,emission,4529.87,1573.7,1,survives,,
00111267-5e26-11f0-ae51-525400f334e1,4381.26982022493,9.456340603874422,1.4878128379497386,0.4273612156705251,0.0001938460773089,2,299.30805,18.385851,STAR,SDSS-DR17,24,,,,,unexamined,0.0960362282405674,emission,4384.73,236.6,2,known_line_window,,
04079528-5e36-11f0-9b17-525400f334e1,3880.6100135487018,8.353599745383775,1.5972840973813196,0.3749917207801835,-0.0014684963971376,2,252.21184,42.430549,STAR,SDSS-DR17,21,,,,,unexamined,0.0937479301950458,emission,3890.2,739.0,3,recurrent_across_runs,,
0746e8f3-5e22-11f0-8219-525400f334e1,4177.341687248775,9.041154457246256,1.128352353787435,0.6245774034738076,-0.0006902895984239,4,339.47427,14.030467,STAR,SDSS-DR17,40,Gaia DR3 2732705725566237568,PM*,,1.0,pm*,0.091179182988877,emission,4145.07,2334.1,1,survives,,
06d8443e-5e27-11f0-ab4f-525400f334e1,4232.529560919834,8.42061119404049,1.374140866428436,0.5703451982732084,3.086806464125402e-05,1,92.281566,23.535887,STAR,SDSS-DR17,37,SDSS J060907.57+233209.1,HB?,K3,1.0,hb?,0.0891164372301888,emission,4227.89,329.0,2,survives,,
05d18f05-5def-11f0-881c-525400f334e1,4418.755787887183,9.832534623984854,1.470530334657618,0.4078708793074301,-0.000389731809264,3,22.176232,39.397214,STAR,SDSS-DR17,25,,,,,unexamined,0.0886675824581369,emission,4416.34,164.0,2,known_line_window,,
07366f10-5e03-11f0-825c-525400f334e1,5116.818355403078,8.016334095720401,1.578367354441735,0.3222235578975587,1.1071038898080587e-05,4,329.68625,45.531046,STAR,SDSS-DR17,20,,,,,unexamined,0.0836944306227425,emission,5168.74,3011.5,2,survives,,
0641ca87-5e33-11f0-9ed7-525400f334e1,4026.243159764701,9.1674195031239,1.1412929680236894,0.6350848115609872,-0.0004318754072301,3,38.344944,23.902025,STAR,SDSS-DR17,45,SDSS J023322.78+235407.3,*,F9,1.0,*,0.0835637909948667,emission,4027.34,81.6,1,known_line_window,,
00b315b2-5e32-11f0-b47d-525400f334e1,4696.777641902296,9.20489125124526,1.2148969048815954,0.5526452488194301,1.9063689251197505e-05,5,50.633967,17.45009,STAR,SDSS-DR17,41,,,,0.0,unexamined,0.0789493212599185,emission,4687.01,624.8,3,recurrent_across_runs,,
067f642c-5e2a-11f0-8539-525400f334e1,4510.243611171937,8.592827793472898,1.3183314063928768,0.4436064942474744,-0.0002148651838069,7,8.8871021,14.465279,STAR,SDSS-DR17,32,,,,,unexamined,0.0785144237606149,emission,4529.87,1298.9,1,survives,,
06f6bd9b-5e26-11f0-9a17-525400f334e1,4021.6104433421297,8.383686215755764,1.5766241950527948,0.3798958447010052,0.0001193622520077,2,297.02162,18.923746,STAR,SDSS-DR17,28,,,,,unexamined,0.0752268999407931,emission,4027.34,426.5,1,survives,,
03e6dfba-5e32-11f0-9d04-525400f334e1,4484.35514638966,10.568800705635752,1.3053341749539966,0.4996265879199488,-0.0005969954654574,5,49.77387,18.000242,STAR,SDSS-DR17,41,SDSS J031905.72+180000.8,RG*,KIII,1.0,rg*,0.0713752268457069,emission,4472.75,777.9,3,recurrent_across_runs,,
03e6dfba-5e32-11f0-9d04-525400f334e1,4484.35514638966,10.568800705635752,1.3053341749539966,0.4996265879199488,-0.0005969954654574,5,49.77387,18.000242,STAR,SDSS-DR17,41,SDSS J031905.72+180000.8,RG*,KIII,1.0,rg*,0.0713752268457069,emission,4472.75,777.9,3,duplicate,,
03e6dfba-5e32-11f0-9d04-525400f334e1,5440.0137824672765,12.408436255918952,1.3468233439222097,0.4935926929750092,-0.0005969954654574,5,49.77387,18.000242,STAR,SDSS-DR17,41,SDSS J031905.72+180000.8,RG*,KIII,1.0,rg*,0.0705132418535727,emission,5436.01,220.8,2,known_line_window,,
03e6dfba-5e32-11f0-9d04-525400f334e1,5440.0137824672765,12.408436255918952,1.3468233439222097,0.4935926929750092,-0.0005969954654574,5,49.77387,18.000242,STAR,SDSS-DR17,41,SDSS J031905.72+180000.8,RG*,KIII,1.0,rg*,0.0705132418535727,emission,5436.01,220.8,2,duplicate,,
00210ad5-5e1d-11f0-b7e9-525400f334e1,4195.657223387257,8.273442892526283,1.5158007016106372,0.3615822196622628,0.0003357131790835,3,181.27552,-0.714311,STAR,SDSS-DR17,29,,,,,unexamined,0.0695350422427428,emission,4227.89,2285.6,2,survives,,
062b0541-5e26-11f0-87a1-525400f334e1,3947.298776597855,13.312192859056177,1.4599684750864894,0.4622131246857411,-9.56578878685832e-06,3,298.12363,18.893429,STAR,SDSS-DR17,39,HD 350783,*,F8,1.0,*,0.0689870335351852,emission,3934.81,951.5,2,survives,,
07432d5f-5def-11f0-82c1-525400f334e1,4962.494060797449,8.06607970987719,1.5393523525526585,0.3499490793549726,-0.0002814726321958,3,21.38661,39.481652,STAR,SDSS-DR17,29,,,,,unexamined,0.0672978998759562,emission,4960.3,132.6,1,known_line_window,,
03cd8898-5e00-11f0-851a-525400f334e1,4608.928809808955,8.433141724277533,1.153208977391227,0.5864508611590782,-0.0003886346239596,5,260.39523,-12.483019,STAR,SDSS-DR17,53,,,,0.0,unexamined,0.0666421433135316,emission,4669.41,3883.1,1,survives,,
0746e8f3-5e22-11f0-8219-525400f334e1,4123.822843217308,9.689469947265238,1.3726694605828262,0.4444563188767659,-0.0006902895984239,4,339.47427,14.030467,STAR,SDSS-DR17,40,Gaia DR3 2732705725566237568,PM*,,1.0,pm*,0.0648841341425935,emission,4133.27,685.2,2,survives,,
006f9274-5e26-11f0-9cf4-525400f334e1,4070.0523944023344,8.134205404695727,1.4856907102327546,0.3701894260864177,0.0001474424498155,3,299.35036,18.748005,STAR,SDSS-DR17,33,,,,,unexamined,0.0638257631183478,emission,4072.85,205.9,1,known_line_window,,
00406f8a-5e26-11f0-8c64-525400f334e1,3877.0374851038273,12.345696230685206,1.5249860450638693,0.3976602263207304,7.144163828343153e-05,5,299.26452,18.475555,STAR,SDSS-DR17,39,,,,,unexamined,0.0593522725851836,emission,3868.76,641.4,1,survives,,
03e6dfba-5e32-11f0-9d04-525400f334e1,4894.406089731247,11.804078769183038,1.4624410109487518,0.4150325062699006,-0.0005969954654574,5,49.77387,18.000242,STAR,SDSS-DR17,41,SDSS J031905.72+180000.8,RG*,KIII,1.0,rg*,0.0592903580385572,emission,4921.87,1672.8,2,survives,,
03e6dfba-5e32-11f0-9d04-525400f334e1,4894.406089731247,11.804078769183038,1.4624410109487518,0.4150325062699006,-0.0005969954654574,5,49.77387,18.000242,STAR,SDSS-DR17,41,SDSS J031905.72+180000.8,RG*,KIII,1.0,rg*,0.0592903580385572,emission,4921.87,1672.8,2,duplicate,,
003203ee-5e1e-11f0-b1d0-525400f334e1,4232.529560919834,10.262223723796536,1.439244151171872,0.4135113015937295,-0.0001051287254085,4,228.47775,6.89066,STAR,SDSS-DR17,41,,,,,unexamined,0.0590730430848185,emission,4227.89,329.0,2,survives,,
054e57cf-5e26-11f0-aa20-525400f334e1,5278.372067815764,10.997843806511264,0.971408066885699,0.6812275166607041,-0.0002334716555196,6,298.37598,18.801676,STAR,SDSS-DR17,73,UCAC4 545-110470,*,,1.0,*,0.0577311454797206,emission,5270.97,421.0,1,survives,,
04e5e775-5e26-11f0-8437-525400f334e1,4366.163552976836,9.88936940619766,1.559639954565329,0.4111826668355555,3.4744152799248695e-05,2,298.0275,17.721846,STAR,SDSS-DR17,42,,,,,unexamined,0.057508065291686,emission,4384.73,1269.4,2,survives,,
0746e8f3-5e22-11f0-8219-525400f334e1,5196.369200594045,9.893432544305751,1.4932450319525887,0.3826598860091365,-0.0006902895984239,4,339.47427,14.030467,STAR,SDSS-DR17,40,Gaia DR3 2732705725566237568,PM*,,1.0,pm*,0.0558627570816257,emission,5185.04,655.0,1,survives,,
0424817f-5e30-11f0-b116-525400f334e1,5403.809120790774,8.765521661615784,1.2608106336647746,0.5658146490929359,4.78760885016527e-05,2,76.616013,-3.3408487,STAR,SDSS-DR17,63,RX J0506.5-0320,X,,2.0,x,0.054933461076984,emission,5407.3,193.5,1,known_line_window,,
0071af00-5e22-11f0-ac8b-525400f334e1,4907.948534495558,9.57420473030952,1.097598914153315,0.6197543683340924,-1.4043643204786347e-05,11,118.06993,9.242014,STAR,SDSS-DR17,74,,,,0.0,unexamined,0.0518622902371625,emission,4921.87,848.0,3,recurrent_across_runs,,
03e6dfba-5e32-11f0-9d04-525400f334e1,4363.148555506765,10.156196565550594,1.5643318900888572,0.3544096916279886,-0.0005969954654574,5,49.77387,18.000242,STAR,SDSS-DR17,41,SDSS J031905.72+180000.8,RG*,KIII,1.0,rg*,0.0506299559468555,emission,4341.72,1479.6,2,survives,,
03e6dfba-5e32-11f0-9d04-525400f334e1,4363.148555506765,10.156196565550594,1.5643318900888572,0.3544096916279886,-0.0005969954654574,5,49.77387,18.000242,STAR,SDSS-DR17,41,SDSS J031905.72+180000.8,RG*,KIII,1.0,rg*,0.0506299559468555,emission,4341.72,1479.6,2,duplicate,,
01ac5e8d-5e2c-11f0-9f27-525400f334e1,5380.219571891122,10.51465542643622,1.463525609839616,0.3955040231563157,0.0001809910463634,5,61.938362,-4.3417071,STAR,SDSS-DR17,47,,,,,unexamined,0.0500638003995336,emission,5372.99,403.4,1,survives,,
0746e8f3-5e22-11f0-8219-525400f334e1,4927.19783211614,8.688618521407678,1.5824328438382878,0.3344561039977358,-0.0006902895984239,4,339.47427,14.030467,STAR,SDSS-DR17,40,Gaia DR3 2732705725566237568,PM*,,1.0,pm*,0.0488257086128081,emission,4921.87,324.5,1,survives,,
06347231-5e32-11f0-a420-525400f334e1,4907.948534495558,9.562163895850428,1.4681987389166598,0.3776424855955581,-5.960350972600281e-05,5,48.771337,17.699916,STAR,SDSS-DR17,48,,,,,unexamined,0.0469121100118705,emission,4921.87,848.0,3,recurrent_across_runs,,
07a3e95e-5e26-11f0-83ae-525400f334e1,3947.298776597855,12.321031088647596,1.50494023748747,0.4042675980213527,-5.765959485870553e-06,5,297.50383,19.909889,STAR,SDSS-DR17,52,,,,,unexamined,0.0467361384995783,emission,3934.81,951.5,2,survives,,
0792b17c-5e2a-11f0-a42e-525400f334e1,4678.428536839497,8.826811483545162,1.202834694869675,0.5442598681401674,-3.6565616028383374e-05,7,8.6452931,14.11686,STAR,SDSS-DR17,75,,,,0.0,unexamined,0.0449801543917493,emission,4687.01,548.9,1,survives,,
07a3e95e-5e26-11f0-83ae-525400f334e1,4061.626650090735,12.078446198600902,1.5974779357051452,0.3756493263322831,-5.765959485870553e-06,5,297.50383,19.909889,STAR,SDSS-DR17,52,,,,,unexamined,0.0434276677840789,emission,4064.75,230.4,2,known_line_window,,
06d2df81-5e26-11f0-ae78-525400f334e1,3837.9560752329744,18.992018266059016,1.2517312251554882,0.6267894082433342,6.951169780222699e-05,6,297.15607,18.894579,STAR,SDSS-DR17,91,TYC 1623-990-1,*,,1.0,*,0.0432268557409196,emission,3836.49,114.6,4,known_line_window,,
03e0e2ef-5e32-11f0-b2b3-525400f334e1,4215.023497210444,15.573047966288296,1.554296205085152,0.4351470299805542,0.0001664366718614,4,49.777566,17.936279,STAR,SDSS-DR17,64,,,,,unexamined,0.0416408641129717,emission,4227.89,912.3,2,survives,,
05c18dfa-5e33-11f0-ae56-525400f334e1,4560.369159512964,9.08414856391719,1.581159142051333,0.3587191052625733,-0.0001521015219623,3,37.930519,24.588528,STAR,SDSS-DR17,52,,,,,unexamined,0.041470416793361,emission,4542.87,1154.8,1,survives,,
04ef423d-5e2a-11f0-b166-525400f334e1,4803.966829296808,8.817530626655383,1.3408110862056215,0.4518765056819605,-0.0002248459204565,4,9.3271291,14.133005,STAR,SDSS-DR17,67,,,,0.0,unexamined,0.0414565601543083,emission,4862.66,3618.5,2,survives,,
0755c6a8-5e33-11f0-89bf-525400f334e1,4909.078761526034,8.658065830917144,1.5611098524149902,0.3555422011952426,0.0002028948365477,3,38.541264,23.454016,STAR,SDSS-DR17,52,,,,,unexamined,0.0411031446468488,emission,4921.87,779.1,3,recurrent_across_runs,,
0084a471-5e28-11f0-ac14-525400f334e1,5116.818355403073,9.300507714101956,1.5878500907069668,0.3278449136909111,-8.205156336771324e-05,6,7.3582802,-9.3286505,STAR,SDSS-DR17,48,,,,,unexamined,0.0407260762348957,emission,5168.74,3011.5,2,survives,,
0424817f-5e30-11f0-b116-525400f334e1,8776.068411366194,9.279606410794475,1.5103161529392668,0.4156663792247889,4.78760885016527e-05,2,76.616013,-3.3408487,STAR,SDSS-DR17,63,RX J0506.5-0320,X,,2.0,x,0.0403559591480377,emission,8793.61,598.0,1,survives,,
00a0bdb6-5e22-11f0-b556-525400f334e1,4195.657223387257,12.7787291239786,1.381559251749947,0.4560447405913844,0.0001094383987947,9,117.90766,9.250893,STAR,SDSS-DR17,72,,,,0.0,unexamined,0.0391454712953978,emission,4227.89,2285.6,2,survives,,
05fa9759-5e1e-11f0-9b6a-525400f334e1,4114.338313870812,8.971826326786248,1.342930093170089,0.4364700685286204,-0.00044752395479,6,229.77407,8.338782,STAR,SDSS-DR17,70,,,,,unexamined,0.0384555126456934,emission,4102.89,836.5,1,survives,,
0566968e-5e26-11f0-8d4e-525400f334e1,4696.77764190229,17.417576729955538,1.2214664249652556,0.627561346351553,-7.231561176013201e-05,10,298.40654,18.791252,STAR,SDSS-DR17,104,NGC  6838  1077,RG*,,1.0,rg*,0.0381496259180275,emission,4687.01,624.8,3,recurrent_across_runs,,
07477104-5e26-11f0-b3cf-525400f334e1,4803.966829296808,8.997779127532521,1.1130742949575243,0.6051950845740197,-0.0002090030466206,9,297.53749,20.060793,STAR,SDSS-DR17,101,,,,0.0,unexamined,0.0378246927858762,emission,4862.66,3618.5,2,survives,,
05f6ba0a-5df4-11f0-82ed-525400f334e1,3837.072454922789,18.527229967069108,1.4685364236025682,0.4898799732949397,4.900677959085442e-05,4,163.01347,0.544043,STAR,SDSS-DR17,82,G  45-11,SB*,M4V,1.0,binary,0.0372532299083604,emission,3836.49,45.5,3,known_line_window,,
05f6ba0a-5df4-11f0-82ed-525400f334e1,3837.072454922789,18.527229967069108,1.4685364236025682,0.4898799732949397,4.900677959085442e-05,4,163.01347,0.544043,STAR,SDSS-DR17,82,G  45-11,SB*,M4V,1.0,binary,0.0372532299083604,emission,3836.49,45.5,3,duplicate,,
05f6ba0a-5df4-11f0-82ed-525400f334e1,3837.072454922789,18.527229967069108,1.4685364236025682,0.4898799732949397,4.900677959085442e-05,4,163.01347,0.544043,STAR,SDSS-DR17,82,G  45-11,SB*,M4V,1.0,binary,0.0372532299083604,emission,3836.49,45.5,3,duplicate,,
05f6ba0a-5df4-11f0-82ed-525400f334e1,5306.40019194775,8.996888203817607,1.2971863710922182,0.4896555003081812,4.900677959085442e-05,4,163.01347,0.544043,STAR,SDSS-DR17,82,G  45-11,SB*,M4V,1.0,binary,0.0372361597192533,emission,5329.48,1298.3,2,survives,,
05f6ba0a-5df4-11f0-82ed-525400f334e1,5306.40019194775,8.996888203817607,1.2971863710922182,0.4896555003081812,4.900677959085442e-05,4,163.01347,0.544043,STAR,SDSS-DR17,82,G  45-11,SB*,M4V,1.0,binary,0.0372361597192533,emission,5329.48,1298.3,2,duplicate,,
05f6ba0a-5df4-11f0-82ed-525400f334e1,5306.40019194775,8.996888203817607,1.2971863710922182,0.4896555003081812,4.900677959085442e-05,4,163.01347,0.544043,STAR,SDSS-DR17,82,G  45-11,SB*,M4V,1.0,binary,0.0372361597192533,emission,5329.48,1298.3,2,duplicate,,
05fa9759-5e1e-11f0-9b6a-525400f334e1,4418.7557878871785,13.55379740493237,1.4864414735801186,0.4200177371559261,-0.00044752395479,6,229.77407,8.338782,STAR,SDSS-DR17,70,,,,,unexamined,0.0370059680313591,emission,4416.34,164.0,2,known_line_window,,
0547b0b8-5e1e-11f0-af03-525400f334e1,4082.253781429853,12.584999386147183,1.4284205195714967,0.4277706289586233,-0.0001328893122263,8,229.41421,7.500948,STAR,SDSS-DR17,75,,,,,unexamined,0.0353529445420349,emission,4072.85,692.2,2,survives,,
05f6ba0a-5df4-11f0-82ed-525400f334e1,6590.221323188559,9.283858437739942,1.353699320132898,0.4508155433174753,4.900677959085442e-05,4,163.01347,0.544043,STAR,SDSS-DR17,82,G  45-11,SB*,M4V,1.0,binary,0.0342825508226216,emission,6585.27,225.4,1,known_line_window,,
05f6ba0a-5df4-11f0-82ed-525400f334e1,6590.221323188559,9.283858437739942,1.353699320132898,0.4508155433174753,4.900677959085442e-05,4,163.01347,0.544043,STAR,SDSS-DR17,82,G  45-11,SB*,M4V,1.0,binary,0.0342825508226216,emission,6585.27,225.4,1,duplicate,,
05f6ba0a-5df4-11f0-82ed-525400f334e1,6590.221323188559,9.283858437739942,1.353699320132898,0.4508155433174753,4.900677959085442e-05,4,163.01347,0.544043,STAR,SDSS-DR17,82,G  45-11,SB*,M4V,1.0,binary,0.0342825508226216,emission,6585.27,225.4,1,duplicate,,
002ea403-5e26-11f0-841a-525400f334e1,3831.77500361384,21.200947014503758,1.4510984684701738,0.5047091126887288,0.0001119957014452,5,299.61155,18.316942,STAR,SDSS-DR17,102,TYC 1620-422-1,*,,1.0,*,0.0312513382469801,emission,3836.49,368.4,1,survives,,
03de3fe7-5e26-11f0-ab4c-525400f334e1,4357.124805030839,11.689655803428412,1.4558997154434885,0.4051272185503825,-7.744511094642803e-05,7,298.461,18.818735,STAR,SDSS-DR17,84,,,,,unexamined,0.03012098279185,emission,4341.72,1063.7,2,survives,,
054e57cf-5e26-11f0-aa20-525400f334e1,5651.971978176014,9.146673489076722,1.488305297109605,0.354996858119718,-0.0002334716555196,6,298.37598,18.801676,STAR,SDSS-DR17,73,UCAC4 545-110470,*,,1.0,*,0.030084479501671,emission,5706.68,2874.0,2,survives,,
06376a1f-5e0e-11f0-85c7-525400f334e1,4208.235154248235,14.603311886768228,1.5578353110373746,0.3945629707487805,9.736492938827725e-05,10,112.70815,40.303928,STAR,SDSS-DR17,84,,,,,unexamined,0.0293355368586453,emission,4227.89,1393.7,2,survives,,
05fa9759-5e1e-11f0-9b6a-525400f334e1,5440.013782467271,8.248336819668218,1.5082535855833388,0.3304113927346633,-0.00044752395479,6,229.77407,8.338782,STAR,SDSS-DR17,70,,,,,unexamined,0.0291111359237588,emission,5436.01,220.8,2,known_line_window,,
05fa9759-5e1e-11f0-9b6a-525400f334e1,4124.772497846634,8.305473425533897,1.5147972101429836,0.3292241624446476,-0.00044752395479,6,229.77407,8.338782,STAR,SDSS-DR17,70,,,,,unexamined,0.0290065341360923,emission,4133.27,616.3,2,survives,,
05307e2d-5e26-11f0-8dd6-525400f334e1,5307.622176426454,21.819204782659853,1.1971791018971951,0.6738511508716679,0.0002394630573689,11,298.40704,18.714362,STAR,SDSS-DR17,158,V* V345 Sge,Mi*,M3,1.0,mi*,0.0274481120517991,emission,5329.48,1229.5,2,survives,,
05307e2d-5e26-11f0-8dd6-525400f334e1,5307.622176426454,21.819204782659853,1.1971791018971951,0.6738511508716679,0.0002394630573689,11,298.40704,18.714362,STAR,SDSS-DR17,158,V* V345 Sge,Mi*,M3,1.0,mi*,0.0274481120517991,emission,5329.48,1229.5,2,duplicate,,
054e57cf-5e26-11f0-aa20-525400f334e1,4357.124805030839,8.609482557483334,1.559934288281617,0.3215856883972887,-0.0002334716555196,6,298.37598,18.801676,STAR,SDSS-DR17,73,UCAC4 545-110470,*,,1.0,*,0.0272530244404481,emission,4341.72,1063.7,2,survives,,
0344da09-5e22-11f0-8c33-525400f334e1,5095.654806081146,14.56782739483056,1.5033944844069738,0.4079176839758248,0.0001240314450114,12,117.94652,9.972268,STAR,SDSS-DR17,95,,,,,unexamined,0.0270144161573393,emission,5168.74,4239.0,2,survives,,
040800f8-5e26-11f0-9274-525400f334e1,5842.517205360298,8.704290320367136,1.5764826789982032,0.3146388473198726,-0.0001399850589223,7,298.53141,18.682517,STAR,SDSS-DR17,73,,,,,unexamined,0.0266643090949044,emission,5851.42,456.1,1,survives,,
072e260d-5e22-11f0-99d9-525400f334e1,5390.139436325512,9.185387564305636,1.5902509444606143,0.3169625511995178,0.0002588836359791,8,119.68586,9.540598,STAR,SDSS-DR17,74,,,,,unexamined,0.0265240628618843,emission,5398.6,469.8,1,survives,,
0051b726-5df4-11f0-ba14-525400f334e1,4285.485203974392,8.093665994247873,1.5294499780504796,0.3090752748950366,5.291481647873297e-05,9,160.98635,0.664903,STAR,SDSS-DR17,74,,,,,unexamined,0.0258640397401704,emission,4273.0,876.0,1,survives,,
0700607d-5e2a-11f0-bc0a-525400f334e1,5724.004941344636,8.41683254601422,1.3568577812584164,0.4074193160996443,5.286056421027752e-06,8,8.3868691,14.67606,STAR,SDSS-DR17,112,,,,,unexamined,0.0230832473710846,emission,5706.68,910.1,2,survives,,
03cc30bd-5e26-11f0-b12e-525400f334e1,4365.158322401657,18.1261665015432,1.5397175004497248,0.4305893478631079,-3.20113540510647e-05,10,298.47303,18.784259,STAR,SDSS-DR17,119,,,,,unexamined,0.0230261683349255,emission,4384.73,1338.2,3,recurrent_across_runs,,
06b0cf99-5e33-11f0-816d-525400f334e1,6351.846583394707,8.579089525909875,1.4453155447368382,0.3508064357799039,-2.582430897746235e-05,10,38.358356,24.28471,STAR,SDSS-DR17,98,,,,,unexamined,0.0225598994070677,emission,6365.54,644.9,1,survives,,
03cc30bd-5e26-11f0-b12e-525400f334e1,6156.019686448958,10.896539047023818,1.4298562938248962,0.3984660220378558,-3.20113540510647e-05,10,298.47303,18.784259,STAR,SDSS-DR17,119,,,,,unexamined,0.0213083434244842,emission,6163.91,383.8,1,survives,,
03cc30bd-5e26-11f0-b12e-525400f334e1,4820.587829837395,12.43684236726529,1.5243657881769357,0.3790496700052952,-3.20113540510647e-05,10,298.47303,18.784259,STAR,SDSS-DR17,119,,,,,unexamined,0.0202700358291601,emission,4862.66,2593.8,1,survives,,
06b0cf99-5e33-11f0-816d-525400f334e1,5653.273542660711,8.73883223088386,1.5732941743142572,0.3074468581402665,-2.582430897746235e-05,10,38.358356,24.28471,STAR,SDSS-DR17,98,,,,,unexamined,0.0197715021312068,emission,5706.68,2805.6,2,survives,,
070160a4-5e27-11f0-b16e-525400f334e1,5973.102948121369,8.95914157286825,1.5765363716769554,0.3193686318247142,8.396070188609883e-05,7,91.911583,24.05325,STAR,SDSS-DR17,104,,,,,unexamined,0.0194145064939036,emission,5897.55,3840.6,1,survives,,
05307e2d-5e26-11f0-8dd6-525400f334e1,4053.218348593213,12.98272699705246,1.3520486512685532,0.4751866215688651,0.0002394630573689,11,298.40704,18.714362,STAR,SDSS-DR17,158,V* V345 Sge,Mi*,M3,1.0,mi*,0.0193558705323366,emission,4046.94,465.1,2,survives,,
05307e2d-5e26-11f0-8dd6-525400f334e1,4053.218348593213,12.98272699705246,1.3520486512685532,0.4751866215688651,0.0002394630573689,11,298.40704,18.714362,STAR,SDSS-DR17,158,V* V345 Sge,Mi*,M3,1.0,mi*,0.0193558705323366,emission,4046.94,465.1,2,duplicate,,
03cc30bd-5e26-11f0-b12e-525400f334e1,6444.659847416877,9.359884815409028,1.4699312905184254,0.3533255049930719,-3.20113540510647e-05,10,298.47303,18.784259,STAR,SDSS-DR17,119,,,,,unexamined,0.018894412031715,emission,6440.88,175.9,1,known_line_window,,
03fee448-5e2c-11f0-847e-525400f334e1,5724.004941344636,8.946014632883939,1.491188070493864,0.3368487664852106,-5.143630187376402e-05,10,62.94489,-5.3045368,STAR,SDSS-DR17,119,,,,,unexamined,0.0180133030205995,emission,5706.68,910.1,2,survives,,
0401d752-5e26-11f0-95ed-525400f334e1,5768.992840692839,8.493242656611148,1.447032132215096,0.3436734588863787,-5.19110617460683e-05,13,298.49525,18.723892,STAR,SDSS-DR17,125,,,,,unexamined,0.0175343601472642,emission,5782.1,679.6,1,survives,,
05307e2d-5e26-11f0-8dd6-525400f334e1,5095.65480608114,11.056171594699528,1.441115916615351,0.3930221180650505,0.0002394630573689,11,298.40704,18.714362,STAR,SDSS-DR17,158,V* V345 Sge,Mi*,M3,1.0,mi*,0.0160090475790244,emission,5168.74,4239.0,2,survives,,
05307e2d-5e26-11f0-8dd6-525400f334e1,5095.65480608114,11.056171594699528,1.441115916615351,0.3930221180650505,0.0002394630573689,11,298.40704,18.714362,STAR,SDSS-DR17,158,V* V345 Sge,Mi*,M3,1.0,mi*,0.0160090475790244,emission,5168.74,4239.0,2,duplicate,,
05307e2d-5e26-11f0-8dd6-525400f334e1,4697.859239439367,10.433173555547777,1.4769838387107967,0.3663568289747158,0.0002394630573689,11,298.40704,18.714362,STAR,SDSS-DR17,158,V* V345 Sge,Mi*,M3,1.0,mi*,0.0149228850906197,emission,4687.01,693.9,3,recurrent_across_runs,,
05307e2d-5e26-11f0-8dd6-525400f334e1,4697.859239439367,10.433173555547777,1.4769838387107967,0.3663568289747158,0.0002394630573689,11,298.40704,18.714362,STAR,SDSS-DR17,158,V* V345 Sge,Mi*,M3,1.0,mi*,0.0149228850906197,emission,4687.01,693.9,3,duplicate,,
05307e2d-5e26-11f0-8dd6-525400f334e1,6050.621691582959,8.641370952893373,1.431758379186918,0.3573212397831192,0.0002394630573689,11,298.40704,18.714362,STAR,SDSS-DR17,158,V* V345 Sge,Mi*,M3,1.0,mi*,0.0145548366510435,emission,6123.89,3586.8,1,survives,,
05307e2d-5e26-11f0-8dd6-525400f334e1,6050.621691582959,8.641370952893373,1.431758379186918,0.3573212397831192,0.0002394630573689,11,298.40704,18.714362,STAR,SDSS-DR17,158,V* V345 Sge,Mi*,M3,1.0,mi*,0.0145548366510435,emission,6123.89,3586.8,1,duplicate,,
05307e2d-5e26-11f0-8dd6-525400f334e1,6648.137604739999,9.751712648876625,1.5818565004704448,0.3217981955148593,0.0002394630573689,11,298.40704,18.714362,STAR,SDSS-DR17,158,V* V345 Sge,Mi*,M3,1.0,mi*,0.0131078694710737,emission,6662.54,648.1,1,survives,,
05307e2d-5e26-11f0-8dd6-525400f334e1,6648.137604739999,9.751712648876625,1.5818565004704448,0.3217981955148593,0.0002394630573689,11,298.40704,18.714362,STAR,SDSS-DR17,158,V* V345 Sge,Mi*,M3,1.0,mi*,0.0131078694710737,emission,6662.54,648.1,1,duplicate,,
0066ab51-868c-11ef-b5a0-525400f334e1,8542.400000000232,10.712541890530318,1.1406320929201477,0.7946215927314422,-0.0003172451384428,1,242.2707321617049,11.147686263136384,STAR,DESI-DR1,4,,,,0.0,unexamined,0.5480148915389257,absorption,8544.44,71.6,2,known_line_window,,
0027e935-88f3-11ef-952d-525400f334e1,8547.200000000234,9.076157477733188,1.7525160552220218,0.4722040289352043,0.0002177143282719,1,215.740637467352,-3.4285427058222258,STAR,DESI-DR1,1,,,,0.0,unexamined,0.4722040289352043,absorption,8547.7,17.5,1,known_line_window,,
0043521b-85ec-11ef-8227-525400f334e1,8534.40000000023,8.368718586165413,1.4979232028293228,0.5032808501126634,-0.0012591051267473,1,310.7028071627347,-2.6738129951117666,STAR,DESI-DR1,2,,,,0.0,unexamined,0.4376355218370987,absorption,8544.44,352.3,1,survives,,
00712b12-87cc-11ef-9734-525400f334e1,8538.40000000023,10.409808014661358,1.6672858509618105,0.5010333974032134,-0.0007891013640983,1,337.3802229362389,12.341757635866037,STAR,DESI-DR1,3,,,,0.0,unexamined,0.3854103056947795,absorption,8544.44,211.9,1,known_line_window,,
006c53d0-876e-11ef-886a-525400f334e1,8542.400000000232,23.838343445702893,1.6470191685521225,0.6208025700646196,-0.0003197934976532,1,41.33003923230213,-0.4637411648825261,STAR,DESI-DR1,6,,,,0.0,unexamined,0.3547443257512112,absorption,8544.44,71.6,2,known_line_window,,
006c62c3-878e-11ef-b7e4-525400f334e1,8685.600000000264,9.02342721131605,0.9916516734332104,0.7172766767789376,-0.0006229065286107,2,249.9188358225333,74.19039688558277,STAR,DESI-DR1,12,,,,0.0,unexamined,0.2706704440675236,absorption,8667.4,629.5,1,survives,,
00607aa3-878e-11ef-afea-525400f334e1,7148.800000000316,9.023724878466076,1.0163979736737698,0.8167251076378581,-0.0001740590071793,1,249.68684505972507,74.23311718090352,STAR,DESI-DR1,19,,,,0.0,unexamined,0.2207365155777995,absorption,7067.2,3461.5,2,survives,,
000c5b46-883f-11ef-b061-525400f334e1,4302.40000000016,8.691380985764079,1.7734827043051788,0.4642296652165134,0.00022843824545,1,126.30508856146037,2.7223098012897933,STAR,DESI-DR1,9,,,,0.0,unexamined,0.2110134841893242,absorption,4301.51,62.0,1,known_line_window,,
002e2076-8730-11ef-b987-525400f334e1,8797.60000000029,10.594628054657896,1.579767089720403,0.5177922823526842,-0.0013098524006531,1,337.39024610896007,-4.964698887051121,STAR,DESI-DR1,12,GES J22293365-0457527,*,,1.0,*,0.1953933140953525,absorption,8793.61,136.0,1,known_line_window,,
00421c0d-87ed-11ef-be9b-525400f334e1,4077.6000000001086,10.291625428438763,1.309199344260816,0.6521062054737643,-0.0002286505419394,1,208.34652138360013,52.52701103745251,STAR,DESI-DR1,18,,,,0.0,unexamined,0.1836918888658491,absorption,4072.85,349.6,2,survives,,
0061589c-8840-11ef-a2d4-525400f334e1,8801.600000000291,8.137524143752085,1.7598470307102358,0.4540157795687149,-0.0008621287426183,1,148.9873595532572,52.83188252102921,STAR,DESI-DR1,11,2MASS J09555696+5249550,RG*,F9,1.0,rg*,0.181606311827486,absorption,8793.61,272.4,2,known_line_window,,
009c5e2c-882b-11ef-afca-525400f334e1,5617.600000000459,8.288381937901228,0.8452749326495451,0.6425461603007049,0.0001521398664187,2,128.96823850848511,-1.2245049238045629,STAR,DESI-DR1,19,,,,0.0,unexamined,0.1736611244055959,absorption,5578.89,2080.2,2,survives,,
0064fbb1-87cb-11ef-b96e-525400f334e1,8695.200000000266,10.71717213399978,1.0119351606430245,0.7121790374586935,0.0004783976449774,3,168.785942347389,50.845875902173134,STAR,DESI-DR1,22,,,,0.0,unexamined,0.1716094066165526,absorption,8667.4,961.6,1,survives,,
0064fbb1-87cb-11ef-b96e-525400f334e1,8695.200000000266,10.71717213399978,1.0119351606430245,0.7121790374586935,0.0004783976449774,3,168.785942347389,50.845875902173134,STAR,DESI-DR1,22,,,,0.0,unexamined,0.1716094066165526,absorption,8667.4,961.6,1,duplicate,,
0064fbb1-87cb-11ef-b96e-525400f334e1,8695.200000000266,10.71717213399978,1.0119351606430245,0.7121790374586935,0.0004783976449774,3,168.785942347389,50.845875902173134,STAR,DESI-DR1,22,,,,0.0,unexamined,0.1716094066165526,absorption,8667.4,961.6,1,duplicate,,
003e1548-88df-11ef-acdc-525400f334e1,8434.400000000209,10.95014948598317,1.432333759474056,0.4779229091614358,-0.0003413053401957,2,216.68009960693615,2.708535176838633,STAR,DESI-DR1,13,,,,0.0,unexamined,0.1706867532719413,absorption,8434.32,2.8,1,known_line_window,,
0001cd05-8998-11ef-8a5d-525400f334e1,8550.400000000234,16.477976876086103,1.6635271689827873,0.5737245916793892,0.0006202191963592,1,122.42854000381077,5.093185620400492,STAR,DESI-DR1,17,CRTS J080942.8+050535,RR*,,1.0,rr*,0.1687425269645262,absorption,8547.7,94.7,1,known_line_window,,
003a811c-87b4-11ef-a50c-525400f334e1,6135.200000000085,8.237017215615072,1.0657041597806731,0.690656706513635,-0.000563934274802,2,210.79452886601536,45.05443936768047,STAR,DESI-DR1,22,,,,0.0,unexamined,0.1664233027743698,absorption,6123.89,553.7,1,survives,,
006b5efd-8920-11ef-9c06-525400f334e1,4460.000000000196,8.614973145483933,1.0182549948044044,0.658930129778387,0.0007415802341894,4,207.98449589684708,-0.4487752848681699,STAR,DESI-DR1,21,,,,0.0,unexamined,0.1647325324445967,absorption,4472.7,851.2,1,survives,,
006b5efd-8920-11ef-9c06-525400f334e1,4460.000000000196,8.614973145483933,1.0182549948044044,0.658930129778387,0.0007415802341894,4,207.98449589684708,-0.4487752848681699,STAR,DESI-DR1,21,,,,0.0,unexamined,0.1647325324445967,absorption,4472.7,851.2,1,duplicate,,
006b5efd-8920-11ef-9c06-525400f334e1,4460.000000000196,8.614973145483933,1.0182549948044044,0.658930129778387,0.0007415802341894,4,207.98449589684708,-0.4487752848681699,STAR,DESI-DR1,21,,,,0.0,unexamined,0.1647325324445967,absorption,4472.7,851.2,1,duplicate,,
006b5efd-8920-11ef-9c06-525400f334e1,4460.000000000196,8.614973145483933,1.0182549948044044,0.658930129778387,0.0007415802341894,4,207.98449589684708,-0.4487752848681699,STAR,DESI-DR1,21,,,,0.0,unexamined,0.1647325324445967,absorption,4472.7,851.2,1,duplicate,,
006b5efd-8920-11ef-9c06-525400f334e1,5046.400000000329,8.363510127169175,1.035194705506067,0.6515689408006615,0.0007415802341894,4,207.98449589684708,-0.4487752848681699,STAR,DESI-DR1,21,,,,0.0,unexamined,0.1628922352001653,absorption,5008.24,2284.3,2,survives,,
006b5efd-8920-11ef-9c06-525400f334e1,5046.400000000329,8.363510127169175,1.035194705506067,0.6515689408006615,0.0007415802341894,4,207.98449589684708,-0.4487752848681699,STAR,DESI-DR1,21,,,,0.0,unexamined,0.1628922352001653,absorption,5008.24,2284.3,2,duplicate,,
006b5efd-8920-11ef-9c06-525400f334e1,5046.400000000329,8.363510127169175,1.035194705506067,0.6515689408006615,0.0007415802341894,4,207.98449589684708,-0.4487752848681699,STAR,DESI-DR1,21,,,,0.0,unexamined,0.1628922352001653,absorption,5008.24,2284.3,2,duplicate,,
006b5efd-8920-11ef-9c06-525400f334e1,5046.400000000329,8.363510127169175,1.035194705506067,0.6515689408006615,0.0007415802341894,4,207.98449589684708,-0.4487752848681699,STAR,DESI-DR1,21,,,,0.0,unexamined,0.1628922352001653,absorption,5008.24,2284.3,2,duplicate,,
0064fbb1-87cb-11ef-b96e-525400f334e1,6107.200000000079,8.219253453499714,0.9925962169116224,0.6687001962306809,0.0004783976449774,3,168.785942347389,50.845875902173134,STAR,DESI-DR1,22,,,,0.0,unexamined,0.1611325774049833,absorption,6123.89,817.1,3,recurrent_across_runs,,
0064fbb1-87cb-11ef-b96e-525400f334e1,6107.200000000079,8.219253453499714,0.9925962169116224,0.6687001962306809,0.0004783976449774,3,168.785942347389,50.845875902173134,STAR,DESI-DR1,22,,,,0.0,unexamined,0.1611325774049833,absorption,6123.89,817.1,3,duplicate,,
0064fbb1-87cb-11ef-b96e-525400f334e1,6107.200000000079,8.219253453499714,0.9925962169116224,0.6687001962306809,0.0004783976449774,3,168.785942347389,50.845875902173134,STAR,DESI-DR1,22,,,,0.0,unexamined,0.1611325774049833,absorption,6123.89,817.1,3,duplicate,,
003d883c-88e8-11ef-847b-525400f334e1,8448.000000000211,18.17282302421601,1.111235383819428,0.7339042231875317,0.0012733078721071,5,184.16292796503947,-0.6270586195025074,STAR,DESI-DR1,25,Gaia DR3 3698099848403791744,PM*,,1.0,pm*,0.1595443963451156,absorption,8446.4,56.8,1,known_line_window,,
003d883c-88e8-11ef-847b-525400f334e1,8448.000000000211,18.17282302421601,1.111235383819428,0.7339042231875317,0.0012733078721071,5,184.16292796503947,-0.6270586195025074,STAR,DESI-DR1,25,Gaia DR3 3698099848403791744,PM*,,1.0,pm*,0.1595443963451156,absorption,8446.4,56.8,1,duplicate,,
003d883c-88e8-11ef-847b-525400f334e1,8448.000000000211,18.17282302421601,1.111235383819428,0.7339042231875317,0.0012733078721071,5,184.16292796503947,-0.6270586195025074,STAR,DESI-DR1,25,Gaia DR3 3698099848403791744,PM*,,1.0,pm*,0.1595443963451156,absorption,8446.4,56.8,1,duplicate,,
003d883c-88e8-11ef-847b-525400f334e1,8448.000000000211,18.17282302421601,1.111235383819428,0.7339042231875317,0.0012733078721071,5,184.16292796503947,-0.6270586195025074,STAR,DESI-DR1,25,Gaia DR3 3698099848403791744,PM*,,1.0,pm*,0.1595443963451156,absorption,8446.4,56.8,1,duplicate,,
003d883c-88e8-11ef-847b-525400f334e1,8448.000000000211,18.17282302421601,1.111235383819428,0.7339042231875317,0.0012733078721071,5,184.16292796503947,-0.6270586195025074,STAR,DESI-DR1,25,Gaia DR3 3698099848403791744,PM*,,1.0,pm*,0.1595443963451156,absorption,8446.4,56.8,1,duplicate,,
007475a1-85cf-11ef-a04f-525400f334e1,8513.600000000226,9.63062849310346,1.1133458050193972,0.660706284468371,-0.0003319009207968,3,218.81752262492412,40.60355729860973,STAR,DESI-DR1,22,,,,0.0,unexamined,0.1592063336068363,absorption,8507.34,220.6,1,known_line_window,,
006b5efd-8920-11ef-9c06-525400f334e1,6143.200000000087,8.410542724967144,0.8960867678296441,0.6269697529003442,0.0007415802341894,4,207.98449589684708,-0.4487752848681699,STAR,DESI-DR1,21,,,,0.0,unexamined,0.156742438225086,absorption,6123.89,945.3,1,survives,,
006b5efd-8920-11ef-9c06-525400f334e1,6143.200000000087,8.410542724967144,0.8960867678296441,0.6269697529003442,0.0007415802341894,4,207.98449589684708,-0.4487752848681699,STAR,DESI-DR1,21,,,,0.0,unexamined,0.156742438225086,absorption,6123.89,945.3,1,duplicate,,
006b5efd-8920-11ef-9c06-525400f334e1,6143.200000000087,8.410542724967144,0.8960867678296441,0.6269697529003442,0.0007415802341894,4,207.98449589684708,-0.4487752848681699,STAR,DESI-DR1,21,,,,0.0,unexamined,0.156742438225086,absorption,6123.89,945.3,1,duplicate,,
006b5efd-8920-11ef-9c06-525400f334e1,6143.200000000087,8.410542724967144,0.8960867678296441,0.6269697529003442,0.0007415802341894,4,207.98449589684708,-0.4487752848681699,STAR,DESI-DR1,21,,,,0.0,unexamined,0.156742438225086,absorption,6123.89,945.3,1,duplicate,,
00991e1d-868b-11ef-810a-525400f334e1,5877.600000000027,26.138341730919542,1.6336167032479043,0.5311360498138836,-0.0006619960439886,2,148.89407372966278,2.213487314183375,STAR,DESI-DR1,17,PG 0953+024,HS*,sdOHe,1.0,hs*,0.1562164852393775,absorption,5877.25,17.9,1,known_line_window,,
00991e1d-868b-11ef-810a-525400f334e1,5877.600000000027,26.138341730919542,1.6336167032479043,0.5311360498138836,-0.0006619960439886,2,148.89407372966278,2.213487314183375,STAR,DESI-DR1,17,PG 0953+024,HS*,sdOHe,1.0,hs*,0.1562164852393775,absorption,5877.25,17.9,1,duplicate,,
00401146-88cd-11ef-9fe1-525400f334e1,6452.000000000157,9.349479665650474,0.7357473556546023,0.5235232854655697,6.869938056734512e-05,4,97.9670439265972,60.84698265612638,STAR,DESI-DR1,17,,,,0.0,unexamined,0.1539774369016381,absorption,6440.88,517.6,2,survives,,
009c3cf2-85fe-11ef-9178-525400f334e1,6482.400000000164,9.459663943826715,0.9363796239629936,0.6541115146285572,-9.579098822782266e-05,5,250.74349795689625,2.4709602485876565,STAR,DESI-DR1,23,,,,0.0,unexamined,0.1521189568903621,absorption,6496.69,659.4,1,survives,,
009c3cf2-85fe-11ef-9178-525400f334e1,6482.400000000164,9.459663943826715,0.9363796239629936,0.6541115146285572,-9.579098822782266e-05,5,250.74349795689625,2.4709602485876565,STAR,DESI-DR1,23,,,,0.0,unexamined,0.1521189568903621,absorption,6496.69,659.4,1,duplicate,,
009c3cf2-85fe-11ef-9178-525400f334e1,6482.400000000164,9.459663943826715,0.9363796239629936,0.6541115146285572,-9.579098822782266e-05,5,250.74349795689625,2.4709602485876565,STAR,DESI-DR1,23,,,,0.0,unexamined,0.1521189568903621,absorption,6496.69,659.4,1,duplicate,,
0072a765-8611-11ef-8632-525400f334e1,5221.600000000369,8.08327035215135,0.9192369707654048,0.6483502097449682,-0.0013568138905777,3,27.382875172335893,1.0606373930756996,STAR,DESI-DR1,23,Gaia DR3 2511070054289304704,Pe*,,1.0,pe*,0.1507791185453414,absorption,5251.66,1716.0,2,survives,,
0072a765-8611-11ef-8632-525400f334e1,5221.600000000369,8.08327035215135,0.9192369707654048,0.6483502097449682,-0.0013568138905777,3,27.382875172335893,1.0606373930756996,STAR,DESI-DR1,23,Gaia DR3 2511070054289304704,Pe*,,1.0,pe*,0.1507791185453414,absorption,5251.66,1716.0,2,duplicate,,
003d5ca0-8ba0-11ef-962b-525400f334e1,6105.600000000079,10.295242481713716,1.1285552493862316,0.6459248666066757,0.0001491892171518,4,157.6260193081957,2.7486892252739388,STAR,DESI-DR1,23,,,,0.0,unexamined,0.1502150852573664,absorption,6123.89,895.4,3,recurrent_across_runs,,
003d883c-88e8-11ef-847b-525400f334e1,6112.00000000008,12.146843689198157,1.0753640247455691,0.6908909771828864,0.0012733078721071,5,184.16292796503947,-0.6270586195025074,STAR,DESI-DR1,25,Gaia DR3 3698099848403791744,PM*,,1.0,pm*,0.1501936906919318,absorption,6123.89,582.1,1,survives,,
003d883c-88e8-11ef-847b-525400f334e1,6112.00000000008,12.146843689198157,1.0753640247455691,0.6908909771828864,0.0012733078721071,5,184.16292796503947,-0.6270586195025074,STAR,DESI-DR1,25,Gaia DR3 3698099848403791744,PM*,,1.0,pm*,0.1501936906919318,absorption,6123.89,582.1,1,duplicate,,
003d883c-88e8-11ef-847b-525400f334e1,6112.00000000008,12.146843689198157,1.0753640247455691,0.6908909771828864,0.0012733078721071,5,184.16292796503947,-0.6270586195025074,STAR,DESI-DR1,25,Gaia DR3 3698099848403791744,PM*,,1.0,pm*,0.1501936906919318,absorption,6123.89,582.1,1,duplicate,,
003d883c-88e8-11ef-847b-525400f334e1,6112.00000000008,12.146843689198157,1.0753640247455691,0.6908909771828864,0.0012733078721071,5,184.16292796503947,-0.6270586195025074,STAR,DESI-DR1,25,Gaia DR3 3698099848403791744,PM*,,1.0,pm*,0.1501936906919318,absorption,6123.89,582.1,1,duplicate,,
003d883c-88e8-11ef-847b-525400f334e1,6112.00000000008,12.146843689198157,1.0753640247455691,0.6908909771828864,0.0012733078721071,5,184.16292796503947,-0.6270586195025074,STAR,DESI-DR1,25,Gaia DR3 3698099848403791744,PM*,,1.0,pm*,0.1501936906919318,absorption,6123.89,582.1,1,duplicate,,
00072a73-89b7-11ef-9fee-525400f334e1,8492.800000000221,11.183769053681024,1.710871338630756,0.5090780672119792,-0.0009661004429286,1,39.55220240067854,28.44778699937525,STAR,DESI-DR1,17,ZTF J023812.52+282652.0,RR*,,1.0,rr*,0.1497288432976409,absorption,8500.33,265.6,1,known_line_window,,
0037901f-88ab-11ef-866f-525400f334e1,6102.400000000078,8.675762458301264,0.8259238120319493,0.5856685435155082,-0.0003719277723957,4,188.53900033015304,62.4922930388755,STAR,DESI-DR1,21,,,,0.0,unexamined,0.146417135878877,absorption,6123.89,1052.0,2,survives,,
0037901f-88ab-11ef-866f-525400f334e1,6102.400000000078,8.675762458301264,0.8259238120319493,0.5856685435155082,-0.0003719277723957,4,188.53900033015304,62.4922930388755,STAR,DESI-DR1,21,,,,0.0,unexamined,0.146417135878877,absorption,6123.89,1052.0,2,duplicate,,
0038fc0c-882f-11ef-8589-525400f334e1,6105.600000000079,9.150178927872766,0.9959975246348406,0.6697258905005817,0.0001799305373024,4,130.6148278883729,-0.6372244080927503,STAR,DESI-DR1,25,,,,0.0,unexamined,0.1455925848914308,absorption,6123.89,895.4,3,recurrent_across_runs,,
00748d19-89c6-11ef-81d6-525400f334e1,3726.4000000000287,9.385449648608825,0.9352386485956232,0.6624130487936701,0.0010140340866452,4,64.60720218536896,-11.46775888071702,STAR,DESI-DR1,25,,,,0.0,unexamined,0.1440028366942761,absorption,3727.09,55.5,1,known_line_window,,
00748d19-89c6-11ef-81d6-525400f334e1,3726.4000000000287,9.385449648608825,0.9352386485956232,0.6624130487936701,0.0010140340866452,4,64.60720218536896,-11.46775888071702,STAR,DESI-DR1,25,,,,0.0,unexamined,0.1440028366942761,absorption,3727.09,55.5,1,duplicate,,
009c3cf2-85fe-11ef-9178-525400f334e1,7496.800000000395,8.352218662131602,1.11334906649197,0.6106124178990493,-9.579098822782266e-05,5,250.74349795689625,2.4709602485876565,STAR,DESI-DR1,23,,,,0.0,unexamined,0.1420028878834998,absorption,7591.09,3723.8,1,survives,,
009c3cf2-85fe-11ef-9178-525400f334e1,7496.800000000395,8.352218662131602,1.11334906649197,0.6106124178990493,-9.579098822782266e-05,5,250.74349795689625,2.4709602485876565,STAR,DESI-DR1,23,,,,0.0,unexamined,0.1420028878834998,absorption,7591.09,3723.8,1,duplicate,,
009c3cf2-85fe-11ef-9178-525400f334e1,7496.800000000395,8.352218662131602,1.11334906649197,0.6106124178990493,-9.579098822782266e-05,5,250.74349795689625,2.4709602485876565,STAR,DESI-DR1,23,,,,0.0,unexamined,0.1420028878834998,absorption,7591.09,3723.8,1,duplicate,,
00661fc1-8818-11ef-b8a8-525400f334e1,3704.800000000024,8.63455809408401,0.9776582729970552,0.6421724849672029,-9.794463142646138e-05,6,141.70867326150494,-3.0481613285130496,STAR,DESI-DR1,25,,,,0.0,unexamined,0.139602714123305,absorption,3727.09,1792.9,1,survives,,
006cd6a0-870a-11ef-8f83-525400f334e1,5616.000000000458,8.688818106765144,1.0899799101060914,0.6393095772501198,-0.0001746296738519,4,266.3090034207083,27.8181225643374,STAR,DESI-DR1,25,,,,0.0,unexamined,0.1389803428804608,absorption,5578.89,1994.2,2,survives,,
002da2a0-886b-11ef-b9e0-525400f334e1,6401.600000000146,8.055279551751248,1.154459260456243,0.6047698025120514,-2.5207695878711856e-06,3,60.005427165482814,-7.130044423469573,STAR,DESI-DR1,24,,,,0.0,unexamined,0.1359033264072025,absorption,6381.06,965.0,2,survives,,
0071294f-864c-11ef-a715-525400f334e1,4324.800000000165,8.357261192674484,1.1833582854692646,0.6223584815351263,-0.0004456822753926,2,272.44871633532216,42.17284305302192,STAR,DESI-DR1,25,,,,0.0,unexamined,0.1352953220728535,absorption,4309.21,1084.6,1,survives,,
009be8b3-890c-11ef-b58d-525400f334e1,6450.400000000157,9.969320296777342,0.8262327956728645,0.5988360787101465,-0.0001246394595347,5,245.8780888043984,42.55386409953003,STAR,DESI-DR1,24,,,,0.0,unexamined,0.1345699053281228,absorption,6440.88,443.1,2,survives,,
0099505f-89f2-11ef-b380-525400f334e1,8818.400000000296,11.274439778564076,1.3748831317427823,0.6179710596676894,0.0010105966588044,1,154.79347540945454,-6.537852427702424,STAR,DESI-DR1,25,,,,0.0,unexamined,0.1343415347103672,absorption,8829.52,377.6,2,survives,,
0064fbb1-87cb-11ef-b96e-525400f334e1,8441.60000000021,11.066043490178284,1.2829214567952605,0.5523472826006663,0.0004783976449774,3,168.785942347389,50.845875902173134,STAR,DESI-DR1,22,,,,0.0,unexamined,0.1330957307471485,absorption,8440.3,46.2,1,known_line_window,,
0064fbb1-87cb-11ef-b96e-525400f334e1,8441.60000000021,11.066043490178284,1.2829214567952605,0.5523472826006663,0.0004783976449774,3,168.785942347389,50.845875902173134,STAR,DESI-DR1,22,,,,0.0,unexamined,0.1330957307471485,absorption,8440.3,46.2,1,duplicate,,
0064fbb1-87cb-11ef-b96e-525400f334e1,8441.60000000021,11.066043490178284,1.2829214567952605,0.5523472826006663,0.0004783976449774,3,168.785942347389,50.845875902173134,STAR,DESI-DR1,22,,,,0.0,unexamined,0.1330957307471485,absorption,8440.3,46.2,1,duplicate,,
00995baf-8a0f-11ef-9298-525400f334e1,6102.400000000078,10.079668476538252,1.250734712836762,0.5474297459939433,-0.0003420248546884,4,254.536855725815,33.438500670902584,STAR,DESI-DR1,22,,,,0.0,unexamined,0.1319107821672152,absorption,6123.89,1052.0,2,survives,,
009b88a9-87a5-11ef-8f33-525400f334e1,8801.600000000291,11.451109711082532,1.6251578578583303,0.5221687948516611,-0.0008417793949163,1,217.88047572728155,46.25624666500377,STAR,DESI-DR1,21,SDSS J143131.32+461522.5,HB?,,1.0,hb?,0.1305421987129152,absorption,8793.61,272.4,2,known_line_window,,
0004732b-89bc-11ef-a55f-525400f334e1,3840.800000000055,8.507213520330748,1.5998100040302925,0.4774850027590501,7.161090337465023e-05,1,234.10046178301835,30.64515623357949,STAR,DESI-DR1,19,,,,0.0,unexamined,0.1290500007456892,absorption,3836.49,336.8,3,recurrent_across_runs,,
000e4a25-8679-11ef-b168-525400f334e1,5222.400000000369,8.076849555712997,1.177928045714312,0.5877077362153436,-0.0010644493432363,3,288.0515052438038,61.70182500891298,STAR,DESI-DR1,25,,,,0.0,unexamined,0.1277625513511616,absorption,5251.66,1670.3,3,recurrent_across_runs,,
000e4a25-8679-11ef-b168-525400f334e1,5222.400000000369,8.076849555712997,1.177928045714312,0.5877077362153436,-0.0010644493432363,3,288.0515052438038,61.70182500891298,STAR,DESI-DR1,25,,,,0.0,unexamined,0.1277625513511616,absorption,5251.66,1670.3,3,duplicate,,
001d0e14-879c-11ef-868f-525400f334e1,8713.600000000271,13.288033228448516,1.2777768227910782,0.5596361537530055,-3.896889437796528e-05,5,170.6129883792417,71.57128647979832,STAR,DESI-DR1,24,,,,0.0,unexamined,0.1257609334276417,absorption,8752.9,1346.1,2,survives,,
009ee047-87a7-11ef-84ec-525400f334e1,8814.400000000294,9.648684259410729,1.762309740955472,0.481885147584754,0.0005984821454836,1,227.27685298302836,-3.728067741016356,STAR,DESI-DR1,20,,,,0.0,unexamined,0.1251649733986374,absorption,8829.52,513.4,1,survives,,
005e1582-86bc-11ef-9695-525400f334e1,4291.200000000157,9.56057520039693,1.2089976737976011,0.573796498459661,0.0001105355164093,4,228.46723526439644,-0.1087288407245558,STAR,DESI-DR1,25,,,,0.0,unexamined,0.124738369230361,absorption,4301.51,718.6,3,recurrent_across_runs,,
0001704c-89bd-11ef-ab1b-525400f334e1,4291.200000000157,8.53802382194393,1.397264551322884,0.4240856708395016,0.0001325391762835,3,208.0706614758631,8.254446287464438,STAR,DESI-DR1,17,,,,0.0,unexamined,0.1247310796586769,absorption,4301.51,718.6,3,recurrent_across_runs,,
0001704c-89bd-11ef-ab1b-525400f334e1,4291.200000000157,8.53802382194393,1.397264551322884,0.4240856708395016,0.0001325391762835,3,208.0706614758631,8.254446287464438,STAR,DESI-DR1,17,,,,0.0,unexamined,0.1247310796586769,absorption,4301.51,718.6,3,duplicate,,
00991e1d-868b-11ef-810a-525400f334e1,3889.600000000066,11.267970589980584,1.6370248555144524,0.4177885364306551,-0.0006619960439886,2,148.89407372966278,2.213487314183375,STAR,DESI-DR1,17,PG 0953+024,HS*,sdOHe,1.0,hs*,0.1228789813031338,absorption,3890.2,46.2,1,known_line_window,,
00991e1d-868b-11ef-810a-525400f334e1,3889.600000000066,11.267970589980584,1.6370248555144524,0.4177885364306551,-0.0006619960439886,2,148.89407372966278,2.213487314183375,STAR,DESI-DR1,17,PG 0953+024,HS*,sdOHe,1.0,hs*,0.1228789813031338,absorption,3890.2,46.2,1,duplicate,,
0065c2b0-886b-11ef-b36c-525400f334e1,6173.600000000094,8.879766118661301,1.7344136419607723,0.3361760137778113,0.0003842657414124,3,60.32886578597027,-7.104326201672315,STAR,DESI-DR1,13,,,,0.0,unexamined,0.120062862063504,absorption,6163.91,471.3,2,survives,,
00007ec6-878f-11ef-9fce-525400f334e1,3824.800000000051,8.057879972654877,1.6600220640054837,0.4596973688373826,-0.0006042093926166,1,219.05264588239623,37.86239272310119,STAR,DESI-DR1,20,,,,0.0,unexamined,0.1194019139837357,absorption,3836.49,913.5,1,survives,,
00286436-8642-11ef-837a-525400f334e1,4079.200000000109,9.427654525091503,1.3194497329726065,0.5294122559147046,0.0001196527960184,2,175.6502210166351,-14.57765857141004,STAR,DESI-DR1,24,,,,0.0,unexamined,0.1189690462729673,absorption,4072.85,467.4,3,recurrent_across_runs,,
0003c31a-870d-11ef-a6c6-525400f334e1,4985.600000000315,8.056251032630616,1.7249521442100986,0.4541613328634789,4.085227792012374e-05,1,263.547738373841,28.63681575259073,STAR,DESI-DR1,20,,,,0.0,unexamined,0.1179639825619425,absorption,4965.29,1226.3,3,recurrent_across_runs,,
002f81a8-8635-11ef-8f0e-525400f334e1,5298.400000000386,8.314501918469976,1.2066339381143467,0.5361216549235419,-6.763594331117925e-05,6,340.32634973254625,31.09577781183925,STAR,DESI-DR1,25,,,,0.0,unexamined,0.1165481858529439,absorption,5270.97,1560.1,2,survives,,
002f81a8-8635-11ef-8f0e-525400f334e1,5298.400000000386,8.314501918469976,1.2066339381143467,0.5361216549235419,-6.763594331117925e-05,6,340.32634973254625,31.09577781183925,STAR,DESI-DR1,25,,,,0.0,unexamined,0.1165481858529439,absorption,5270.97,1560.1,2,duplicate,,
00672210-86bc-11ef-b991-525400f334e1,8712.000000000271,8.180729536428647,1.6886711130437595,0.4592992197174939,-0.0001513131447842,1,258.4843677346121,17.58908988636385,STAR,DESI-DR1,21,Gaia DR3 4548157890137143040,PM*,,1.0,pm*,0.1148248049293734,absorption,8752.9,1400.9,2,survives,,
003c60bf-89dd-11ef-83c0-525400f334e1,3840.000000000055,9.274946515711427,1.7375356892511775,0.3765152916267876,-0.0001915852165046,2,229.32664676651785,35.41785994614854,STAR,DESI-DR1,17,,,,0.0,unexamined,0.1107397916549375,absorption,3836.49,274.3,4,known_line_window,,
009c3cf2-85fe-11ef-9178-525400f334e1,6755.200000000226,11.263471809426454,1.3617420939862162,0.4669666246517516,-9.579098822782266e-05,5,250.74349795689625,2.4709602485876565,STAR,DESI-DR1,23,,,,0.0,unexamined,0.1085968894538957,absorption,6732.67,1003.2,2,survives,,
009c3cf2-85fe-11ef-9178-525400f334e1,6755.200000000226,11.263471809426454,1.3617420939862162,0.4669666246517516,-9.579098822782266e-05,5,250.74349795689625,2.4709602485876565,STAR,DESI-DR1,23,,,,0.0,unexamined,0.1085968894538957,absorption,6732.67,1003.2,2,duplicate,,
009c3cf2-85fe-11ef-9178-525400f334e1,6755.200000000226,11.263471809426454,1.3617420939862162,0.4669666246517516,-9.579098822782266e-05,5,250.74349795689625,2.4709602485876565,STAR,DESI-DR1,23,,,,0.0,unexamined,0.1085968894538957,absorption,6732.67,1003.2,2,duplicate,,
00008d6a-87a3-11ef-8928-525400f334e1,4873.60000000029,8.23255260136385,1.5593723697438313,0.3810884262604955,0.0001371076009442,2,330.40029426717484,5.970948552406953,STAR,DESI-DR1,18,,,,0.0,unexamined,0.1073488524677452,absorption,4862.68,673.2,3,recurrent_across_runs,,
003f7606-892f-11ef-98bb-525400f334e1,4734.400000000258,9.7435891787888,1.5638845648107635,0.374321827693459,-0.0005487994022477,3,209.3519630754632,1.8158098252362531,STAR,DESI-DR1,18,,,,0.0,unexamined,0.1054427683643546,absorption,4728.12,398.2,1,survives,,
003f7606-892f-11ef-98bb-525400f334e1,4734.400000000258,9.7435891787888,1.5638845648107635,0.374321827693459,-0.0005487994022477,3,209.3519630754632,1.8158098252362531,STAR,DESI-DR1,18,,,,0.0,unexamined,0.1054427683643546,absorption,4728.12,398.2,1,duplicate,,
000e4a25-8679-11ef-b168-525400f334e1,8681.600000000264,10.759461729028716,1.3732783107360689,0.4780334462132746,-0.0010644493432363,3,288.0515052438038,61.70182500891298,STAR,DESI-DR1,25,,,,0.0,unexamined,0.1039203143941901,absorption,8667.4,491.2,1,survives,,
000e4a25-8679-11ef-b168-525400f334e1,8681.600000000264,10.759461729028716,1.3732783107360689,0.4780334462132746,-0.0010644493432363,3,288.0515052438038,61.70182500891298,STAR,DESI-DR1,25,,,,0.0,unexamined,0.1039203143941901,absorption,8667.4,491.2,1,duplicate,,
0003b5cc-8663-11ef-8b5d-525400f334e1,5477.600000000427,8.125712538570204,1.412784837424657,0.439878426416165,-0.0001121730311864,2,278.48696838469954,53.7795913206148,STAR,DESI-DR1,23,,,,0.0,unexamined,0.1022973084688756,absorption,5457.12,1125.1,1,survives,,
003888fa-8688-11ef-adba-525400f334e1,7062.400000000296,9.32768635763784,1.525811062702638,0.3779338667357035,-0.0001099588076427,3,286.2783793249797,69.0867746626691,STAR,DESI-DR1,19,,,,0.0,unexamined,0.1021442883069469,absorption,7067.2,203.6,1,known_line_window,,
003a1d54-864e-11ef-a743-525400f334e1,5086.400000000338,8.447403175203318,1.611336066642027,0.3742521530590283,0.0008956712177015,2,202.886679232748,-1.148543990437835,STAR,DESI-DR1,19,,,,0.0,unexamined,0.1011492305564941,absorption,5008.24,4678.6,2,survives,,
0013963c-86f8-11ef-a091-525400f334e1,4873.60000000029,8.252896387132546,1.7805664956471814,0.3555255914873445,0.000121061544064,2,258.90315488732256,29.42454871707591,STAR,DESI-DR1,18,,,,0.0,unexamined,0.100148053940097,absorption,4862.68,673.2,3,recurrent_across_runs,,
002b831d-8883-11ef-ba87-525400f334e1,6465.60000000016,8.43966647889163,1.4702831991178178,0.3828224891526974,0.0001155578042838,3,67.95599950839643,-0.9585343060522804,STAR,DESI-DR1,20,,,,0.0,unexamined,0.0994344127669343,absorption,6440.88,1150.6,1,survives,,
005d9bd6-85f4-11ef-8d4d-525400f334e1,4871.200000000289,8.278428688791832,1.432308266379568,0.4318314066354338,-0.0001868094856919,2,316.45664228546553,10.532508315939092,STAR,DESI-DR1,24,,,,0.0,unexamined,0.0970407655360525,absorption,4862.68,525.3,3,recurrent_across_runs,,
005fb0c4-8843-11ef-9e0b-525400f334e1,3776.00000000004,12.555863109709676,1.7139239673271005,0.3943901561019417,0.0011425276125834,3,199.61081648912204,17.944841923064203,STAR,DESI-DR1,22,,,,0.0,unexamined,0.0950337725546847,absorption,3729.88,3706.9,2,survives,,
005fb0c4-8843-11ef-9e0b-525400f334e1,3776.00000000004,12.555863109709676,1.7139239673271005,0.3943901561019417,0.0011425276125834,3,199.61081648912204,17.944841923064203,STAR,DESI-DR1,22,,,,0.0,unexamined,0.0950337725546847,absorption,3729.88,3706.9,2,duplicate,,
0001704c-89bd-11ef-ab1b-525400f334e1,4985.600000000315,8.08980063682856,1.770956817777866,0.3192892603495531,0.0001325391762835,3,208.0706614758631,8.254446287464438,STAR,DESI-DR1,17,,,,0.0,unexamined,0.0939086059851627,absorption,4965.29,1226.3,3,recurrent_across_runs,,
0001704c-89bd-11ef-ab1b-525400f334e1,4985.600000000315,8.08980063682856,1.770956817777866,0.3192892603495531,0.0001325391762835,3,208.0706614758631,8.254446287464438,STAR,DESI-DR1,17,,,,0.0,unexamined,0.0939086059851627,absorption,4965.29,1226.3,3,duplicate,,
00748d19-89c6-11ef-81d6-525400f334e1,3775.20000000004,18.089436013771525,1.7699693807617427,0.4293277043263223,0.0010140340866452,4,64.60720218536896,-11.46775888071702,STAR,DESI-DR1,25,,,,0.0,unexamined,0.093332109636157,absorption,3729.88,3642.6,2,survives,,
00748d19-89c6-11ef-81d6-525400f334e1,3775.20000000004,18.089436013771525,1.7699693807617427,0.4293277043263223,0.0010140340866452,4,64.60720218536896,-11.46775888071702,STAR,DESI-DR1,25,,,,0.0,unexamined,0.093332109636157,absorption,3729.88,3642.6,2,duplicate,,
003f7606-892f-11ef-98bb-525400f334e1,4932.800000000303,8.45996952075036,1.7879624282238873,0.3259956832937983,-0.0005487994022477,3,209.3519630754632,1.8158098252362531,STAR,DESI-DR1,18,,,,0.0,unexamined,0.091829769941915,absorption,4921.87,665.7,1,survives,,
003f7606-892f-11ef-98bb-525400f334e1,4932.800000000303,8.45996952075036,1.7879624282238873,0.3259956832937983,-0.0005487994022477,3,209.3519630754632,1.8158098252362531,STAR,DESI-DR1,18,,,,0.0,unexamined,0.091829769941915,absorption,4921.87,665.7,1,duplicate,,
002356d7-8758-11ef-a33e-525400f334e1,4893.600000000294,8.385629953121727,1.6032552593028628,0.3744919609025623,0.0001179426992342,2,135.1336074981021,0.2476128709756629,STAR,DESI-DR1,22,,,,0.0,unexamined,0.0902390267235089,absorption,4921.87,1721.9,2,survives,,
005fb0c4-8843-11ef-9e0b-525400f334e1,3755.2000000000353,9.993191012305818,1.6016770520283428,0.3703411110360728,0.0011425276125834,3,199.61081648912204,17.944841923064203,STAR,DESI-DR1,22,,,,0.0,unexamined,0.089238821936403,absorption,3729.88,2035.1,1,survives,,
005fb0c4-8843-11ef-9e0b-525400f334e1,3755.2000000000353,9.993191012305818,1.6016770520283428,0.3703411110360728,0.0011425276125834,3,199.61081648912204,17.944841923064203,STAR,DESI-DR1,22,,,,0.0,unexamined,0.089238821936403,absorption,3729.88,2035.1,1,duplicate,,
0072a765-8611-11ef-8632-525400f334e1,3730.4000000000296,8.517795664881437,1.4841118202628016,0.3783507715376079,-0.0013568138905777,3,27.382875172335893,1.0606373930756996,STAR,DESI-DR1,23,Gaia DR3 2511070054289304704,Pe*,,1.0,pe*,0.0879885515203739,absorption,3729.88,41.8,1,known_line_window,,
0072a765-8611-11ef-8632-525400f334e1,3730.4000000000296,8.517795664881437,1.4841118202628016,0.3783507715376079,-0.0013568138905777,3,27.382875172335893,1.0606373930756996,STAR,DESI-DR1,23,Gaia DR3 2511070054289304704,Pe*,,1.0,pe*,0.0879885515203739,absorption,3729.88,41.8,1,duplicate,,
006e9247-85d7-11ef-a39b-525400f334e1,5078.400000000336,9.535372049643296,1.76420550278647,0.379854521102145,-0.0005685093098202,2,211.6492344952448,45.64944968327652,STAR,DESI-DR1,24,LAMOST J140635.81+453858.0,*,,1.0,*,0.0853605665398078,absorption,5008.24,4199.8,1,survives,,
003d883c-88e8-11ef-847b-525400f334e1,7159.200000000318,8.576013644802117,1.4061840569726336,0.3926279703869194,0.0012733078721071,5,184.16292796503947,-0.6270586195025074,STAR,DESI-DR1,25,Gaia DR3 3698099848403791744,PM*,,1.0,pm*,0.085353906605852,absorption,7067.2,3902.7,1,survives,,
003d883c-88e8-11ef-847b-525400f334e1,7159.200000000318,8.576013644802117,1.4061840569726336,0.3926279703869194,0.0012733078721071,5,184.16292796503947,-0.6270586195025074,STAR,DESI-DR1,25,Gaia DR3 3698099848403791744,PM*,,1.0,pm*,0.085353906605852,absorption,7067.2,3902.7,1,duplicate,,
003d883c-88e8-11ef-847b-525400f334e1,7159.200000000318,8.576013644802117,1.4061840569726336,0.3926279703869194,0.0012733078721071,5,184.16292796503947,-0.6270586195025074,STAR,DESI-DR1,25,Gaia DR3 3698099848403791744,PM*,,1.0,pm*,0.085353906605852,absorption,7067.2,3902.7,1,duplicate,,
003d883c-88e8-11ef-847b-525400f334e1,7159.200000000318,8.576013644802117,1.4061840569726336,0.3926279703869194,0.0012733078721071,5,184.16292796503947,-0.6270586195025074,STAR,DESI-DR1,25,Gaia DR3 3698099848403791744,PM*,,1.0,pm*,0.085353906605852,absorption,7067.2,3902.7,1,duplicate,,
003d883c-88e8-11ef-847b-525400f334e1,7159.200000000318,8.576013644802117,1.4061840569726336,0.3926279703869194,0.0012733078721071,5,184.16292796503947,-0.6270586195025074,STAR,DESI-DR1,25,Gaia DR3 3698099848403791744,PM*,,1.0,pm*,0.085353906605852,absorption,7067.2,3902.7,1,duplicate,,
0074fb95-860e-11ef-81ff-525400f334e1,4352.000000000171,10.638812160357944,1.6242553950749117,0.3501916042497838,-0.0003033491632148,5,205.98614938166105,-0.6349124357505072,STAR,DESI-DR1,22,,,,0.0,unexamined,0.0843835190963334,absorption,4341.72,709.8,2,survives,,
0068f08b-8791-11ef-80c6-525400f334e1,8752.80000000028,8.278842027148773,1.4314798367499142,0.3722900822013439,-9.698371537586338e-05,5,184.00542243348943,74.69213024141688,STAR,DESI-DR1,24,,,,0.0,unexamined,0.0836606926295155,absorption,8752.9,3.4,2,known_line_window,,
0027a129-86d7-11ef-ab4e-525400f334e1,4289.600000000157,9.175536462505942,1.6417073104956108,0.3832100015014822,-0.0002751171254793,2,61.517660849783184,80.2179692885184,STAR,DESI-DR1,25,,,,0.0,unexamined,0.0833065220655396,absorption,4301.51,830.1,3,recurrent_across_runs,,
00098e31-86eb-11ef-b4c4-525400f334e1,5040.800000000328,8.886657897045401,1.6163485665830823,0.3817157379701451,-0.0002773300949829,2,198.5462738410708,-26.55242999083517,STAR,DESI-DR1,25,,,,0.0,unexamined,0.0829816821674228,absorption,5008.24,1949.0,1,survives,,
002105fe-8790-11ef-ad96-525400f334e1,4456.000000000195,8.135959796061362,1.7123476108404625,0.3565725404871264,-0.0001665600264822,2,198.3769358424691,74.72526635011418,STAR,DESI-DR1,23,,,,0.0,unexamined,0.0829238466249131,absorption,4472.7,1119.4,1,survives,,
006b5efd-8920-11ef-9c06-525400f334e1,5084.800000000338,8.531035160690315,1.634582685806791,0.3222217266624015,0.0007415802341894,4,207.98449589684708,-0.4487752848681699,STAR,DESI-DR1,21,,,,0.0,unexamined,0.0805554316656003,absorption,5008.24,4582.9,2,survives,,
006b5efd-8920-11ef-9c06-525400f334e1,5084.800000000338,8.531035160690315,1.634582685806791,0.3222217266624015,0.0007415802341894,4,207.98449589684708,-0.4487752848681699,STAR,DESI-DR1,21,,,,0.0,unexamined,0.0805554316656003,absorption,5008.24,4582.9,2,duplicate,,
006b5efd-8920-11ef-9c06-525400f334e1,5084.800000000338,8.531035160690315,1.634582685806791,0.3222217266624015,0.0007415802341894,4,207.98449589684708,-0.4487752848681699,STAR,DESI-DR1,21,,,,0.0,unexamined,0.0805554316656003,absorption,5008.24,4582.9,2,duplicate,,
006b5efd-8920-11ef-9c06-525400f334e1,5084.800000000338,8.531035160690315,1.634582685806791,0.3222217266624015,0.0007415802341894,4,207.98449589684708,-0.4487752848681699,STAR,DESI-DR1,21,,,,0.0,unexamined,0.0805554316656003,absorption,5008.24,4582.9,2,duplicate,,
003d883c-88e8-11ef-847b-525400f334e1,8820.000000000295,11.135437496913305,1.5762766487699624,0.366784452491407,0.0012733078721071,5,184.16292796503947,-0.6270586195025074,STAR,DESI-DR1,25,Gaia DR3 3698099848403791744,PM*,,1.0,pm*,0.0797357505416102,absorption,8829.52,323.2,2,survives,,
003d883c-88e8-11ef-847b-525400f334e1,8820.000000000295,11.135437496913305,1.5762766487699624,0.366784452491407,0.0012733078721071,5,184.16292796503947,-0.6270586195025074,STAR,DESI-DR1,25,Gaia DR3 3698099848403791744,PM*,,1.0,pm*,0.0797357505416102,absorption,8829.52,323.2,2,duplicate,,
003d883c-88e8-11ef-847b-525400f334e1,8820.000000000295,11.135437496913305,1.5762766487699624,0.366784452491407,0.0012733078721071,5,184.16292796503947,-0.6270586195025074,STAR,DESI-DR1,25,Gaia DR3 3698099848403791744,PM*,,1.0,pm*,0.0797357505416102,absorption,8829.52,323.2,2,duplicate,,
003d883c-88e8-11ef-847b-525400f334e1,8820.000000000295,11.135437496913305,1.5762766487699624,0.366784452491407,0.0012733078721071,5,184.16292796503947,-0.6270586195025074,STAR,DESI-DR1,25,Gaia DR3 3698099848403791744,PM*,,1.0,pm*,0.0797357505416102,absorption,8829.52,323.2,2,duplicate,,
003d883c-88e8-11ef-847b-525400f334e1,8820.000000000295,11.135437496913305,1.5762766487699624,0.366784452491407,0.0012733078721071,5,184.16292796503947,-0.6270586195025074,STAR,DESI-DR1,25,Gaia DR3 3698099848403791744,PM*,,1.0,pm*,0.0797357505416102,absorption,8829.52,323.2,2,duplicate,,
0037901f-88ab-11ef-866f-525400f334e1,6168.800000000093,8.80868612757376,1.776331406702917,0.3163288249388115,-0.0003719277723957,4,188.53900033015304,62.4922930388755,STAR,DESI-DR1,21,,,,0.0,unexamined,0.0790822062347028,absorption,6163.91,237.8,1,known_line_window,,
0037901f-88ab-11ef-866f-525400f334e1,6168.800000000093,8.80868612757376,1.776331406702917,0.3163288249388115,-0.0003719277723957,4,188.53900033015304,62.4922930388755,STAR,DESI-DR1,21,,,,0.0,unexamined,0.0790822062347028,absorption,6163.91,237.8,1,duplicate,,
0028eeb4-8967-11ef-ad4f-525400f334e1,8752.00000000028,8.389656477740807,1.7522655125811375,0.3593129306961472,-0.0002473484626361,2,229.51506056317132,6.525611517543332,STAR,DESI-DR1,25,,,,0.0,unexamined,0.0781115066730755,absorption,8752.9,30.8,2,known_line_window,,
00710a8a-8b86-11ef-902c-525400f334e1,4984.000000000315,8.88190108518379,1.7481012692160445,0.3355144576276004,7.540679104830873e-05,3,135.56776624186435,0.4722798372228556,STAR,DESI-DR1,23,,,,0.0,unexamined,0.0780266180529303,absorption,4965.29,1129.7,3,recurrent_across_runs,,
003c333e-879d-11ef-aace-525400f334e1,5298.400000000386,8.587642422618456,1.6830550968062945,0.3343846742864347,-0.0001676296892767,3,165.77235925050385,72.12245419654555,STAR,DESI-DR1,23,,,,0.0,unexamined,0.0777638777410313,absorption,5270.97,1560.1,2,survives,,
00111325-886f-11ef-9e3e-525400f334e1,6173.600000000094,8.285697950267272,1.6940301034781151,0.3109194449592687,0.0003942483609002,4,68.21444048586103,-7.028105276192151,STAR,DESI-DR1,21,,,,0.0,unexamined,0.0777298612398171,absorption,6163.91,471.3,2,survives,,
00111325-886f-11ef-9e3e-525400f334e1,6173.600000000094,8.285697950267272,1.6940301034781151,0.3109194449592687,0.0003942483609002,4,68.21444048586103,-7.028105276192151,STAR,DESI-DR1,21,,,,0.0,unexamined,0.0777298612398171,absorption,6163.91,471.3,2,duplicate,,
00111325-886f-11ef-9e3e-525400f334e1,4537.600000000213,8.451438084996846,1.7832555573946314,0.3093127439175452,0.0003942483609002,4,68.21444048586103,-7.028105276192151,STAR,DESI-DR1,21,,,,0.0,unexamined,0.0773281859793863,absorption,4542.87,347.8,1,survives,,
00111325-886f-11ef-9e3e-525400f334e1,4537.600000000213,8.451438084996846,1.7832555573946314,0.3093127439175452,0.0003942483609002,4,68.21444048586103,-7.028105276192151,STAR,DESI-DR1,21,,,,0.0,unexamined,0.0773281859793863,absorption,4542.87,347.8,1,duplicate,,
006a21f1-882e-11ef-a633-525400f334e1,8471.200000000215,9.99977505560322,1.682200472192271,0.3429054878172877,5.478992317596323e-05,4,133.2848404218644,0.1893122489952176,STAR,DESI-DR1,24,,,,0.0,unexamined,0.0770574129926489,absorption,8469.6,56.6,2,known_line_window,,
006737de-89fb-11ef-abe5-525400f334e1,6575.200000000185,8.01307564853941,1.610466777787792,0.3158195557958035,8.036591437170407e-06,4,159.30680548262814,-1.5940908197499937,STAR,DESI-DR1,22,,,,0.0,unexamined,0.0761010977821213,absorption,6585.27,458.4,1,survives,,
003d883c-88e8-11ef-847b-525400f334e1,8702.400000000269,9.176546215592817,1.616161983974685,0.3270337371464942,0.0012733078721071,5,184.16292796503947,-0.6270586195025074,STAR,DESI-DR1,25,Gaia DR3 3698099848403791744,PM*,,1.0,pm*,0.0710942906840204,absorption,8667.4,1210.6,1,survives,,
003d883c-88e8-11ef-847b-525400f334e1,8702.400000000269,9.176546215592817,1.616161983974685,0.3270337371464942,0.0012733078721071,5,184.16292796503947,-0.6270586195025074,STAR,DESI-DR1,25,Gaia DR3 3698099848403791744,PM*,,1.0,pm*,0.0710942906840204,absorption,8667.4,1210.6,1,duplicate,,
003d883c-88e8-11ef-847b-525400f334e1,8702.400000000269,9.176546215592817,1.616161983974685,0.3270337371464942,0.0012733078721071,5,184.16292796503947,-0.6270586195025074,STAR,DESI-DR1,25,Gaia DR3 3698099848403791744,PM*,,1.0,pm*,0.0710942906840204,absorption,8667.4,1210.6,1,duplicate,,
003d883c-88e8-11ef-847b-525400f334e1,8702.400000000269,9.176546215592817,1.616161983974685,0.3270337371464942,0.0012733078721071,5,184.16292796503947,-0.6270586195025074,STAR,DESI-DR1,25,Gaia DR3 3698099848403791744,PM*,,1.0,pm*,0.0710942906840204,absorption,8667.4,1210.6,1,duplicate,,
003d883c-88e8-11ef-847b-525400f334e1,8702.400000000269,9.176546215592817,1.616161983974685,0.3270337371464942,0.0012733078721071,5,184.16292796503947,-0.6270586195025074,STAR,DESI-DR1,25,Gaia DR3 3698099848403791744,PM*,,1.0,pm*,0.0710942906840204,absorption,8667.4,1210.6,1,duplicate,,
0099f871-89af-11ef-8c28-525400f334e1,8471.200000000215,8.60397946450646,1.6416791638971384,0.3126393987779384,7.344388450202666e-05,5,207.7352983517852,16.810129316671283,STAR,DESI-DR1,24,,,,0.0,unexamined,0.0702560446691996,absorption,8469.6,56.6,2,known_line_window,,
0009f447-883f-11ef-9a1b-525400f334e1,7148.800000000316,8.284051734451547,1.6264020250310676,0.3019615547629931,-0.0001550117692376,6,143.16131581682495,48.10245067606642,STAR,DESI-DR1,24,,,,0.0,unexamined,0.0678565291602231,absorption,7067.2,3461.5,2,survives,,
00068b9a-8842-11ef-8e04-525400f334e1,5514.400000000435,8.066486027570283,1.6729706252655008,0.2918199506526872,-6.779931741183109e-05,6,166.5973330380762,48.952660504761226,STAR,DESI-DR1,25,,,,0.0,unexamined,0.0634391197071059,absorption,5529.94,842.5,1,survives,,
002f81a8-8635-11ef-8f0e-525400f334e1,6260.000000000114,8.133663694027655,1.7925459208757284,0.2861199519654514,-6.763594331117925e-05,6,340.32634973254625,31.09577781183925,STAR,DESI-DR1,25,,,,0.0,unexamined,0.0621999895577068,absorption,6271.53,551.2,1,survives,,
002f81a8-8635-11ef-8f0e-525400f334e1,6260.000000000114,8.133663694027655,1.7925459208757284,0.2861199519654514,-6.763594331117925e-05,6,340.32634973254625,31.09577781183925,STAR,DESI-DR1,25,,,,0.0,unexamined,0.0621999895577068,absorption,6271.53,551.2,1,duplicate,,
