spkid,full_name,pdes,name,kind,class,neo,H,diameter,albedo,diameter_sigma,e,a,q,i,n_obs_used,data_arc,condition_code,rms,first_obs,last_obs,A1,A2,A3,albedo_excess_snr,albedo_excess_significant,neowise_albedo,neowise_albedo_sigma,neowise_table,albedo_crosscheck,albedo_confirmed_two_sources,population
20000214,   214 Aschera (A880 DB),214,Aschera,an,MBA,,9.31,24.957,1.0,0.152,0.03116120259534376,2.610452042718027,2.529107217749462,3.437158786040805,7090,53270,0,0.33188,1880-03-04,2026-01-08,,,,,False,,,,NO_ALBEDO_COLUMN_FOUND,False,asteroid
20001025,  1025 Riema (A923 PG),1025,Riema,an,IMB,,12.48,4.605,1.0,0.171,0.03928128282191338,1.97921991508531,1.901473617834081,26.86790789017285,6668,37491,0,0.29037,1923-08-13,2026-04-05,,,,,False,,,,NO_ALBEDO_COLUMN_FOUND,False,asteroid
20003453,  3453 Dostoevsky (1981 SS5),3453,Dostoevsky,an,MBA,,12.26,5.657,1.0,0.087,0.08709266238461832,2.386305861953218,2.178476131171691,4.50868181771463,5809,33241,0,0.36339,1935-02-26,2026-03-01,,,,,False,,,,NO_ALBEDO_COLUMN_FOUND,False,asteroid
20002048,  2048 Dwornik (1973 QA),2048,Dwornik,an,IMB,,13.64,2.613,1.0,0.14,0.04263791311631582,1.953531254128862,1.870236758245308,23.74927576943436,7452,19149,0,0.31908,1973-08-27,2026-01-30,,,,,False,,,,NO_ALBEDO_COLUMN_FOUND,False,asteroid
20004297,  4297 Eichhorn (1938 HE),4297,Eichhorn,an,MBA,,13.38,3.668,1.0,0.093,0.1918791677826537,2.3368136286898,1.888427774353638,5.860532454856441,8521,32128,0,0.32908,1938-04-19,2026-04-05,,,,,False,,,,NO_ALBEDO_COLUMN_FOUND,False,asteroid
20004440,  4440 Tchantches (1984 YV),4440,Tchantches,an,IMB,,13.86,2.093,1.0,0.586,0.07700982237330439,1.921194341414515,1.773243506437586,21.350711931478,4063,15078,0,0.38321,1984-12-23,2026-04-05,,,,,False,,,,NO_ALBEDO_COLUMN_FOUND,False,asteroid
20005426,  5426 Sharp (1985 DD),5426,Sharp,an,IMB,,14.12,2.033,1.0,0.343,0.11663218174324,1.95503415509797,1.727014256206342,23.79282583348891,3655,15024,0,0.41611,1985-02-16,2026-04-06,,,,,False,,,,NO_ALBEDO_COLUMN_FOUND,False,asteroid
20005390,  5390 Huichiming (1981 YO1),5390,Huichiming,an,IMB,,13.61,3.446,1.0,0.157,0.07716975417687447,1.939105950790863,1.789465621245418,23.81222856482626,4131,16186,0,0.37761,1981-12-19,2026-04-13,,,,,False,,,,NO_ALBEDO_COLUMN_FOUND,False,asteroid
20006646,  6646 Churanta (1991 CA3),6646,Churanta,an,IMB,,14.61,1.92,1.0,0.193,0.1002725722034089,1.92488052760913,1.731867805921508,17.5888562676968,4774,15797,0,0.33549,1983-01-12,2026-04-13,,,,,False,,,,NO_ALBEDO_COLUMN_FOUND,False,asteroid
20005579,  5579 Uhlherr (1988 JL),5579,Uhlherr,an,IMB,,14.24,2.654,1.0,0.473,0.09794702618992532,1.949016041392019,1.75811571614121,23.5416998433286,4753,14376,0,0.38836,1986-12-02,2026-04-12,,,,,False,,,,NO_ALBEDO_COLUMN_FOUND,False,asteroid
20004765,  4765 Wasserburg (1986 JN1),4765,Wasserburg,an,IMB,,13.95,1.777,1.0,0.485,0.06010720091255615,1.945568868415321,1.828626169552267,23.71013276997607,4727,15722,0,0.37347,1983-03-13,2026-03-29,,,,,False,,,,NO_ALBEDO_COLUMN_FOUND,False,asteroid
20004868,  4868 Knushevia (1989 UN2),4868,Knushevia,an,IMB,,15.07,1.535,1.0,0.322,0.0679409360201142,1.960780334546539,1.827563083287614,22.10815227267598,6585,15611,0,0.35141,1983-07-11,2026-04-07,,,,,False,,,,NO_ALBEDO_COLUMN_FOUND,False,asteroid
20007087,  7087 Lewotsky (1991 TG4),7087,Lewotsky,an,IMB,,14.25,2.579,1.0,0.072,0.1011205043167511,1.956319338930621,1.758495340773344,19.54166127354469,4237,15493,0,0.40477,1983-11-06,2026-04-07,,,,,False,,,,NO_ALBEDO_COLUMN_FOUND,False,asteroid
20011058, 11058 (1991 PN10),11058,,an,IMB,,14.71,1.861,1.0,0.06,0.07006301813659137,1.953920614401597,1.817023038957318,22.50483937395468,5929,12666,0,0.36821,1991-08-07,2026-04-11,,,,,False,,,,NO_ALBEDO_COLUMN_FOUND,False,asteroid
20031850, 31850 (2000 EB22),31850,,an,IMB,,15.37,1.437,1.0,0.248,0.08163194492815862,1.928803471264827,1.771351492521295,21.1244813513847,4196,26370,0,0.43516,1954-01-05,2026-03-18,,,,,False,,,,NO_ALBEDO_COLUMN_FOUND,False,asteroid
20034063, 34063 Mariamakarova (2000 OA49),34063,Mariamakarova,an,MBA,,14.6,2.009,1.0,0.341,0.1975320071576099,2.324310399452457,1.865184700991307,5.152031509764028,3632,11814,0,0.48592,1993-10-10,2026-02-13,,,,,False,,,,NO_ALBEDO_COLUMN_FOUND,False,asteroid
20037634, 37634 (1993 UZ),37634,,an,IMB,,15.52,1.651,1.0,0.413,0.09059570940827348,1.926169695627004,1.751666985610958,20.53499576542513,2925,27587,0,0.51809,1950-08-12,2026-02-21,,,,,False,,,,NO_ALBEDO_COLUMN_FOUND,False,asteroid
20040203, 40203 (1998 SP27),40203,,an,IMB,,15.43,1.249,1.0,0.185,0.1032039014470354,1.934104468338727,1.734497341400026,23.35401879763292,3099,18168,0,0.43924,1976-06-24,2026-03-22,,,,,False,,,,NO_ALBEDO_COLUMN_FOUND,False,asteroid
20026383, 26383 (1999 MA2),26383,,an,IMB,,15.02,1.777,1.0,0.26,0.05907462119849564,1.941850121392261,1.827136061046761,24.4395365460755,5331,27724,0,0.37128,1950-05-19,2026-04-14,,,,,False,,,,NO_ALBEDO_COLUMN_FOUND,False,asteroid
20018586, 18586 (1997 YD3),18586,,an,MBA,,14.01,2.339,1.0,0.489,0.1734959602403502,2.474466713854271,2.04515673525134,6.493051177531214,4386,12731,0,0.45095,1991-06-06,2026-04-14,,,,,False,,,,NO_ALBEDO_COLUMN_FOUND,False,asteroid
20015822, 15822 Genefahnestock (1994 TV15),15822,Genefahnestock,an,IMB,,14.81,1.72,1.0,0.295,0.08001060704826958,1.947887123603684,1.792035492382646,22.02773814514853,6166,26538,0,0.34344,1953-08-16,2026-04-13,,,,,False,,,,NO_ALBEDO_COLUMN_FOUND,False,asteroid
20016585, 16585 (1992 QR),16585,,an,IMB,,14.62,1.94,1.0,0.272,0.104830048726405,1.923393411101773,1.721763986095928,22.9992797444981,3484,18042,0,0.42361,1976-11-18,2026-04-12,,,,,False,,,,NO_ALBEDO_COLUMN_FOUND,False,asteroid
20049675, 49675 (1999 SW27),49675,,an,IMB,,14.73,1.896,1.0,0.257,0.08959747418555922,1.951997776142857,1.777103705784629,18.03720393133967,3173,14363,0,0.42828,1986-12-01,2026-03-29,,,,,False,,,,NO_ALBEDO_COLUMN_FOUND,False,asteroid
20076906, 76906 (2000 YC120),76906,,an,IMB,,15.18,1.432,1.0,0.156,0.0537556670409146,1.962161784884481,1.856684469295824,24.27775281169598,3439,9830,0,0.47394,1999-05-14,2026-04-12,,,,,False,,,,NO_ALBEDO_COLUMN_FOUND,False,asteroid
20004898,  4898 Nishiizumi (1988 FJ),4898,Nishiizumi,an,IMB,,14.27,2.178,0.994,0.209,0.0814272568179024,1.953527435106553,1.794457054947313,18.62528798415659,5540,16155,0,0.31036,1982-01-18,2026-04-12,,,,,False,,,,NO_ALBEDO_COLUMN_FOUND,False,asteroid
20004531,  4531 Asaro (1985 FC),4531,Asaro,an,IMB,,14.32,2.216,0.988,0.082,0.04045012709393368,1.862149734835287,1.786825541393264,23.97508938024403,4080,18620,0,0.38738,1975-04-20,2026-04-12,,,,,False,,,,NO_ALBEDO_COLUMN_FOUND,False,asteroid
20005841,  5841 Stone (1982 ST),5841,Stone,an,IMB,,14.51,2.217,0.988,0.114,0.104573213244804,1.925983447496644,1.724577169735614,20.09374991716063,4099,26343,0,0.40587,1954-02-26,2026-04-12,,,,,False,,,,NO_ALBEDO_COLUMN_FOUND,False,asteroid
20033410, 33410 (1999 CX85),33410,,an,MBA,,14.59,2.549,0.987,0.413,0.1774533397420967,2.278523796294933,1.874192138960556,8.207678847430772,3217,13011,0,0.46902,1990-08-13,2026-03-28,,,,,False,,,,NO_ALBEDO_COLUMN_FOUND,False,asteroid
20014741, 14741 Teamequinox (2000 EQ49),14741,Teamequinox,an,MBA,,14.54,2.552,0.984,0.447,0.1983671422203645,2.274770641018135,1.823530889752581,7.230736957164555,4069,23182,0,0.39277,1962-02-04,2025-07-25,,,,,False,,,,NO_ALBEDO_COLUMN_FOUND,False,asteroid
20006087,  6087 Lupo (1988 FK),6087,Lupo,an,IMB,,14.9,1.544,0.977,0.149,0.07615297481711221,1.930040697255101,1.783062356641032,22.61867305849402,3426,15021,0,0.46437,1985-01-21,2026-03-08,,,,,False,,,,NO_ALBEDO_COLUMN_FOUND,False,asteroid
20008024,  8024 Robertwhite (1991 FN),8024,Robertwhite,an,IMB,,14.99,1.694,0.975,0.516,0.05830169688421642,1.967256940324934,1.852562522496738,20.33543254877713,3935,12786,0,0.45354,1991-03-17,2026-03-19,,,,,False,,,,NO_ALBEDO_COLUMN_FOUND,False,asteroid
20082060, 82060 (2000 WX8),82060,,an,IMB,,14.86,1.702,0.966,0.176,0.1028451506392851,1.924165962245843,1.726274824003684,17.6841380689676,3087,10322,0,0.45687,1997-12-30,2026-04-04,,,,,False,,,,NO_ALBEDO_COLUMN_FOUND,False,asteroid
20017483, 17483 (1991 RA),17483,,an,IMB,,15.06,1.63,0.96,0.388,0.04102747088009824,1.853340252628654,1.777302389383018,21.12105677964004,3106,12638,0,0.42823,1991-09-02,2026-04-09,,,,,False,,,,NO_ALBEDO_COLUMN_FOUND,False,asteroid
20066153, 66153 (1998 UV),66153,,an,IMB,,15.53,1.295,0.96,0.226,0.0965979695017648,1.956075425179218,1.767122510914604,17.48464296982274,2520,15566,0,0.46585,1983-05-08,2025-12-19,,,,,False,,,,NO_ALBEDO_COLUMN_FOUND,False,asteroid
20003169,  3169 Ostro (1981 LA),3169,Ostro,an,IMB,,12.85,4.662,0.96,0.118,0.06684799451705203,1.891710500301604,1.765253447149592,24.90703563146149,14512,26225,0,0.17815,1953-12-31,2025-10-19,,,,,False,,,,NO_ALBEDO_COLUMN_FOUND,False,asteroid
20004517,  4517 Ralpharvey (1975 SV),4517,Ralpharvey,an,MBA,,13.48,3.445,0.959,0.43,0.1748652302462354,2.157222078227123,1.779998942825674,4.193946691058779,5752,19906,0,0.3643,1971-03-24,2025-09-22,,,,,False,,,,NO_ALBEDO_COLUMN_FOUND,False,asteroid
20004736,  4736 Johnwood (1983 AF2),4736,Johnwood,an,IMB,,13.69,2.839,0.957,0.18,0.1391938205382461,1.957553063994542,1.685073774110792,21.96711885870781,3968,15685,0,0.34818,1983-01-13,2025-12-23,,,,,False,,,,NO_ALBEDO_COLUMN_FOUND,False,asteroid
20004570,  4570 Runcorn (1985 PR),4570,Runcorn,an,MBA,,13.43,3.944,0.952,0.223,0.1091112083144533,2.198722202210986,1.95881696597993,5.015730472407202,6808,25945,0,0.33305,1955-03-24,2026-04-05,,,,,False,,,,NO_ALBEDO_COLUMN_FOUND,False,asteroid
20010576, 10576 (1995 GF),10576,,an,MBA,,13.85,2.723,0.948,0.426,0.08128833140222337,2.548606563458537,2.341434588514238,6.658802005919497,5971,14658,0,0.38132,1985-12-20,2026-02-06,,,,,False,,,,NO_ALBEDO_COLUMN_FOUND,False,asteroid
20011227, 11227 Ksenborisova (1999 JR43),11227,Ksenborisova,an,MBA,,14.01,2.603,0.947,0.408,0.02604946205194339,2.269923272476626,2.210792992329423,3.60887332854792,5767,20666,0,0.39369,1969-09-13,2026-04-13,,,,,False,,,,NO_ALBEDO_COLUMN_FOUND,False,asteroid
20044600, 44600 (1999 RU10),44600,,an,IMB,,14.79,1.888,0.945,0.244,0.05766506585641743,1.922245634380248,1.8113992132815,20.58736080563742,3256,12439,0,0.42921,1991-07-17,2025-08-06,,,,,False,,,,NO_ALBEDO_COLUMN_FOUND,False,asteroid
20033816, 33816 (2000 AL42),33816,,an,IMB,,14.94,1.89,0.942,0.271,0.09763478876195122,1.887520086854393,1.703232461890425,29.6999091671463,3062,16705,0,0.48793,1980-07-11,2026-04-06,,,,,False,,,,NO_ALBEDO_COLUMN_FOUND,False,asteroid
20111243,111243 (2001 XS2),111243,,an,IMB,,15.54,1.248,0.942,0.281,0.09188469723831816,1.91946680995815,1.743097183266145,22.74181116376654,2818,10034,0,0.48929,1998-10-16,2026-04-06,,,,,False,,,,NO_ALBEDO_COLUMN_FOUND,False,asteroid
20043331, 43331 (2000 PS6),43331,,an,IMB,,15.29,1.434,0.942,0.115,0.07585856963596165,1.918332656467407,1.772810685061835,24.53535597447003,2552,17985,0,0.5136,1976-11-17,2026-02-13,,,,,False,,,,NO_ALBEDO_COLUMN_FOUND,False,asteroid
20038047, 38047 (1998 TC3),38047,,an,IMB,,14.69,2.074,0.94,0.185,0.04150894659195881,1.925686434603736,1.84575321923691,17.34158212309076,3567,18155,0,0.4361,1976-06-24,2026-03-09,,,,,False,,,,NO_ALBEDO_COLUMN_FOUND,False,asteroid
20003452,  3452 Hawke (1980 OA),3452,Hawke,an,MBA,,13.69,3.459,0.936,0.221,0.0801611930466848,2.270107690748015,2.088133149913199,2.314817146051845,5122,16698,0,0.44012,1980-07-17,2026-04-05,,,,,False,,,,NO_ALBEDO_COLUMN_FOUND,False,asteroid
20004942,  4942 Munroe (1987 DU6),4942,Munroe,an,MBA,,13.68,3.453,0.936,0.139,0.1358347013695814,2.201513221863167,1.902471330810199,3.832383964114789,7483,25862,0,0.3585,1955-06-23,2026-04-13,,,,,False,,,,NO_ALBEDO_COLUMN_FOUND,False,asteroid
20089964, 89964 (2002 QZ24),89964,,an,IMB,,15.39,1.374,0.935,0.206,0.01925611907832706,1.916071673223544,1.879175568921342,19.79736991609034,2390,15975,0,0.50696,1981-10-22,2025-07-18,,,,,False,,,,NO_ALBEDO_COLUMN_FOUND,False,asteroid
20111246,111246 (2001 XD4),111246,,an,IMB,,15.44,1.315,0.931,0.235,0.1296396649226205,1.946560717413201,1.694209238256218,22.46124363211815,3054,11707,0,0.4803,1994-03-10,2026-03-29,,,,,False,,,,NO_ALBEDO_COLUMN_FOUND,False,asteroid
20027568, 27568 (2000 PT6),27568,,an,IMB,,14.79,1.816,0.931,0.418,0.0275324878621757,1.963515960215459,1.909455480873638,22.25501265530902,3797,12814,0,0.43615,1991-01-20,2026-02-19,,,,,False,,,,NO_ALBEDO_COLUMN_FOUND,False,asteroid
20066092, 66092 (1998 SD),66092,,an,IMB,,14.64,1.991,0.93,0.287,0.01789639857071969,1.935589363891475,1.900949285166027,19.36947877851888,4373,14114,0,0.40291,1987-08-06,2026-03-28,,,,,False,,,,NO_ALBEDO_COLUMN_FOUND,False,asteroid
20000317,   317 Roxane (A891 RD),317,Roxane,an,MBA,,9.75,18.648,0.926,0.162,0.08587840609243716,2.286594087566237,2.090225031945658,1.76622565866308,6148,48941,0,0.37834,1891-09-11,2025-09-09,,,,,False,,,,NO_ALBEDO_COLUMN_FOUND,False,asteroid
20011923, 11923 (1992 WX),11923,,an,MBA,,13.9,2.76,0.923,0.246,0.208111239893476,2.355980677501006,1.8656746175412,5.737136940624632,7028,26845,0,0.3479,1952-10-12,2026-04-12,,,,,False,,,,NO_ALBEDO_COLUMN_FOUND,False,asteroid
20033908, 33908 (2000 LL6),33908,,an,IMB,,15.24,1.449,0.922,0.274,0.04972713777095739,1.924650798266917,1.828943422860515,24.51803667912425,2885,15852,0,0.47861,1982-11-13,2026-04-08,,,,,False,,,,NO_ALBEDO_COLUMN_FOUND,False,asteroid
20111200,111200 (2001 WZ22),111200,,an,IMB,,15.88,1.153,0.92,0.072,0.092056602579163,1.918661484534011,1.742036026768317,19.96044706220802,2413,10038,0,0.52154,1998-09-14,2026-03-09,,,,,False,,,,NO_ALBEDO_COLUMN_FOUND,False,asteroid
20039665, 39665 (1995 WU6),39665,,an,IMB,,15.01,1.591,0.92,0.268,0.09893857762549482,1.930693024197676,1.739673002552093,22.31751659465221,3024,12840,0,0.45545,1991-02-09,2026-04-06,,,,,False,,,,NO_ALBEDO_COLUMN_FOUND,False,asteroid
20032814, 32814 (1990 XZ),32814,,an,IMB,,14.43,2.409,0.919,0.119,0.07803618615563679,1.927342646563904,1.776940177010946,23.17476768229012,3772,17005,0,0.43572,1979-09-15,2026-04-06,,,,,False,,,,NO_ALBEDO_COLUMN_FOUND,False,asteroid
20002348,  2348 Michkovitch (1939 AA),2348,Michkovitch,an,MBA,,12.86,4.595,0.917,0.098,0.1709060927284775,2.39780828532163,1.98800824016534,4.670311313843123,5627,31846,0,0.40684,1939-01-26,2026-04-05,,,,,False,,,,NO_ALBEDO_COLUMN_FOUND,False,asteroid
20024702, 24702 (1991 OR),24702,,an,IMB,,14.97,1.75,0.914,0.342,0.09027590150554744,1.94475372266342,1.76918932714371,24.25852514243177,3984,13227,0,0.43522,1990-01-26,2026-04-14,,,,,False,,,,NO_ALBEDO_COLUMN_FOUND,False,asteroid
20040270, 40270 (1999 JE),40270,,an,IMB,,15.31,1.672,0.914,0.23,0.07860373550986355,1.974094437711002,1.818923240657674,18.61392197492421,3109,17288,0,0.45264,1978-10-26,2026-02-24,,,,,False,,,,NO_ALBEDO_COLUMN_FOUND,False,asteroid
20050233, 50233 (2000 AK246),50233,,an,MBA,,14.58,2.11,0.909,0.471,0.1655980930445088,2.331138568398206,1.945106466848957,6.199542537886958,3380,27498,0,0.51745,1950-03-17,2025-06-29,,,,,False,,,,NO_ALBEDO_COLUMN_FOUND,False,asteroid
20001459,  1459 Magnya (1937 VA),1459,Magnya,an,MBA,,10.46,29.188,0.909,1.833,0.2280616569895671,3.152711747824378,2.433699082605076,16.89008555108648,11427,32297,0,0.2309,1937-11-06,2026-04-10,,,,,False,,,,NO_ALBEDO_COLUMN_FOUND,False,asteroid
20015129, 15129 Sparks (2000 ET47),15129,Sparks,an,MBA,,14.38,2.211,0.908,0.37,0.2062617459985833,2.392904756233606,1.899340043204548,4.633722506487439,3802,19487,0,0.47405,1972-12-02,2026-04-10,,,,,False,,,,NO_ALBEDO_COLUMN_FOUND,False,asteroid
20010531, 10531 (1991 GB1),10531,,an,IMB,,14.86,2.111,0.908,0.071,0.04381824139923278,1.962140518521719,1.876162971621918,20.98514368370915,3475,13309,0,0.43185,1989-10-04,2026-03-13,,,,,False,,,,NO_ALBEDO_COLUMN_FOUND,False,asteroid
20004022,  4022 Nonna (1981 TL4),4022,Nonna,an,MBA,,13.21,3.67,0.907,6.999,0.1272314194256063,2.358731732399134,2.058626946041773,5.088103035515416,5601,26826,0,0.3727,1952-10-24,2026-04-05,,,,,False,,,,NO_ALBEDO_COLUMN_FOUND,False,asteroid
20013070, 13070 Seanconnery (1991 RO2),13070,Seanconnery,an,MBA,,14.82,1.764,0.9,0.13,0.2784095233002458,2.429300009605785,1.752959751978156,5.623837245646485,3151,20056,0,0.48485,1971-03-24,2026-02-19,,,,,False,,,,NO_ALBEDO_COLUMN_FOUND,False,asteroid
20068537, 68537 (2001 VC123),68537,,an,IMB,,15.65,1.222,0.897,0.19,0.08712391929617232,1.950706476488768,1.78075328286064,18.18193285952569,2470,12734,0,0.50303,1991-02-09,2025-12-21,,,,,False,,,,NO_ALBEDO_COLUMN_FOUND,False,asteroid
20115931,115931 (2003 WJ22),115931,,an,IMB,,15.6,1.223,0.895,0.168,0.1140003470541474,1.917604008321345,1.698996485860288,18.71336404067438,2232,9244,0,0.52449,2000-12-05,2026-03-28,,,,,False,,,,NO_ALBEDO_COLUMN_FOUND,False,asteroid
20076815, 76815 (2000 QE181),76815,,an,IMB,,14.98,1.615,0.893,0.371,0.05561823608513016,1.936253873278334,1.828562848233592,19.38282039592696,3083,9724,0,0.44124,1999-06-14,2026-01-27,,,,,False,,,,NO_ALBEDO_COLUMN_FOUND,False,asteroid
20039791, 39791 Jameshesser (1997 PH4),39791,Jameshesser,an,IMB,,15.04,1.617,0.89,0.277,0.1048499985274158,1.946037229938112,1.741995229244805,23.61424116549636,3276,27808,0,0.51208,1950-02-17,2026-04-07,,,,,False,,,,NO_ALBEDO_COLUMN_FOUND,False,asteroid
20000289,   289 Nenetta (A890 EA),289,Nenetta,an,MBA,,9.71,37.586,0.889,1.002,0.2034241194801724,2.876417771075503,2.291285018737348,6.686243852783864,14041,45173,0,0.23822,1902-08-07,2026-04-11,,,,,False,,,,NO_ALBEDO_COLUMN_FOUND,False,asteroid
20049678, 49678 (1999 TQ7),49678,,an,IMB,,15.88,1.12,0.889,0.141,0.07790559903628806,1.954632752627076,1.802355917137715,22.16562717409873,2177,20109,0,0.54475,1971-03-25,2026-04-14,,,,,False,,,,NO_ALBEDO_COLUMN_FOUND,False,asteroid
20067404, 67404 (2000 PG26),67404,,an,IMB,,14.99,1.697,0.886,0.289,0.0963266923059353,1.964318823699482,1.775102488778225,17.21272997635345,3341,15085,0,0.44682,1984-12-20,2026-04-09,,,,,False,,,,NO_ALBEDO_COLUMN_FOUND,False,asteroid
20111753,111753 (2002 CE116),111753,,an,IMB,,15.57,1.289,0.885,0.18,0.1082921015866499,1.952937803854186,1.741450064806799,21.80815284435634,2671,12831,0,0.49085,1991-02-08,2026-03-27,,,,,False,,,,NO_ALBEDO_COLUMN_FOUND,False,asteroid
20111692,111692 (2002 CW9),111692,,an,IMB,,15.74,1.124,0.882,0.133,0.0479039473188653,1.916868030390496,1.825042485245453,23.48489721618423,2065,18101,0,0.58025,1976-09-15,2026-04-07,,,,,False,,,,NO_ALBEDO_COLUMN_FOUND,False,asteroid
20046376, 46376 (2001 XD3),46376,,an,IMB,,14.84,1.786,0.877,0.335,0.09044327164016068,1.959227321308445,1.782028392482521,18.12526782655923,3730,17326,0,0.3823,1978-05-27,2025-11-02,,,,,False,,,,NO_ALBEDO_COLUMN_FOUND,False,asteroid
20097342, 97342 (2000 AH4),97342,,an,IMB,,15.71,1.359,0.872,0.227,0.0881120324873079,1.909409414243141,1.741167469903778,23.11071476449374,2546,9561,0,0.50726,2000-01-03,2026-03-08,,,,,False,,,,NO_ALBEDO_COLUMN_FOUND,False,asteroid
20044588, 44588 (1999 JF124),44588,,an,IMB,,15.41,1.361,0.87,0.211,0.06652592726505198,1.933264456352779,1.804652245745344,24.33853176123228,2364,26691,0,0.51938,1953-03-09,2026-04-06,,,,,False,,,,NO_ALBEDO_COLUMN_FOUND,False,asteroid
20111828,111828 (2002 EV1),111828,,an,IMB,,15.86,1.135,0.865,0.085,0.08664930484098464,1.906764379951415,1.741544571933074,24.9715860052831,1820,12844,0,0.58894,1990-12-18,2026-02-16,,,,,False,,,,NO_ALBEDO_COLUMN_FOUND,False,asteroid
20065637, 65637 Tsniimash (1979 VS2),65637,Tsniimash,an,IMB,,14.39,2.269,0.862,0.601,0.106187905443463,1.937188182067363,1.7314822265638,21.99342237047789,4139,16949,0,0.3876,1979-11-14,2026-04-10,,,,,False,,,,NO_ALBEDO_COLUMN_FOUND,False,asteroid
20004330,  4330 Vivaldi (1982 UJ3),4330,Vivaldi,an,MBA,,14.03,2.488,0.862,0.104,0.0373784422190895,2.242033692817484,2.158229965977254,2.669552238345888,4407,24027,0,0.4651,1959-12-04,2025-09-15,,,,,False,,,,NO_ALBEDO_COLUMN_FOUND,False,asteroid
20040256, 40256 (1999 CM6),40256,,an,IMB,,15.3,1.434,0.859,0.239,0.07255757646777157,1.909995399734153,1.77141076246485,24.01435727009909,2712,12874,0,0.48793,1991-01-14,2026-04-14,,,,,False,,,,NO_ALBEDO_COLUMN_FOUND,False,asteroid
20027413, 27413 Ambruster (2000 EW138),27413,Ambruster,an,MBA,,14.67,1.981,0.858,0.197,0.113590966657046,2.29679814294481,2.035902621671601,12.04697983394329,3348,10304,0,0.478,1997-06-01,2025-08-17,,,,,False,,,,NO_ALBEDO_COLUMN_FOUND,False,asteroid
20070030, 70030 Margaretmiller (1999 CZ1),70030,Margaretmiller,an,IMB,,15.13,1.435,0.857,0.276,0.08560351116743989,1.953115731017268,1.785922166725828,17.02549544365896,2949,11578,0,0.45513,1994-06-30,2026-03-12,,,,,False,,,,NO_ALBEDO_COLUMN_FOUND,False,asteroid
20005871,  5871 Bobbell (1989 CE2),5871,Bobbell,an,IMB,,14.26,2.384,0.856,0.441,0.07108139563170487,1.861636375227342,1.729308663517434,20.35108583349491,5368,18837,0,0.33448,1974-03-23,2025-10-18,,,,,False,,,,NO_ALBEDO_COLUMN_FOUND,False,asteroid
20054789, 54789 (2001 MZ7),54789,,an,AMO,,15.07,1.567,0.856,0.025,0.2874686814619152,1.776005368771065,1.265459447141165,24.46599388503956,9923,17221,0,0.29965,1978-10-25,2025-12-18,,,,,False,,,,NO_ALBEDO_COLUMN_FOUND,False,asteroid
20046559, 46559 (1991 PC1),46559,,an,IMB,,15.48,1.436,0.856,0.216,0.06709266460955106,1.938649146536251,1.808580009552102,18.52365203133655,2571,25941,0,0.49239,1955-03-23,2026-03-31,,,,,False,,,,NO_ALBEDO_COLUMN_FOUND,False,asteroid
20077918, 77918 (2002 BP21),77918,,an,IMB,,15.13,1.576,0.854,0.169,0.03968551851584563,1.94868658077595,1.871351943392986,23.01602231706171,4323,17453,0,0.39991,1978-06-09,2026-03-22,,,,,False,,,,NO_ALBEDO_COLUMN_FOUND,False,asteroid
20029308, 29308 (1993 UF1),29308,,an,IMB,,14.79,2.282,0.852,0.126,0.09233738992080014,1.926383312557147,1.748506105488635,21.12913314186427,4143,12947,0,0.45652,1990-10-13,2026-03-25,,,,,False,,,,NO_ALBEDO_COLUMN_FOUND,False,asteroid
20007829,  7829 Jaroff (1992 WY4),7829,Jaroff,an,IMB,,14.4,2.664,0.851,0.136,0.07561286796778133,1.951780175992863,1.804200479243382,17.86991244393706,4695,13318,0,0.38691,1989-10-26,2026-04-13,,,,,False,,,,NO_ALBEDO_COLUMN_FOUND,False,asteroid
20002472,  2472 Bradman (1973 DG),2472,Bradman,an,MBA,,14.01,3.509,0.851,0.263,0.09357902972400872,2.265017743516806,2.05305958077084,5.104718883524948,6617,19254,0,0.35845,1973-02-27,2025-11-15,,,,,False,,,,NO_ALBEDO_COLUMN_FOUND,False,asteroid
20002736,  2736 Ops (1979 OC),2736,Ops,an,MBA,,13.25,3.976,0.848,0.243,0.08469728434825696,2.291303197330635,2.097236038898252,7.453112283082226,5469,17058,0,0.42537,1979-07-23,2026-04-05,,,,,False,,,,NO_ALBEDO_COLUMN_FOUND,False,asteroid
20035194, 35194 (1994 ET3),35194,,an,IMB,,14.62,2.087,0.848,0.327,0.1006705755419042,1.942551184166691,1.746993438437023,23.92696297070361,3871,11722,0,0.44407,1994-03-10,2026-04-13,,,,,False,,,,NO_ALBEDO_COLUMN_FOUND,False,asteroid
20086192, 86192 (1999 SV1),86192,,an,IMB,,14.44,1.995,0.846,0.252,0.0363031116782728,1.925964094284562,1.856045604681406,18.28389857601924,3365,9486,0,0.41457,1999-09-18,2025-09-07,,,,,False,,,,NO_ALBEDO_COLUMN_FOUND,False,asteroid
20003223,  3223 Forsius (1942 RN),3223,Forsius,an,MBA,,11.34,20.149,0.845,1.326,0.1407108406840509,2.608344287718092,2.241321970199837,10.06290368279389,5465,30354,0,0.34541,1942-09-07,2025-10-15,,,,,False,,,,NO_ALBEDO_COLUMN_FOUND,False,asteroid
20024815, 24815 (1994 VQ6),24815,,an,IMB,,15.56,1.381,0.844,0.241,0.1017064652936581,1.924420764096023,1.728694730442096,21.03336750904495,2253,17061,0,0.5344,1978-10-28,2025-07-14,,,,,False,,,,NO_ALBEDO_COLUMN_FOUND,False,asteroid
20029186, 29186 Lake Tekapo (1990 UD2),29186,Lake Tekapo,an,MBA,,14.5,2.634,0.843,0.719,0.05274342715420125,2.409859326249795,2.282755086423867,7.283430020445392,3528,26422,0,0.45906,1953-12-07,2026-04-10,,,,,False,,,,NO_ALBEDO_COLUMN_FOUND,False,asteroid
20013492, 13492 Vitalijzakharov (1984 YE4),13492,Vitalijzakharov,an,MBA,,14.05,2.52,0.84,0.427,0.1433524128447599,2.355889482699519,2.01816704095895,6.510014341227135,4025,15079,0,0.48265,1984-12-27,2026-04-10,,,,,False,,,,NO_ALBEDO_COLUMN_FOUND,False,asteroid
20045878, 45878 Sadaoaoki (2000 WX29),45878,Sadaoaoki,an,IMB,,14.68,2.005,0.837,0.384,0.09935534573786622,1.934543431626765,1.74233620013257,17.87624326679734,3298,27263,0,0.48061,1951-08-13,2026-04-04,,,,,False,,,,NO_ALBEDO_COLUMN_FOUND,False,asteroid
20137030,137030 (1998 TR19),137030,,an,IMB,,16.1,1.005,0.837,0.247,0.08174238520884855,1.925903941387808,1.768475959535646,20.64644401536025,2380,10046,0,0.54195,1998-09-21,2026-03-24,,,,,False,,,,NO_ALBEDO_COLUMN_FOUND,False,asteroid
20004675,  4675 Ohboke (1990 SD),4675,Ohboke,an,MBA,,13.3,4.003,0.836,0.676,0.1727975396743228,2.412387934509177,1.99553323468597,4.475076036464094,7354,25926,0,0.33303,1955-04-20,2026-04-13,,,,,False,,,,NO_ALBEDO_COLUMN_FOUND,False,asteroid
20097759, 97759 (2000 JJ10),97759,,an,IMB,,15.67,1.21,0.835,0.15,0.09219945353801068,1.940278940142088,1.761386282149677,22.6379670751297,2645,15823,0,0.52616,1982-10-18,2026-02-12,,,,,False,,,,NO_ALBEDO_COLUMN_FOUND,False,asteroid
20031351, 31351 (1998 SD24),31351,,an,IMB,,15.36,1.525,0.832,0.137,0.06152841606237062,1.925471995298436,1.807000753255271,21.52845514140408,3727,12930,0,0.42064,1990-10-12,2026-03-07,,,,,False,,,,NO_ALBEDO_COLUMN_FOUND,False,asteroid
20005351,  5351 Diderot (1989 SG5),5351,Diderot,an,MBA,,13.51,3.662,0.831,0.152,0.1423126796253615,2.427551254149909,2.082079930243928,5.592106591290846,7557,20761,0,0.34159,1969-06-11,2026-04-14,,,,,False,,,,NO_ALBEDO_COLUMN_FOUND,False,asteroid
20035055, 35055 (1984 RB),35055,,an,IMB,,14.74,1.515,0.829,0.274,0.09636133753336568,1.94124110812864,1.754180518474611,23.36346754364577,4086,27393,0,0.44642,1951-04-08,2026-04-07,,,,,False,,,,NO_ALBEDO_COLUMN_FOUND,False,asteroid
20038048, 38048 Blumenbach (1998 UL18),38048,Blumenbach,an,IMB,,15.23,1.839,0.827,0.286,0.07381384372048211,1.964731343187541,1.819706970868763,25.26913785000264,3254,10451,0,0.49317,1997-04-11,2025-11-21,,,,,False,,,,NO_ALBEDO_COLUMN_FOUND,False,asteroid
20030958, 30958 (1994 TV3),30958,,an,IMB,,14.64,1.926,0.827,0.099,0.07987478154481266,1.966034276584717,1.808997718232899,22.05328240033877,3853,13818,0,0.45076,1988-06-13,2026-04-13,,,,,False,,,,NO_ALBEDO_COLUMN_FOUND,False,asteroid
20003483,  3483 Svetlov (1976 YP2),3483,Svetlov,an,IMB,,13.89,2.916,0.827,0.07,0.1249077016445369,1.932668822173772,1.691263601555992,23.60968092658268,3591,18014,0,0.40227,1976-12-16,2026-04-12,,,,,False,,,,NO_ALBEDO_COLUMN_FOUND,False,asteroid
20094347, 94347 (2001 QW88),94347,,an,IMB,,15.52,1.463,0.825,0.308,0.09902373182030248,1.935426047679927,1.743772937776442,18.18473691114668,2548,9413,0,0.47138,2000-04-13,2026-01-20,,,,,False,,,,NO_ALBEDO_COLUMN_FOUND,False,asteroid
20038055, 38055 (1999 AC24),38055,,an,IMB,,14.93,1.682,0.823,0.07,0.112464359333651,1.934280660648988,1.716743025377628,21.04205812618876,2805,11683,0,0.47493,1994-04-11,2026-04-06,,,,,False,,,,NO_ALBEDO_COLUMN_FOUND,False,asteroid
20111284,111284 (2001 XH42),111284,,an,IMB,,15.66,1.164,0.823,0.191,0.1013257706627435,1.962046508895747,1.76324063430574,17.64536700287339,2558,9800,0,0.43252,1998-11-19,2025-09-18,,,,,False,,,,NO_ALBEDO_COLUMN_FOUND,False,asteroid
20019380, 19380 (1998 BB11),19380,,an,MBA,,14.87,2.925,0.822,0.126,0.075154999301834,2.395887564035534,2.215824635833171,7.196377805884275,3907,11530,0,0.53251,1994-01-17,2025-08-12,,,,,False,,,,NO_ALBEDO_COLUMN_FOUND,False,asteroid
20005558,  5558 Johnnapier (1989 WL2),5558,Johnnapier,an,IMB,,14.37,2.327,0.819,0.166,0.1126181505761917,1.935437930175317,1.71747248992396,23.38370824749119,4807,17332,0,0.37501,1978-10-24,2026-04-07,,,,,False,,,,NO_ALBEDO_COLUMN_FOUND,False,asteroid
20006016,  6016 Carnelli (1991 PA11),6016,Carnelli,an,MBA,,13.62,3.526,0.818,0.167,0.2148592572414236,2.332187782682804,1.831095647948054,5.89824791640671,7764,24296,0,0.36659,1959-10-06,2026-04-13,,,,,False,,,,NO_ALBEDO_COLUMN_FOUND,False,asteroid
20007783,  7783 (1994 JD),7783,,an,IMB,,14.33,2.227,0.816,0.081,0.07732441386293501,1.93415384447553,1.784596532130718,23.5354704534878,3847,14577,0,0.40617,1986-05-09,2026-04-06,,,,,False,,,,NO_ALBEDO_COLUMN_FOUND,False,asteroid
20008026,  8026 Johnmckay (1991 JA1),8026,Johnmckay,an,IMB,,14.95,1.69,0.815,0.239,0.07512845845693708,1.925207281036078,1.780569425801767,19.93233440030763,3233,12966,0,0.4663,1989-10-27,2025-04-27,,,,,False,,,,NO_ALBEDO_COLUMN_FOUND,False,asteroid
20036283, 36283 (2000 DV3),36283,,an,IMB,,15.58,1.616,0.813,0.427,0.04565164742871728,1.922083315754629,1.834337045895179,24.64621139941902,2586,17714,0,0.51496,1977-09-17,2026-03-18,,,,,False,,,,NO_ALBEDO_COLUMN_FOUND,False,asteroid
20008526,  8526 Takeuchiyukou (1992 SM12),8526,Takeuchiyukou,an,MBA,,14.04,2.563,0.812,0.192,0.1395776129455347,2.384128415055705,2.051357461926609,6.217466264601965,5214,27726,0,0.47968,1950-03-21,2026-02-16,,,,,False,,,,NO_ALBEDO_COLUMN_FOUND,False,asteroid
20031714, 31714 (1999 JP54),31714,,an,MBA,,13.44,3.707,0.811,0.507,0.08991658421305511,2.548373071608303,2.319232069708753,8.371568903025793,4984,16614,0,0.39026,1980-10-09,2026-04-05,,,,,False,,,,NO_ALBEDO_COLUMN_FOUND,False,asteroid
20002001,  2001 Einstein (1973 EB),2001,Einstein,an,IMB,,13.06,3.975,0.81,0.154,0.09892716349182598,1.933544232162219,1.74226418578843,22.67609618890545,5291,26315,0,0.32779,1954-02-25,2026-03-14,,,,,False,,,,NO_ALBEDO_COLUMN_FOUND,False,asteroid
20006991,  6991 Chichibu (1995 AX),6991,Chichibu,an,MBA,,12.93,4.464,0.808,0.863,0.2036560824133171,2.400958570335886,1.911988753864601,5.763310376211021,5798,24887,0,0.38279,1958-02-22,2026-04-13,,,,,False,,,,NO_ALBEDO_COLUMN_FOUND,False,asteroid
20009739,  9739 Powell (1987 SH7),9739,Powell,an,IMB,,14.06,2.691,0.808,0.148,0.07881326402632687,1.940014038637751,1.787115199995813,18.67466496530336,8263,14075,0,0.27476,1987-09-26,2026-04-09,,,,,False,,,,NO_ALBEDO_COLUMN_FOUND,False,asteroid
20073689, 73689 (1991 FK),73689,,an,IMB,,14.96,1.923,0.807,0.081,0.05344453606085077,1.938594339094719,1.83498706403161,19.69639951374648,3594,18660,0,0.45765,1975-03-12,2026-04-13,,,,,False,,,,NO_ALBEDO_COLUMN_FOUND,False,asteroid
20074512, 74512 (1999 FS8),74512,,an,IMB,,15.53,1.351,0.805,0.162,0.07238339900196128,1.957875190466404,1.816157529358833,20.88432613815172,2908,9886,0,0.48082,1999-03-20,2026-04-13,,,,,False,,,,NO_ALBEDO_COLUMN_FOUND,False,asteroid
20010687, 10687 (1980 XX),10687,,an,MBA,,15.06,1.783,0.803,0.243,0.1457190204652425,2.235010435310439,1.909326903947406,5.212346832345024,5160,16261,0,0.40923,1980-11-30,2025-06-08,,,,,False,,,,NO_ALBEDO_COLUMN_FOUND,False,asteroid
20004764,  4764 Joneberhart (1983 CC),4764,Joneberhart,an,IMB,,13.98,2.826,0.803,0.081,0.04713358097336268,1.931622483101549,1.840578198384314,24.83961274427008,4337,16324,0,0.36253,1981-07-26,2026-04-05,,,,,False,,,,NO_ALBEDO_COLUMN_FOUND,False,asteroid
20006672,  6672 Corot (1213 T-1),6672,Corot,an,MBA,,14.71,2.144,0.803,0.434,0.2150126458115102,2.412683324565776,1.893925899445578,4.810281910700382,5005,20085,0,0.41017,1971-03-24,2026-03-20,,,,,False,,,,NO_ALBEDO_COLUMN_FOUND,False,asteroid
20135233,135233 (2001 RY141),135233,,an,IMB,,16.34,0.981,0.802,0.199,0.1116714665772134,1.926337646783147,1.711220696643975,17.75067903944941,1851,10596,0,0.46829,1997-02-04,2026-02-08,,,,,False,,,,NO_ALBEDO_COLUMN_FOUND,False,asteroid
20040231, 40231 (1998 TS6),40231,,an,IMB,,15.76,1.239,0.797,0.197,0.07019104299544592,1.915679016459324,1.781215508249554,22.33296314103253,2353,15855,0,0.50174,1982-11-07,2026-04-05,,,,,False,,,,NO_ALBEDO_COLUMN_FOUND,False,asteroid
20009718,  9718 Gerbefremov (1976 YR1),9718,Gerbefremov,an,MBA,,13.96,2.598,0.79,0.186,0.1488733814506132,2.364608372025232,2.012581127875406,5.928317458395641,3844,25817,0,0.43515,1954-12-21,2025-08-27,,,,,False,,,,NO_ALBEDO_COLUMN_FOUND,False,asteroid
20005427,  5427 Jensmartin (1986 JQ),5427,Jensmartin,an,IMB,,13.68,3.158,0.788,0.057,0.07448958336059419,1.931610957650845,1.787726062200675,20.39280379889554,4914,27897,0,0.37946,1949-11-23,2026-04-10,,,,,False,,,,NO_ALBEDO_COLUMN_FOUND,False,asteroid
20068553, 68553 (2001 XF68),68553,,an,IMB,,15.12,1.568,0.788,0.2,0.1091605986684996,1.930788985030804,1.720022903522297,18.20773377820512,2961,11152,0,0.46904,1995-09-30,2026-04-12,,,,,False,,,,NO_ALBEDO_COLUMN_FOUND,False,asteroid
20110704,110704 (2001 TM218),110704,,an,MBA,,15.49,1.431,0.787,0.15,0.1311292069234654,2.300021679791823,1.998421661013945,5.803341336924121,2103,9896,0,0.56416,1998-12-15,2026-01-18,,,,,False,,,,NO_ALBEDO_COLUMN_FOUND,False,asteroid
20009871,  9871 Jeon (1992 DG1),9871,Jeon,an,MBA,,13.44,3.763,0.787,0.067,0.1506928804067811,2.370353597102646,2.013158185972674,5.557387015475985,5044,24307,0,0.4224,1959-03-06,2025-09-22,,,,,False,,,,NO_ALBEDO_COLUMN_FOUND,False,asteroid
20010036, 10036 McGaha (1982 OF),10036,McGaha,an,MBA,,14.01,2.729,0.785,0.151,0.2318411698069634,2.433590495168245,1.869384027937332,3.816584222878633,4801,15969,0,0.46431,1982-07-24,2026-04-13,,,,,False,,,,NO_ALBEDO_COLUMN_FOUND,False,asteroid
20005252,  5252 Vikrymov (1985 PZ1),5252,Vikrymov,an,MBA,,13.79,3.13,0.784,0.125,0.1490690716388532,2.372465317051343,2.018804114743121,8.598510848623794,4825,17258,0,0.41784,1978-10-02,2026-01-01,,,,,False,,,,NO_ALBEDO_COLUMN_FOUND,False,asteroid
20006029,  6029 Edithrand (1948 AG),6029,Edithrand,an,IMB,,14.12,2.271,0.784,0.102,0.07576597685423353,1.927210150020221,1.781193190400545,24.27135646912054,3542,28580,0,0.46012,1948-01-14,2026-04-14,,,,,False,,,,NO_ALBEDO_COLUMN_FOUND,False,asteroid
20068547, 68547 (2001 XW29),68547,,an,IMB,,15.25,1.576,0.78,0.105,0.1032258146729827,1.932750301865235,1.733240577395743,19.06763469428875,2990,9966,0,0.55379,1998-12-24,2026-04-07,,,,,False,,,,NO_ALBEDO_COLUMN_FOUND,False,asteroid
20015692, 15692 (1984 RA),15692,,an,IMB,,15.01,1.728,0.78,0.273,0.1019390939844586,1.926107526517951,1.729761870348064,23.22181588900945,3555,18042,0,0.50814,1976-11-17,2026-04-11,,,,,False,,,,NO_ALBEDO_COLUMN_FOUND,False,asteroid
20003447,  3447 Burckhalter (1956 SC),3447,Burckhalter,an,IMB,,12.29,5.995,0.779,0.444,0.02867263411642642,1.990957584644192,1.933871586278365,20.71385857714847,4361,30530,0,0.33832,1942-09-08,2026-04-10,,,,,False,,,,NO_ALBEDO_COLUMN_FOUND,False,asteroid
20039711, 39711 (1996 TW53),39711,,an,MBA,,14.85,2.869,0.779,0.144,0.2390553991114082,2.282720312367086,1.737023697034454,23.66268908714848,2612,10796,0,0.48802,1996-09-16,2026-04-08,,,,,False,,,,NO_ALBEDO_COLUMN_FOUND,False,asteroid
20039058, 39058 (2000 UM104),39058,,an,MBA,,14.81,2.388,0.778,0.657,0.1271352519433174,2.285276836394226,1.994737590039019,5.251529385295402,4106,10419,0,0.45154,1997-10-03,2026-04-13,,,,,False,,,,NO_ALBEDO_COLUMN_FOUND,False,asteroid
20074444, 74444 (1999 CJ12),74444,,an,IMB,,15.11,1.578,0.778,0.348,0.1203659838897171,1.916945610620989,1.686210566135519,22.86374285757907,3024,9944,0,0.53124,1999-01-22,2026-04-14,,,,,False,,,,NO_ALBEDO_COLUMN_FOUND,False,asteroid
20064254, 64254 (2001 TX168),64254,,an,IMB,,15.62,1.313,0.777,0.21,0.1062166792319198,1.942033056615353,1.735756754383055,19.47231182156267,2930,9904,0,0.50403,1998-12-09,2026-01-20,,,,,False,,,,NO_ALBEDO_COLUMN_FOUND,False,asteroid
20003053,  3053 Dresden (1977 QS),3053,Dresden,an,MBA,,13.3,3.547,0.775,0.06,0.204851460855289,2.380267986887973,1.892666612546894,4.607732829923277,5185,25791,0,0.41308,1955-08-25,2026-04-05,,,,,False,,,,NO_ALBEDO_COLUMN_FOUND,False,asteroid
20121204,121204 (1999 OK2),121204,,an,IMB,,15.53,1.258,0.772,0.165,0.06462345199043826,1.967076463035075,1.839957191664606,17.56040727800357,2538,11425,0,0.52543,1994-12-28,2026-04-09,,,,,False,,,,NO_ALBEDO_COLUMN_FOUND,False,asteroid
20035396, 35396 (1997 XF11),35396,,an,APO,,17.01,0.704,0.772,0.103,0.4840078498465715,1.442137239126447,0.7441314948331845,4.09944465209178,2664,13144,0,0.4751,1990-03-22,2026-03-17,,,,,False,,,,NO_ALBEDO_COLUMN_FOUND,False,asteroid
20024687, 24687 (1990 HW),24687,,an,IMB,,15.06,1.738,0.771,0.118,0.06150794648800992,1.951518818707073,1.831484903635694,23.28044495590994,4233,13156,0,0.37103,1990-03-22,2026-03-29,,,,,False,,,,NO_ALBEDO_COLUMN_FOUND,False,asteroid
20002518,  2518 Rutllant (1974 FG),2518,Rutllant,an,MBA,,13.6,3.162,0.771,0.211,0.1716226658564725,2.309773061954394,1.913363651538313,5.922712719556102,6521,26100,0,0.38213,1954-10-22,2026-04-07,,,,,False,,,,NO_ALBEDO_COLUMN_FOUND,False,asteroid
20007700,  7700 Rote Kapelle (1990 TE8),7700,Rote Kapelle,an,MBA,,13.64,3.021,0.77,0.425,0.07629283744879457,2.677677198875791,2.473389607601616,3.031608598044147,4644,13369,0,0.4521,1989-07-29,2026-03-06,,,,,False,,,,NO_ALBEDO_COLUMN_FOUND,False,asteroid
20001432,  1432 Ethiopia (1937 PG),1432,Ethiopia,an,MBA,,12.04,7.074,0.769,0.08,0.2253832365544103,2.381568825532994,1.844803135557282,8.269205420572217,7220,32278,0,0.30679,1937-08-01,2025-12-15,,,,,False,,,,NO_ALBEDO_COLUMN_FOUND,False,asteroid
20028431, 28431 (1999 XO136),28431,,an,MBA,,14.73,2.001,0.767,0.248,0.1417074670111941,2.25701031475573,1.937175100033558,7.43856057456501,3484,12998,0,0.47431,1990-05-13,2025-12-13,,,,,False,,,,NO_ALBEDO_COLUMN_FOUND,False,asteroid
20017724, 17724 (1997 YZ5),17724,,an,MBA,,14.54,2.004,0.764,0.244,0.1491368130767219,2.455157863107155,2.089003443803099,5.663780001756964,2984,26082,0,0.48592,1954-10-31,2026-03-29,,,,,False,,,,NO_ALBEDO_COLUMN_FOUND,False,asteroid
20003699,  3699 Milbourn (1984 UC2),3699,Milbourn,an,MBA,,13.13,4.745,0.762,0.132,0.185673419644959,2.400262419924959,1.954597488372207,5.709757787575406,8123,26122,0,0.31713,1954-09-28,2026-04-05,,,,,False,,,,NO_ALBEDO_COLUMN_FOUND,False,asteroid
20035134, 35134 (1992 RE),35134,,an,IMB,,14.87,1.595,0.761,0.426,0.1038283656620889,1.961428761126774,1.757776818496366,24.34461565132198,3388,27735,0,0.47359,1950-04-19,2026-03-26,,,,,False,,,,NO_ALBEDO_COLUMN_FOUND,False,asteroid
20138666,138666 (2000 RX96),138666,,an,IMB,,15.38,1.674,0.758,0.17,0.078734904228188,1.940216839822762,1.787454052757399,17.42349247760324,2217,9973,0,0.45974,1998-12-23,2026-04-13,,,,,False,,,,NO_ALBEDO_COLUMN_FOUND,False,asteroid
20018368, 18368 Flandrau (1991 GZ1),18368,Flandrau,an,IMB,,14.78,1.923,0.757,0.318,0.05431908508222048,1.927640071206927,1.822932426171141,23.79059494273885,3229,12779,0,0.40431,1991-04-15,2026-04-10,,,,,False,,,,NO_ALBEDO_COLUMN_FOUND,False,asteroid
20040276, 40276 (1999 JR19),40276,,an,MBA,,14.68,2.21,0.756,0.271,0.1607929210058028,2.32242230490758,1.948993238692461,6.28852495006532,3247,15838,0,0.52384,1982-11-06,2026-03-18,,,,,False,,,,NO_ALBEDO_COLUMN_FOUND,False,asteroid
20015662, 15662 (4064 T-2),15662,,an,MBA,,14.32,2.423,0.756,0.41,0.03112109848647659,2.292608856350293,2.221260350340847,8.521517672305148,4342,19153,0,0.476,1973-09-19,2026-02-26,,,,,False,,,,NO_ALBEDO_COLUMN_FOUND,False,asteroid
20135486,135486 (2001 XP2),135486,,an,IMB,,16.01,1.108,0.755,0.097,0.1116406841057097,1.958631233212226,1.739968302425603,17.63655423901466,2146,9789,0,0.47418,1998-09-24,2025-07-13,,,,,False,,,,NO_ALBEDO_COLUMN_FOUND,False,asteroid
20019957, 19957 (1985 QG4),19957,,an,MBA,,14.59,2.316,0.754,0.225,0.2252938364244378,2.335396218120474,1.809245844568989,9.82822341196756,3115,26375,0,0.5036,1953-11-30,2026-02-15,,,,,False,,,,NO_ALBEDO_COLUMN_FOUND,False,asteroid
20007416,  7416 Linnankoski (1990 WV4),7416,Linnankoski,an,MBA,,14.26,2.545,0.751,0.333,0.1409897768435754,2.360235530467806,2.027466449728872,4.382320430833061,4696,20209,0,0.39886,1970-04-29,2025-08-27,,,,,False,,,,NO_ALBEDO_COLUMN_FOUND,False,asteroid
20006870,  6870 Pauldavies (1992 OG),6870,Pauldavies,an,IMB,,14.02,2.546,0.75,0.114,0.1131890077597157,1.927044090419364,1.708923881915572,24.911547007396,4160,13428,0,0.38506,1989-07-02,2026-04-07,,,,,False,,,,NO_ALBEDO_COLUMN_FOUND,False,asteroid
20028517, 28517 (2000 DD7),28517,,an,MBA,,14.19,3.065,0.748,0.1,0.04279100230894384,2.291679635859639,2.19361636727021,8.507359796409874,3823,13402,0,0.45676,1988-12-14,2025-08-24,,,,,False,,,,NO_ALBEDO_COLUMN_FOUND,False,asteroid
20033896, 33896 Hickson (2000 KL40),33896,Hickson,an,IMB,,14.59,2.553,0.747,0.096,0.05668133959573052,1.925501569835923,1.816361561463941,23.24767274968446,4157,12976,0,0.41677,1990-09-24,2026-04-04,,,,,False,,,,NO_ALBEDO_COLUMN_FOUND,False,asteroid
20019234, 19234 Victoriahibbs (1993 VC1),19234,Victoriahibbs,an,MBA,,14.73,3.297,0.745,0.134,0.2102662020739169,2.262936005914148,1.787117046414261,24.77715879871469,2821,15428,0,0.4974,1983-12-29,2026-03-26,,,,,False,,,,NO_ALBEDO_COLUMN_FOUND,False,asteroid
20027480, 27480 Heablonsky (2000 GV88),27480,Heablonsky,an,MBA,,15.09,1.544,0.741,0.533,0.1915379047350138,2.339319874424419,1.89125144717219,9.026615103427766,2569,13292,0,0.51605,1989-02-09,2025-07-02,,,,,False,,,,NO_ALBEDO_COLUMN_FOUND,False,asteroid
20023976, 23976 (1999 DZ6),23976,,an,MBA,,13.33,3.704,0.741,8.191,0.1191234252394082,2.608696039232241,2.297939231630418,13.226659701251,4389,16399,0,0.42098,1980-11-30,2025-10-24,,,,,False,,,,NO_ALBEDO_COLUMN_FOUND,False,asteroid
20084697, 84697 (2002 VL110),84697,,an,MBA,,14.65,1.946,0.739,0.179,0.2348521225057321,2.409683673715194,1.843764348375771,7.695818581558344,3270,10086,0,0.46719,1998-08-31,2026-04-12,,,,,False,,,,NO_ALBEDO_COLUMN_FOUND,False,asteroid
20071735, 71735 (2000 MJ1),71735,,an,IMB,,15.33,1.547,0.738,0.178,0.08485770925559546,1.910136405687426,1.748046605935074,17.43335657509444,2464,9978,0,0.53699,1998-12-16,2026-04-11,,,,,False,,,,NO_ALBEDO_COLUMN_FOUND,False,asteroid
20029228, 29228 (1992 EC),29228,,an,MBA,,14.45,2.694,0.735,0.533,0.06896226551783534,2.361790637847589,2.198916204782806,6.787406625137353,3744,13775,0,0.45251,1987-12-24,2025-09-10,,,,,False,,,,NO_ALBEDO_COLUMN_FOUND,False,asteroid
20012529, 12529 Reighard (1998 KG41),12529,Reighard,an,MBA,,14.45,2.347,0.734,0.34,0.02830234001484048,2.253299065840413,2.189525429523876,2.207503938341175,3771,17739,0,0.48135,1977-02-18,2025-09-13,,,,,False,,,,NO_ALBEDO_COLUMN_FOUND,False,asteroid
20028642, 28642 Zbarsky (2000 FZ49),28642,Zbarsky,an,MBA,,14.91,1.865,0.734,0.253,0.1221078883875018,2.35603128101025,2.068341276311187,5.213214372833303,2628,16766,0,0.52335,1979-07-24,2025-06-18,,,,,False,,,,NO_ALBEDO_COLUMN_FOUND,False,asteroid
20106620,106620 (2000 WL124),106620,,an,IMB,,15.13,1.703,0.732,0.193,0.04984861147599482,1.96256721652025,1.864735965848408,18.06909011095032,3635,9331,0,0.4655,2000-09-25,2026-04-13,,,,,False,,,,NO_ALBEDO_COLUMN_FOUND,False,asteroid
20012630, 12630 Verstappen (3033 T-1),12630,Verstappen,an,MBA,,14.74,2.351,0.732,0.475,0.1399609103175253,2.436819649410429,2.095760152999313,6.364119621337633,4859,19953,0,0.4354,1971-03-24,2025-11-08,,,,,False,,,,NO_ALBEDO_COLUMN_FOUND,False,asteroid
20025220, 25220 (1998 TQ6),25220,,an,MBA,,14.1,2.701,0.731,0.277,0.1433752008739849,2.349019767041087,2.01222858608461,7.75785774010452,4115,12186,0,0.47943,1992-12-02,2026-04-14,,,,,False,,,,NO_ALBEDO_COLUMN_FOUND,False,asteroid
20003931,  3931 Batten (1984 EN),3931,Batten,an,MBA,,13.72,3.101,0.731,0.256,0.08160931366995373,2.394832489272936,2.199391853468864,3.79764681550699,4272,24876,0,0.4349,1958-02-24,2026-04-04,,,,,False,,,,NO_ALBEDO_COLUMN_FOUND,False,asteroid
20045880, 45880 (2000 WG49),45880,,an,IMB,,15.55,1.485,0.73,0.177,0.0750576946609305,1.937214887084207,1.791812003596831,18.22795006878617,2019,10343,0,0.50084,1997-12-02,2026-03-28,,,,,False,,,,NO_ALBEDO_COLUMN_FOUND,False,asteroid
20070670, 70670 (1999 TU290),70670,,an,MBA,,14.44,2.584,0.728,0.159,0.200207119555486,2.770181763823373,2.21557165224316,8.924738202909131,2545,9453,0,0.51395,1999-10-10,2025-08-27,,,,,False,,,,NO_ALBEDO_COLUMN_FOUND,False,asteroid
20026946, 26946 Ziziyu (1997 GG23),26946,Ziziyu,an,MBA,,14.98,2.468,0.728,0.408,0.1218445040156036,2.239254891117294,1.966413989544593,8.099076534844455,3988,10574,0,0.44111,1997-04-06,2026-03-19,,,,,False,,,,NO_ALBEDO_COLUMN_FOUND,False,asteroid
20000434,   434 Hungaria (A898 RB),434,Hungaria,an,IMB,,11.2,8.934,0.726,0.748,0.07387907592080122,1.944079347515032,1.800452561803907,22.50703051152838,11050,46480,0,0.24383,1898-09-11,2025-12-14,,,,,False,,,,NO_ALBEDO_COLUMN_FOUND,False,asteroid
20146191,146191 (2000 TE33),146191,,an,IMB,,15.58,1.422,0.726,0.385,0.07728221007193839,1.94992520134423,1.799230672309378,17.52610871800064,2903,9348,0,0.51235,2000-09-08,2026-04-13,,,,,False,,,,NO_ALBEDO_COLUMN_FOUND,False,asteroid
20013659, 13659 (1997 FH4),13659,,an,MBA,,13.82,2.841,0.725,0.345,0.07651753293008696,2.449917235899187,2.262455613125284,11.51664773351564,4124,16941,0,0.49084,1979-09-20,2026-02-06,,,,,False,,,,NO_ALBEDO_COLUMN_FOUND,False,asteroid
20004497,  4497 Taguchi (1989 AE1),4497,Taguchi,an,MBA,,12.61,7.83,0.724,0.138,0.2697090992583328,2.42597537022384,1.771667738297868,9.759219973731907,6328,34374,0,0.33781,1931-11-04,2025-12-14,,,,,False,,,,NO_ALBEDO_COLUMN_FOUND,False,asteroid
20054234, 54234 (2000 JD16),54234,,an,IMB,,15.53,1.491,0.724,0.21,0.08970660436663239,1.917911253384211,1.745861947366561,19.39936567581901,3011,14134,0,0.47893,1987-07-30,2026-04-10,,,,,False,,,,NO_ALBEDO_COLUMN_FOUND,False,asteroid
20040250, 40250 (1998 XG16),40250,,an,IMB,,15.0,1.713,0.724,0.146,0.05753943634776817,1.92849600890284,1.81753143555165,24.62756109139134,2819,26270,0,0.45065,1954-05-04,2026-04-06,,,,,False,,,,NO_ALBEDO_COLUMN_FOUND,False,asteroid
20018069, 18069 (2000 AS199),18069,,an,MBA,,13.36,3.746,0.724,0.475,0.260444737729345,2.53133330403647,1.872060865561135,17.32211498683251,4153,15497,0,0.41902,1983-11-06,2026-04-11,,,,,False,,,,NO_ALBEDO_COLUMN_FOUND,False,asteroid
20045173, 45173 (1999 XU136),45173,,an,MBA,,15.35,1.714,0.723,0.197,0.2019603890888618,2.389896440669859,1.907232025630089,5.865153163884095,2571,11626,0,0.53795,1994-06-06,2026-04-05,,,,,False,,,,NO_ALBEDO_COLUMN_FOUND,False,asteroid
20056289, 56289 (1999 LM26),56289,,an,MBA,,14.59,2.598,0.721,0.138,0.1781200357405979,2.303905518717416,1.893533785380509,23.2860267350169,3165,13342,0,0.47076,1989-09-08,2026-03-20,,,,,False,,,,NO_ALBEDO_COLUMN_FOUND,False,asteroid
20069549, 69549 (1997 LC4),69549,,an,IMB,,14.92,1.496,0.72,0.219,0.07801140082829944,1.922967750359166,1.772954342406004,23.70326962755093,2667,10527,0,0.4954,1997-06-09,2026-04-05,,,,,False,,,,NO_ALBEDO_COLUMN_FOUND,False,asteroid
20045825, 45825 (2000 QW123),45825,,an,IMB,,15.21,1.718,0.719,0.212,0.1007177911458587,1.95267123634723,1.756002502588283,21.53369897428014,3281,13883,0,0.49549,1988-04-09,2026-04-13,,,,,False,,,,NO_ALBEDO_COLUMN_FOUND,False,asteroid
20106821,106821 (2000 XX45),106821,,an,IMB,,16.03,1.303,0.719,0.118,0.05669636173113757,1.922354520258081,1.813364013002042,18.6257334391939,2951,8842,0,0.41689,2000-12-15,2025-03-01,,,,,False,,,,NO_ALBEDO_COLUMN_FOUND,False,asteroid
20030234, 30234 Dudzinski (2000 GD167),30234,Dudzinski,an,IMB,,15.6,1.366,0.718,0.219,0.07949538613055623,1.909926193919793,1.758095873653275,21.57186732747966,3178,11279,0,0.47816,1995-04-28,2026-03-15,,,,,False,,,,NO_ALBEDO_COLUMN_FOUND,False,asteroid
20011304, 11304 Cowra (1993 DJ),11304,Cowra,an,IMB,,14.26,2.374,0.718,0.162,0.04679382249443898,1.929225683606146,1.838949839415768,23.57227360933106,7161,12101,0,0.31448,1993-02-19,2026-04-08,,,,,False,,,,NO_ALBEDO_COLUMN_FOUND,False,asteroid
20002166,  2166 Handahl (1936 QB),2166,Handahl,an,MBA,,13.05,4.327,0.716,0.753,0.2191517951788409,2.345919194709866,1.831806791844698,5.136207906031188,5123,35246,0,0.38634,1929-10-05,2026-04-05,,,,,False,,,,NO_ALBEDO_COLUMN_FOUND,False,asteroid
20000422,   422 Berolina (A896 TA),422,Berolina,an,MBA,,10.65,10.714,0.716,0.922,0.2141670085418198,2.228164247089011,1.750964975750121,4.993713911226597,6147,43446,0,0.33836,1906-10-11,2025-09-22,,,,,False,,,,NO_ALBEDO_COLUMN_FOUND,False,asteroid
20010822, 10822 Yasunori (1993 SK1),10822,Yasunori,an,MBA,,13.98,2.857,0.716,0.118,0.08508868696485908,2.25819382577174,2.066047078224671,2.48635431747941,5023,19162,0,0.43055,1973-10-27,2026-04-14,,,,,False,,,,NO_ALBEDO_COLUMN_FOUND,False,asteroid
20021260, 21260 (1996 FE),21260,,an,IMB,,15.45,1.57,0.716,0.211,0.0943940652740069,1.927831951874445,1.745856056771893,22.68600578656837,2705,13025,0,0.51345,1989-11-22,2025-07-21,,,,,False,,,,NO_ALBEDO_COLUMN_FOUND,False,asteroid
20189021,189021 (1999 CS11),189021,,an,IMB,,16.05,1.248,0.716,0.222,0.07202676870023675,1.964008625984589,1.822547430955528,17.67307639014698,1936,9911,0,0.49902,1998-12-21,2026-02-08,,,,,False,,,,NO_ALBEDO_COLUMN_FOUND,False,asteroid
20018416, 18416 (1993 QW),18416,,an,MBA,,15.32,2.07,0.716,0.029,0.228283409727368,2.265071010108029,1.747992876645954,25.60813406224366,2469,18021,0,0.4767,1976-11-18,2026-03-22,,,,,False,,,,NO_ALBEDO_COLUMN_FOUND,False,asteroid
20051385, 51385 (2001 CR20),51385,,an,IMB,,15.86,1.248,0.716,0.078,0.07727592588642337,1.931960483666207,1.782666448514918,22.17721348691468,2270,27460,0,0.49857,1950-04-11,2025-06-16,,,,,False,,,,NO_ALBEDO_COLUMN_FOUND,False,asteroid
20008825,  8825 (1988 MF),8825,,an,IMB,,14.59,2.17,0.715,0.119,0.0305179474612245,1.866690983936885,1.809723406562758,25.34401471759623,3298,13809,0,0.43027,1988-06-16,2026-04-07,,,,,False,,,,NO_ALBEDO_COLUMN_FOUND,False,asteroid
20045877, 45877 (2000 WR29),45877,,an,MBA,,13.97,4.331,0.714,0.08,0.2972916390955215,2.632760314618027,1.850062685339593,29.11981484947686,2612,14851,0,0.50712,1985-07-11,2026-03-09,,,,,False,,,,NO_ALBEDO_COLUMN_FOUND,False,asteroid
20002331,  2331 Parvulesco (1936 EA),2331,Parvulesco,an,MBA,,12.73,5.713,0.713,0.13,0.2203170420003762,2.426159461868278,1.891635185808235,3.702757772256593,7127,32879,0,0.35827,1936-02-17,2026-02-23,,,,,False,,,,NO_ALBEDO_COLUMN_FOUND,False,asteroid
20097784, 97784 (2000 KK81),97784,,an,IMB,,15.88,1.31,0.712,0.2,0.07404926176857639,1.922750564375009,1.780372304517926,23.38422466575311,2459,9443,0,0.48664,2000-05-04,2026-03-12,,,,,False,,,,NO_ALBEDO_COLUMN_FOUND,False,asteroid
20121190,121190 (1999 NP19),121190,,an,IMB,,16.11,1.143,0.71,0.209,0.06086309414475463,1.921994969627655,1.805016408845462,17.03802065757629,1665,9493,0,0.55538,1999-06-11,2025-06-07,,,,,False,,,,NO_ALBEDO_COLUMN_FOUND,False,asteroid
20414586,414586 (2009 UV18),414586,,an,AMO,,16.13,0.996,0.709,0.005,0.6332140366919778,3.171960900423536,1.163430734437228,8.339256149991114,960,7919,0,0.42528,2004-01-09,2025-09-14,,,,,False,,,,NO_ALBEDO_COLUMN_FOUND,False,asteroid
20009710,  9710 (1964 VN1),9710,,an,MBA,,14.45,2.62,0.709,0.114,0.2234831212685505,2.419317266152023,1.878640692173473,7.040880756324135,6679,22435,0,0.40242,1964-11-09,2026-04-13,,,,,False,,,,NO_ALBEDO_COLUMN_FOUND,False,asteroid
20082066, 82066 (2000 XG15),82066,,an,IMB,,15.14,1.731,0.709,0.216,0.05016451400317169,1.961324076172195,1.862935207088297,23.05533278118203,2454,12075,0,0.52289,1993-03-23,2026-04-14,,,,,False,,,,NO_ALBEDO_COLUMN_FOUND,False,asteroid
20011949, 11949 Kagayayutaka (1993 SD2),11949,Kagayayutaka,an,MBA,,12.06,6.879,0.708,22.277,0.1835623035133077,3.082405391280056,2.516591957294851,7.625593690313197,7711,11769,0,0.34377,1993-09-19,2025-12-09,,,,,False,,,,NO_ALBEDO_COLUMN_FOUND,False,asteroid
20036298, 36298 (2000 JF10),36298,,an,IMB,,14.78,2.088,0.704,0.202,0.05720875581932373,1.931154487426126,1.820675541905573,23.76398318971367,4000,12384,0,0.45029,1992-05-08,2026-04-04,,,,,False,,,,NO_ALBEDO_COLUMN_FOUND,False,asteroid
20051075, 51075 (2000 GG162),51075,,an,MCA,,14.94,1.796,0.704,0.193,0.3152035333852242,2.334345477668121,1.59855153496531,21.83661319495144,2376,15834,0,0.46538,1982-04-22,2025-08-28,,,,,False,,,,NO_ALBEDO_COLUMN_FOUND,False,asteroid
20044641, 44641 (1999 RZ111),44641,,an,IMB,,15.85,1.318,0.703,0.43,0.04302160997053146,1.928014623788755,1.845068330626634,20.14074676783415,1836,10010,0,0.5578,1997-12-26,2025-05-23,,,,,False,,,,NO_ALBEDO_COLUMN_FOUND,False,asteroid
20086351, 86351 (1999 XS105),86351,,an,MBA,,15.37,1.446,0.703,0.227,0.1612857487708764,2.274124087819625,1.907340281517751,5.379834806112114,2527,10251,0,0.49769,1997-06-26,2025-07-20,,,,,False,,,,NO_ALBEDO_COLUMN_FOUND,False,asteroid
