spkid,full_name,pdes,name,kind,class,neo,pha,H,diameter,albedo,rot_per,e,a,q,i,om,w,ma,epoch,moid,n_obs_used,data_arc,condition_code,rms,first_obs,last_obs,A1,A2,A3,DT,sigma_A1,sigma_A2,model_pars,sigma_A3,a1_snr,a2_snr,a3_snr,a1_state,a2_state,a3_state,nonradial_constrained,nongrav_law,g_1au,outgassing_evidence,beta_implied,amr_implied_m2_kg,s1_a1_significant,s1_a2_zero,s1_a3_zero,s1_quality,s1_no_coma,s1_no_outgassing_evidence,screen_a1_only,screen_a1_only_strict,R,R_lo,R_hi,amr_natural_m2_kg,beta,diameter_m,diameter_source,areal_density_kg_m2,R_valid,R_reason,screen_r_flag,screen_r_strong,screen_r_extreme,screen_r_flag_conservative,screen_negative_a1,screen_albedo,albedo_significant,population,abs_R,abs_R_diameter_m,abs_R_diameter_source,sigma_DT
20004179,  4179 Toutatis (1989 AC),4179,Toutatis,an,APO,,,15.29,5.4,0.405,176.0,0.6246302247178447,2.543047155641573,0.9545830393451016,0.4480836624628189,125.3654799655549,277.8615384113277,125.5161576467994,2461200.5,0.00650597,7141,33698.0,0.0,0.26534,1934-02-10,2026-05-16,-3.148561365334624e-13,-7.654593431691022e-15,,,9.279e-14,9.761e-16,"[""A1"", ""A2""]",,-3.3932119466910486,-7.8420176536123565,,significant,significant,not_fitted,False,inverse_square,1.0,False,-1.064018745146155e-09,,False,False,True,True,True,True,False,False,,,,,-1.064018745146155e-09,,,,False,A1 <= 0; not attributable to radiation pressure,False,False,False,False,True,False,False,asteroid,5.002902646060158,5400.0,measured,
1000039,   52P/Harrington-Abell,52P,Harrington-Abell,cn,JFc,,,,2.6,,,0.540048863643431,3.859222154814254,1.775053615559263,10.23176237340895,336.8356805332962,139.6607051308085,111.1064688719497,2457578.5,0.803619,1164,3159.0,0.0,0.55692,2013-10-01,2022-05-26,-4.804051500131623e-09,-7.654172418034087e-11,,,3.648e-10,3.743e-10,"[""A1"", ""A2""]",,-13.16900082272923,-0.20449298471905122,,significant,consistent_zero,not_fitted,False,inverse_square,1.0,True,,,False,True,True,True,False,False,False,False,,,,,,,,,False,outgassing evidence; A1 is not an SRP coefficient,False,False,False,False,True,False,False,comet,36753.36709078653,2600.0,measured,
1000102,   53P/Van Biesbroeck,53P,Van Biesbroeck,cn,JFc,,,,6.66,,,0.5510377388924215,5.404673552862248,2.426494458841365,6.611054381719058,148.8987884893298,134.2615875332419,226.1122315620693,2455802.5,1.41526,2926,9125.0,0.0,0.62776,2001-02-20,2026-02-14,-2.403111007459342e-09,-1.310558133808455e-10,2.8961030997590304e-09,-85.70234367499891,4.577e-10,1.383e-10,"[""A1"", ""A2"", ""A3"", ""DT""]",5.18e-10,-5.250406396022159,-0.9476197641420498,5.590932625017434,significant,consistent_zero,significant,True,inverse_square,1.0,True,,,False,True,False,True,False,False,False,False,,,,,,,,,False,outgassing evidence; A1 is not an SRP coefficient,False,False,False,False,True,False,False,comet,47093.84952372,6660.0,measured,22.05
1000087,   56P/Slaughter-Burnham,56P,Slaughter-Burnham,cn,JFc,,,,3.12,,,0.5072970112036211,5.08596642348536,2.505870857769266,8.147198340282092,346.037613920107,44.21746328766183,267.9621196463077,2456516.5,1.51841,1986,4940.0,0.0,0.60349,2004-07-15,2018-01-23,-3.7910107016153075e-08,1.99728018213712e-08,,,2.139e-09,1.681e-09,"[""A1"", ""A2""]",,-17.72328518754234,11.881500191178583,,significant,significant,not_fitted,False,inverse_square,1.0,True,,,False,False,True,True,False,False,False,False,,,,,,,,,False,outgassing evidence; A1 is not an SRP coefficient,False,False,False,False,True,False,False,comet,348037.25469908083,3120.0,measured,
1000082,   61P/Shajn-Schaldach,61P,Shajn-Schaldach,cn,JFc,,,,2.4,,,0.424204833511263,3.692046243238321,2.125862381309525,6.000524921292224,162.9685064253208,221.6569738125677,356.6912766797178,2459852.5,1.13336,895,2569.0,3.0,0.49057,2017-01-27,2024-02-09,-1.85183084012772e-08,1.6673495455556562e-08,-2.946292861621085e-09,,2.849e-09,1.188e-09,"[""A1"", ""A2"", ""A3""]",1.872e-09,-6.499932748781046,14.034928834643571,-1.5738743918916052,significant,significant,marginal,True,inverse_square,1.0,True,,,False,False,False,True,False,False,False,False,,,,,,,,,False,outgassing evidence; A1 is not an SRP coefficient,False,False,False,False,True,False,False,comet,130776.1910585211,2400.0,measured,
1000035,   65P/Gunn,65P,Gunn,cn,JFc,,,,10.8,,,0.2498130479137048,3.884409938340382,2.914033652297285,9.182675618890896,62.02054896706026,213.8113892118183,133.5282943124276,2459081.5,1.90294,3136,4539.0,0.0,0.56345,2014-02-04,2026-07-10,-2.978738580021734e-08,8.005293043711388e-10,4.51405264632493e-08,551.9887765076237,2.327e-09,3.994e-10,"[""A1"", ""A2"", ""A3"", ""DT""]",2.205e-09,-12.800767425963619,2.004329755561189,20.471894087641406,significant,marginal,significant,True,inverse_square,1.0,True,,,False,False,False,True,False,False,False,False,,,,,,,,,False,outgassing evidence; A1 is not an SRP coefficient,False,False,False,False,True,False,False,comet,946612.5887197638,10800.0,measured,17.04
1003506,   73P/Schwassmann-Wachmann 3-BT,73P-BT,Schwassmann-Wachmann,cn,JFc,,,,,,,0.6856345051905101,3.091868459663292,0.9719767582079062,11.23833447259341,69.65683849488195,199.3494423523701,358.5821923232828,2457821.5,0.0142524,353,250.0,6.0,0.90558,2017-02-10,2017-10-18,-1.058923755691598e-07,3.1133488449942375e-08,,,1.041e-08,2.136e-09,"[""A1"", ""A2""]",,-10.17217824871852,14.57560320690186,,significant,significant,not_fitted,False,inverse_square,1.0,True,,,False,False,True,False,False,False,False,False,,,,,,,,,False,outgassing evidence; A1 is not an SRP coefficient,False,False,False,False,True,False,False,comet,,,no diameter and no H,
1000030,   78P/Gehrels 2,78P,Gehrels,cn,JFc,,,,,,,0.4611784110024278,3.737499617178204,2.013845482605778,6.250290479089117,210.5588694618118,192.7332944278901,201.3296818206431,2457413.5,1.02353,6071,5545.0,0.0,0.61108,2011-05-03,2026-07-08,-1.065295751132996e-09,-9.940943387569979e-10,,,1.557e-10,3.539e-12,"[""A1"", ""A2""]",,-6.841976564759127,-280.8969592418756,,significant,significant,not_fitted,False,inverse_square,1.0,True,,,False,False,True,True,False,False,False,False,,,,,,,,,False,outgassing evidence; A1 is not an SRP coefficient,False,False,False,False,True,False,False,comet,,,no diameter and no H,
1000083,  102P/Shoemaker 1,102P,Shoemaker,cn,JFc,,,,3.2,,,0.4731654920192473,3.736625514632678,1.968583264509834,26.2449062377407,339.8733382485834,18.74460239787177,297.4830036280064,2456078.5,0.97612,392,5645.0,1.0,0.89266,2006-07-24,2022-01-06,-5.280947926313086e-09,-1.3252782076964371e-09,,,1.442e-09,2.681e-11,"[""A1"", ""A2""]",,-3.662238506458451,-49.43223452802824,,significant,significant,not_fitted,False,inverse_square,1.0,True,,,False,False,True,True,False,False,False,False,,,,,,,,,False,outgassing evidence; A1 is not an SRP coefficient,False,False,False,False,True,False,False,comet,49725.36655914634,3200.0,measured,
1000150,  118P/Shoemaker-Levy 4,118P,Shoemaker-Levy,cn,JFc,,,,4.8,,,0.4550775008145901,3.360765023344376,1.83135647569573,10.09395987747512,142.1149927436538,314.4382735674612,277.1432222184568,2459388.5,0.865232,1771,3212.0,1.0,0.52071,2015-08-15,2024-05-31,-2.336168926779331e-09,2.494998049395835e-09,1.004150424442933e-09,,3.311e-10,1.303e-10,"[""A1"", ""A2"", ""A3""]",1.316e-10,-7.05578050975334,19.14810475361347,7.630322374186421,significant,significant,significant,True,inverse_square,1.0,True,,,False,False,False,True,False,False,False,False,,,,,,,,,False,outgassing evidence; A1 is not an SRP coefficient,False,False,False,False,True,False,False,comet,32996.02396646583,4800.0,measured,
1000120,  119P/Parker-Hartley,119P,Parker-Hartley,cn,JFc,,,,,,,0.2959402723151744,4.294991820150148,3.023930771303467,5.183509143535373,243.6781544985683,181.859700412578,55.70102124898162,2457254.5,2.03701,3237,13734.0,0.0,0.69305,1986-09-29,2024-05-06,-2.2492375131122693e-08,8.919359397956587e-09,2.472348781762412e-09,-133.2144663081588,1.012e-09,1.084e-10,"[""A1"", ""A2"", ""A3"", ""DT""]",2.486e-10,-22.22566712561531,82.28191326528217,9.945087617708818,significant,significant,significant,True,inverse_square,1.0,True,,,False,False,False,True,False,False,False,False,,,,,,,,,False,outgassing evidence; A1 is not an SRP coefficient,False,False,False,False,True,False,False,comet,,,no diameter and no H,4.603
1000116,  120P/Mueller 1,120P,Mueller,cn,JFc,,,,3.0,,,0.3365387805794772,4.135678841937248,2.743862527603342,8.79119538756936,4.442766953653403,30.00802529800133,125.5745378069671,2454349.5,1.75355,147,12471.0,0.0,0.78776,1987-10-18,2021-12-09,-2.57160395863976e-08,-1.612974346668416e-09,,,4.084e-09,6.199e-11,"[""A1"", ""A2""]",,-6.296777567678158,-26.019912028850072,,significant,significant,not_fitted,False,inverse_square,1.0,True,,,False,False,True,True,False,False,False,False,,,,,,,,,False,outgassing evidence; A1 is not an SRP coefficient,False,False,False,False,True,False,False,comet,227008.16087953784,3000.0,measured,
1000164,  123P/West-Hartley,123P,West-Hartley,cn,JFc,,,,,,3.7,0.44911567996019,3.860101503251921,2.126469391903583,15.35865041768654,46.50380560033874,102.9754897573807,263.7192198016159,2457778.5,1.19728,3587,5726.0,0.0,0.70089,2010-09-12,2026-05-17,-3.224722573407314e-09,7.611843949411594e-13,,,3.182e-10,7.67e-12,"[""A1"", ""A2""]",,-10.134263272807399,0.09924177248255012,,significant,consistent_zero,not_fitted,False,inverse_square,1.0,True,,,False,True,True,True,False,False,False,False,,,,,,,,,False,outgassing evidence; A1 is not an SRP coefficient,False,False,False,False,True,False,False,comet,,,no diameter and no H,
1000136,  181P/Shoemaker-Levy 6,181P,Shoemaker-Levy,cn,JFc,,,,,,,0.7073228278805144,3.839018373459053,1.123593041258743,16.98117916666919,37.6794577153227,333.7988485602352,11.75008853224812,2456908.5,0.156355,88,8252.0,2.0,1.1117,1991-11-11,2014-06-15,-2.912547448601831e-09,-8.638449566027108e-11,,,3.989e-10,7.527e-13,"[""A1"", ""A2""]",,-7.3014476024112085,-114.76616933741342,,significant,significant,not_fitted,False,inverse_square,1.0,True,,,False,False,True,True,False,False,False,False,,,,,,,,,False,outgassing evidence; A1 is not an SRP coefficient,False,False,False,False,True,False,False,comet,,,no diameter and no H,
1000400,  189P/NEAT,189P,NEAT,cn,JFc,,,,,,,0.5976428477056455,2.91761891049007,1.173924836304942,20.40062928962228,282.2000607653227,15.30741796043059,98.30405134972804,2454804.5,0.166971,1469,7330.0,0.0,0.74615,2002-07-30,2022-08-24,-2.0441205347098678e-10,-4.9176121972809406e-11,,,5.257e-11,8.124e-14,"[""A1"", ""A2""]",,-3.8883784186986263,-605.3190789366002,,significant,significant,not_fitted,False,inverse_square,1.0,True,,,False,False,True,True,False,False,False,False,,,,,,,,,False,outgassing evidence; A1 is not an SRP coefficient,False,False,False,False,True,False,False,comet,,,no diameter and no H,
1000151,  199P/Shoemaker 4,199P,Shoemaker,cn,JFc,,,,,,,0.5075245602233383,5.947599474494759,2.929046666817249,24.75618188598803,92.6222887409304,191.8266384620244,50.88792658881129,2455678.5,1.91637,863,10776.0,2.0,0.65065,1994-05-14,2023-11-14,-6.125596889116074e-07,-1.451218667104591e-07,5.8910241923063416e-08,566.0425459066372,2.646e-08,9.218e-09,"[""A1"", ""A2"", ""A3"", ""DT""]",3.931e-09,-23.150403964913355,-15.743313811071719,14.986070191570445,significant,significant,significant,True,inverse_square,1.0,True,,,False,False,False,True,False,False,False,False,,,,,,,,,False,outgassing evidence; A1 is not an SRP coefficient,False,False,False,False,True,False,False,comet,,,no diameter and no H,33.92
1000412,  223P/Skiff,223P,Skiff,cn,JFc,,,,,,,0.4164245811804548,4.147782069275382,2.420543658249581,27.05423652402845,346.8246686389106,37.86428372577307,47.19257638180999,2455827.5,1.46886,779,9093.0,0.0,0.60112,2001-07-27,2026-06-19,-3.528565863380385e-09,8.830556436793666e-13,6.633297757139979e-10,,7.373e-10,1.357e-11,"[""A1"", ""A2"", ""A3""]",3.648e-10,-4.785793928360755,0.06507410786141243,1.8183382009703888,significant,consistent_zero,marginal,True,inverse_square,1.0,True,,,False,True,False,True,False,False,False,False,,,,,,,,,False,outgassing evidence; A1 is not an SRP coefficient,False,False,False,False,True,False,False,comet,,,no diameter and no H,
1000588,  257P/Catalina,257P,Catalina,cn,JFc,,,,,,,0.4323743719041483,3.753522591667275,2.130595618667106,20.24031529474932,207.8501443047092,117.8839913161226,76.9268336716797,2457015.5,1.19992,2118,6073.0,0.0,0.63794,2005-04-17,2021-12-02,-1.129259979287306e-09,-3.0539581911130527e-10,,,2.388e-10,4.684e-12,"[""A1"", ""A2""]",,-4.728894385625234,-65.1997905873837,,significant,significant,not_fitted,False,inverse_square,1.0,True,,,False,False,True,True,False,False,False,False,,,,,,,,,False,outgassing evidence; A1 is not an SRP coefficient,False,False,False,False,True,False,False,comet,,,no diameter and no H,
1000237,  290P/Jager,290P,Jager,cn,JFc,,,,,,,0.6470062091673232,6.103499068208248,2.15449727343054,19.06957545540106,303.48545735,180.9212619999359,265.6183842334354,2455287.5,1.17074,3751,6026.0,0.0,0.5787,1998-10-24,2015-04-24,-2.15142564497228e-08,7.698186467551879e-09,-8.737270833554684e-09,,1.985e-09,1.379e-09,"[""A1"", ""A2"", ""A3""]",5.619e-10,-10.838416347467405,5.582441238253719,-15.549512072530137,significant,significant,significant,True,inverse_square,1.0,True,,,False,False,False,True,False,False,False,False,,,,,,,,,False,outgassing evidence; A1 is not an SRP coefficient,False,False,False,False,True,False,False,comet,,,no diameter and no H,
1003034,  398P/Boattini,398P,Boattini,cn,JFc,,,,,,,0.5825607645161234,3.127892623391735,1.305705105384303,11.01521220754506,127.464460926232,320.2311403347754,352.0284271184776,2459165.5,0.345999,1644,4041.0,2.0,0.60539,2014-07-25,2025-08-17,-1.151903002510988e-09,-9.595452918079523e-10,7.52430237674011e-10,,3.344e-10,5.785e-12,"[""A1"", ""A2"", ""A3""]",1.003e-10,-3.4446860122936247,-165.8678118942009,7.501796985782762,significant,significant,significant,True,inverse_square,1.0,True,,,False,False,False,True,False,False,False,False,,,,,,,,,False,outgassing evidence; A1 is not an SRP coefficient,False,False,False,False,True,False,False,comet,,,no diameter and no H,
1000366,     C/2001 A2-A (LINEAR),2001 A2-A,LINEAR,cu,COM,,,,,,,0.999692137817885,2530.53002441112,0.779054495221844,36.4866097334356,295.1277176090811,295.322728284241,359.999964975135,2452049.5,0.0508206,436,136.0,,0.6254,2001-01-03,2001-05-19,-2.1148357042877883e-08,1.92001727747633e-08,,,6.524e-09,2.554e-09,"[""A1"", ""A2""]",,-3.241624316811447,7.517687069210376,,significant,significant,not_fitted,False,inverse_square,1.0,True,,,False,False,True,False,False,False,False,False,,,,,,,,,False,outgassing evidence; A1 is not an SRP coefficient,False,False,False,False,True,False,False,comet,,,no diameter and no H,
1000419,     C/2002 V1 (NEAT),2002 V1,NEAT,cu,COM,,,,,,,0.9999017748627322,1010.516972044071,0.09925816829043008,81.7060566720839,64.08842957735027,152.1696864278609,359.998334078724,2452634.5,0.151118,1510,350.0,,0.63675,2002-11-06,2003-10-22,-3.628851637454017e-09,4.2835800176784264e-10,,,4.973e-10,4.223e-11,"[""A1"", ""A2""]",,-7.297107656251793,10.143452563766106,,significant,significant,not_fitted,False,inverse_square,1.0,True,,,False,False,True,False,False,False,False,False,,,,,,,,,False,outgassing evidence; A1 is not an SRP coefficient,False,False,False,False,True,False,False,comet,,,no diameter and no H,
1003113,     C/2010 X1 (Elenin),2010 X1,Elenin,cu,HYP,,,,,,,1.000067251452369,-7173.388484905965,0.4824207940167428,1.83956811421481,323.2351474030079,343.7981179505746,-0.00026559421583595,2455651.5,0.0306307,2235,271.0,,0.59392,2010-12-10,2011-09-07,-4.7790027412305865e-08,6.325626323697817e-08,,,1.175e-08,7.967e-09,"[""A1"", ""A2""]",,-4.067236375515393,7.93978451574974,,significant,significant,not_fitted,False,inverse_square,1.0,True,,,False,False,True,False,False,False,False,False,,,,,,,,,False,outgassing evidence; A1 is not an SRP coefficient,False,False,False,False,True,False,False,comet,,,no diameter and no H,
1003574,     C/2018 L2 (ATLAS),2018 L2,ATLAS,cu,COM,,,,,,,0.9929812976392138,243.8785560967669,1.711710997421499,67.42359017314774,243.0182586407085,56.23081761810727,0.00683704112117277,2458481.5,0.985359,731,996.0,,0.55101,2017-04-29,2020-01-20,-2.68845020714355e-08,-1.795780426319288e-09,,,1.577e-09,1.316e-09,"[""A1"", ""A2""]",,-17.047877026909003,-1.3645747920359332,,significant,marginal,not_fitted,False,inverse_square,1.0,True,,,False,False,True,False,False,False,False,False,,,,,,,,,False,outgassing evidence; A1 is not an SRP coefficient,False,False,False,False,True,False,False,comet,,,no diameter and no H,
1003941,     C/2023 P1 (Nishimura),2023 P1,Nishimura,cu,COM,,,,,,,0.9961027387711852,57.77177579480033,0.2251517019248526,132.4764184218047,66.83455164961916,116.2979941884782,359.9783592964844,2460195.5,0.0788546,638,495.0,4.0,0.51053,2023-01-19,2024-05-28,-7.987650804739556e-09,-5.951626743283608e-10,,,6.459e-10,6.492e-11,"[""A1"", ""A2""]",,-12.366698877131995,-9.167632075298227,,significant,significant,not_fitted,False,inverse_square,1.0,True,,,False,False,True,True,False,False,False,False,,,,,,,,,False,outgassing evidence; A1 is not an SRP coefficient,False,False,False,False,True,False,False,comet,,,no diameter and no H,
