n_epochs,max_depth,n_dips,dip_duty_cycle,asymmetry,best_period_d,period_power,score,n_dip_events,out_of_dip_rms,max_event_depth,source_id,ra,dec,g_mag,bp_rp,parallax,hr_class,resists_mundane,is_candidate
709,0.4657151052814784,32,0.045133991537376586,1.8423656379437063,0.16549444438435287,0.04303872777411018,0.8276303199443893,5,0.0,0.40652714970548975,724146024570408064,160.1879554128484,24.73727851628109,13.200605392456055,0.7580137252807617,2.1706501636030477,main_sequence,True,True
660,0.7384417734756655,27,0.04090909090909091,1.9841931883726698,0.36161455120142927,0.03014742071455024,0.7500073650879951,2,0.0,0.33409060222585274,724402275203766784,158.91707217040445,24.964731767154227,14.408293724060059,1.2861862182617188,2.6446493766282106,main_sequence,True,True
641,0.1683098461910043,54,0.0842433697347894,1.1085810469718984,37.5057947316528,0.06970794229288031,0.711051090626682,7,0.007573458067792541,0.1683098461910043,723348260165246848,159.9266083754307,24.07705404929737,16.859609603881836,2.1987133026123047,2.559698717963812,giant,False,False
680,0.16760237578722337,57,0.0838235294117647,0.948028894862392,0.19943910365172468,0.04996379573919129,0.7095466433264689,10,0.007343201023160032,0.16760237578722337,723087641549319168,161.11070053001075,23.615003274302463,16.785856246948242,2.7414846420288086,3.9803420003452423,giant,False,False
723,0.4837421172079016,13,0.017980636237897647,1.4579285853811272,0.502052279849081,0.04001752574663565,0.7011696623285153,2,0.004766931690120526,0.4837421172079016,724706878579585152,161.39804324261883,25.924100901176306,14.971282005310059,0.9460420608520508,0.8899653304667383,main_sequence,False,False
669,0.2903059698792969,23,0.0343796711509716,1.1182804953105319,1.0351152489147826,0.030467603495290284,0.6979565486700449,2,0.0,0.2903059698792969,724627370145038848,160.25140311485973,25.43487489517061,16.576704025268555,0.8250637054443359,0.4253729667222963,main_sequence,False,False
717,0.5602710852124221,13,0.01813110181311018,1.3993949323692645,0.9972355052570461,0.03271750936810175,0.6736362975188377,1,0.003504048537629247,0.5602710852124221,724690523344131456,161.0325970907826,25.821149123244272,14.843085289001465,1.037064552307129,1.3786714906616748,main_sequence,False,False
701,0.41697910473539956,8,0.011412268188302425,1.1360846226941257,0.9970909973079404,0.04352917660446552,0.6651063243803079,1,0.0,0.41697910473539956,723732127162241792,161.24940737261386,24.691017382337662,14.583329200744629,1.6697053909301758,4.177020923649348,main_sequence,False,False
701,0.19533542893984457,8,0.011412268188302425,1.29512640530412,0.9971632460470047,0.04027435253784423,0.6650522508205416,1,0.0,0.19533542893984457,723730203016897792,161.13945108729413,24.623411520634285,15.271932601928711,1.7179803848266602,2.6892898631583413,main_sequence,False,False
745,0.1293515483772053,37,0.049664429530201344,1.3233889824386642,0.9972221183108714,0.055859616454404376,0.6625089636649972,6,0.0,0.1293515483772053,724487491650215936,158.82867709461317,25.461357348237634,16.7193546295166,0.8432674407958984,0.46245212438918126,main_sequence,False,False
702,0.18491738146130576,20,0.02849002849002849,1.080387969015991,7.946410029515124,0.0386415701184755,0.6590435384177099,2,0.0,0.18491738146130576,723826749586157952,161.84691714977333,24.947686496311057,16.829769134521484,1.0387248992919922,0.9065100641097037,main_sequence,False,False
635,0.3459573582985541,8,0.012598425196850394,0.9345295208623912,1.0002798776109707,0.04862422025043361,0.64558156198753,1,0.003277057312446656,0.3459573582985541,724763636572154752,161.0728002943705,26.02272357610583,13.164127349853516,0.9729185104370117,3.0084956378621976,main_sequence,False,False
655,0.1860829541462492,25,0.03816793893129771,0.9755239267515351,0.6809396010251897,0.03267881265947747,0.6286510522669884,1,0.0,0.1860829541462492,722982565174371712,161.11407378150042,23.000568840937124,16.83800506591797,0.8044776916503906,0.3665037818112807,unknown,False,False
159,0.24091883405052805,15,0.09433962264150944,1.5327170287763556,0.9972743642176972,0.2224930130767092,0.6279349649377864,2,0.01242671762192736,0.24091883405052805,724761029527242240,160.62307865207333,26.14958576596666,13.108612060546875,1.0180463790893555,3.093197673929378,main_sequence,True,True
1167,0.15022034738016443,57,0.04884318766066838,1.085216715214015,0.997235667994537,0.03335128133540815,0.6209536974768696,6,0.005361129336229195,0.12143947072353178,722920580206360192,159.6886328810236,22.654308539193856,16.51422691345215,1.2064790725708008,0.8233016616858146,main_sequence,False,False
619,0.12441785659106952,44,0.07108239095315025,0.9926086057693637,0.997366718884691,0.03948253373614546,0.6135382252297318,8,0.0077658298630607124,0.12441785659106952,723371762226228992,160.52145477088956,24.385491988939016,16.871335983276367,0.9712600708007812,0.6049904252614089,main_sequence,False,False
796,0.12304998470915895,64,0.08040201005025126,1.030861572513014,0.33360943374550817,0.05232514455616919,0.6068254250136711,8,0.008302897103673079,0.12304998470915895,724227319711367168,159.6698945468872,25.052149287416125,16.474925994873047,2.0808658599853516,2.8638937996397154,main_sequence,False,False
752,0.12464479191996791,72,0.09574468085106383,1.2893456267849694,0.4992473972512348,0.08971133791466886,0.6024240220599515,6,0.012406058619335525,0.12464479191996791,724855690606530816,159.708875487841,25.931250304666392,16.57892608642578,2.1177968978881836,2.6229406808457383,main_sequence,False,False
496,0.16159125415107634,31,0.0625,0.9453753150906421,1.0135139457962128,0.06750092942555412,0.5940559100224418,3,0.009544662408554984,0.16159125415107634,723582181263951872,162.98699729251018,24.66030473151315,15.42542839050293,2.41556453704834,6.769212460678738,giant,False,False
663,0.14049946371701072,13,0.0196078431372549,1.1426506633505629,0.2906758507833369,0.03832028204443819,0.59219507294626,3,0.0,0.14049946371701072,723347985287303168,159.94923466425118,24.055179180058023,16.082340240478516,1.085097312927246,0.9657534436495985,main_sequence,False,False
528,0.12660085990693448,52,0.09848484848484848,0.9286957096583818,67.89719971381655,0.09451162637523228,0.5905949197957064,6,0.01156006936025845,0.12660085990693448,722496207373194752,157.76472332600585,23.315840159778876,16.470861434936523,2.7336111068725586,5.487099003542495,giant,False,False
400,0.12616009787926596,29,0.0725,1.117160170878006,0.2501628175131789,0.0730945911221684,0.5868428470669459,5,0.006962647014028923,0.12616009787926596,724229965411222016,159.62887818305572,25.116519929693315,16.87677574157715,1.7198171615600586,1.423462463883862,main_sequence,False,False
466,0.12097392087940373,42,0.09012875536480687,1.0034644753616995,0.4994104563975071,0.10895601466416496,0.5714533902305521,8,0.01231396485062741,0.12097392087940373,723756007180427008,160.72920803619124,24.574068913894077,16.45222282409668,2.634977340698242,5.185977630725863,giant,False,False
732,0.12564815257575346,46,0.06284153005464481,1.1258599556512718,0.9972944133562682,0.07658535137867924,0.5704954416665351,5,0.011849898699103988,0.12564815257575346,722451677152279808,158.72690521573685,23.311119854487057,13.737723350524902,1.14837646484375,0.16724722118363233,giant,False,False
1340,0.12039103308242416,61,0.04552238805970149,1.1916826583847728,0.9970909973079404,0.03382708705318228,0.5696605228080034,6,0.0019803551080125764,0.09158033297569534,723440722220929664,162.16028770199907,23.985038474379802,15.90017032623291,1.2047052383422852,1.1660169911764577,main_sequence,False,False
1210,0.19459368219012574,21,0.017355371900826446,1.1517829410303702,0.9464814472275722,0.020822736653932993,0.5667259411245256,2,0.0,0.13994078779068375,723644436814642304,162.45576983251541,24.87700604318515,16.28392219543457,0.7904090881347656,0.46890976065345774,main_sequence,False,False
669,0.2624345308687879,48,0.07174887892376682,0.8964762204557288,0.9970775596600364,0.058436327653578486,0.5637666120791923,3,0.010225687296750755,0.1479299583524345,721647070863168000,158.7351372196365,22.713935933233,16.982929229736328,3.0212364196777344,4.312810916208054,giant,False,False
759,0.11937360990653012,46,0.06060606060606061,0.9919193177773059,0.5052919020716512,0.05301213636761372,0.5610618647993113,7,0.0030078578146271236,0.09675988786182799,723203674386126848,159.0058554569427,23.38786335662311,16.640243530273438,2.0618228912353516,2.254776883060503,giant,False,False
1158,0.12210076213294119,69,0.05958549222797927,1.039054419876061,29.53410989006092,0.022795438779805728,0.5551692431700684,7,0.0035054086802642297,0.08978566278775257,722882513911276032,160.45410433847184,22.623644407485283,16.695415496826172,1.3388729095458984,0.9437007797105812,main_sequence,False,False
633,0.11486115604852365,55,0.08688783570300158,0.8689665997710491,0.4992691897729111,0.09700433548343848,0.5505135176111315,8,0.014607085261120934,0.11328062089979085,722399106752476672,157.63054753895344,23.114992296843752,14.576745986938477,0.9816865921020508,1.1574687052199963,main_sequence,False,False
837,0.39158760110543245,35,0.04181600955794504,0.9950242833964403,0.9973077749403413,0.08973995226572438,0.5470236502067268,6,0.0,0.0914466040675489,724435677164848896,159.08493079870777,25.345870543442306,13.620230674743652,1.261281967163086,3.9427071836918324,main_sequence,False,False
655,0.131498941673998,60,0.0916030534351145,1.2110875081856336,0.9972944133562682,0.1493219073239442,0.5394514836395987,8,0.011720619851895773,0.10591676392705796,724460175658216576,158.69427665638293,25.288028680213603,15.925682067871094,1.2088022232055664,1.1335289906403696,main_sequence,False,False
671,0.11198103683818217,39,0.05812220566318927,0.9455375472433608,0.11313542930509624,0.04107005054871397,0.5353427990586566,5,0.00453801169292242,0.09909316880972263,724570985814398208,160.44517003111827,25.23389775381598,16.913360595703125,1.8585023880004883,1.317224456894154,giant,False,False
680,0.11976025122780187,57,0.0838235294117647,0.861194331338972,0.1424708427010019,0.04583331529652081,0.5339290180776345,4,0.010148074483253413,0.11976025122780187,723466526384438400,161.32069898467049,23.834782263629513,16.356794357299805,2.7279863357543945,8.60537765319371,giant,False,False
597,0.08414827445897999,62,0.10385259631490787,1.175031535042602,29.53410152381315,0.08999415077088091,0.5221420356202466,8,0.005301062634448133,0.08288598969954375,724860810207543424,159.8966298934594,26.006486425791365,15.419983863830566,2.4023866653442383,6.097672057713022,giant,False,False
619,0.10183757958245387,62,0.10016155088852989,0.9011983980164434,0.9972944133562682,0.10457723239333225,0.52166269821079,9,0.014820881930479696,0.10183757958245387,723382619903557632,160.3876875204345,24.376951012100395,14.825398445129395,0.8077716827392578,0.42255688985956646,giant,False,False
611,0.11587099173803295,47,0.07692307692307693,1.1384693921443303,0.4992292861408358,0.16928391554731181,0.5204441547324388,6,0.010981730927575388,0.10111751116942591,723067781620552832,160.71741380777354,23.446326128252153,15.597748756408691,1.2998647689819336,1.5751087412569076,main_sequence,False,False
1159,0.1182701492000452,20,0.01725625539257981,0.9759269567612581,0.997294743157167,0.04920463589580106,0.5164823899660579,3,0.004500630261768076,0.1182701492000452,722861966787736960,160.2940954480869,22.584482540859213,14.984698295593262,0.8077526092529297,0.5390527761666277,giant,False,False
837,0.09148782432420421,49,0.05854241338112306,0.9876633794511142,0.4986323557854682,0.13129750611859545,0.51549294111912,8,0.0063856251711658174,0.09148782432420421,724433478141523072,159.00358058888196,25.263990907017416,14.167441368103027,0.7159690856933594,0.9032552068171618,main_sequence,False,False
1191,0.09372783790821426,65,0.054575986565911,0.7800644867902198,0.9973063394373479,0.05221463963520458,0.5154501059790615,7,0.007745087167384685,0.0828013644287251,723655333146913664,162.30231362540124,24.86665364355475,16.528528213500977,2.750215530395508,7.7009509277879795,giant,False,False
1340,0.08908583404054427,47,0.03507462686567164,1.0699976865899012,0.9972355052570461,0.08210144505883267,0.5145426485030176,5,0.0,0.08748818565820882,723439137377709440,162.14309879040633,23.90838052159858,14.278197288513184,0.8193244934082031,0.8485835744638586,main_sequence,False,False
588,0.10295319441387984,37,0.06292517006802721,0.8765481546910646,6.968604921517493,0.04076432674984773,0.5099039890311531,5,0.010411436990351908,0.09560335207080728,723451884840485632,161.92731555901443,24.10053567260004,16.553823471069336,1.5078983306884766,1.3894787520290142,main_sequence,False,False
834,0.1081162565934013,55,0.06594724220623502,1.177303370115828,1.0351152489147826,0.04848092318555272,0.5092346805301232,7,0.012144562199237732,0.08069460671024375,724420902477271296,159.47425484234532,25.224799399398517,16.029468536376953,2.1392736434936523,4.5571975618556975,main_sequence,False,False
711,0.09085197420708346,60,0.08438818565400844,0.9259811140304525,0.9955761885586515,0.08033444334967171,0.5078624678093866,9,0.01354500246281145,0.09085197420708346,723763738121526144,160.52339083978663,24.625199627663523,15.016430854797363,2.7152318954467773,9.975334606542736,giant,False,False
838,0.1234696302294589,39,0.046539379474940336,0.9308625526646399,0.4986323557854682,0.09982231582288054,0.5044336687900393,3,0.007383599438845574,0.1234696302294589,724432305615115648,159.10374025883615,25.285501348571174,14.731532096862793,0.9145002365112305,1.075696266674748,main_sequence,False,False
675,0.09145831931244808,56,0.08296296296296296,0.8563435079391722,0.19967349683131252,0.03930698239449394,0.5004295579726482,7,0.009664852545363308,0.07700715161489102,723096021030295040,160.75395937464782,23.573448459395753,16.86406135559082,2.0019140243530273,3.0789037086700777,main_sequence,False,False
625,0.10323203020831662,47,0.0752,1.0772215193471752,0.10216463413096524,0.052926770252283505,0.4984839534408916,4,0.009038988412663523,0.10154955526194265,723163572276024576,159.72825311248567,23.26263669711782,16.771352767944336,1.6068572998046875,1.4940673433910225,main_sequence,False,False
730,0.13596764022110464,32,0.043835616438356165,1.0906963365010443,0.6884337555474539,0.035690087971509826,0.49663253405462093,4,0.0,0.0861313736423579,723341903613614592,159.89503010116118,23.992146796588433,16.511640548706055,1.0264873504638672,0.6442988780242178,main_sequence,False,False
596,0.0956165630386383,52,0.087248322147651,0.345445088997227,0.9972221183108714,0.09996250130761995,0.49283148730570625,7,0.014705721541469973,0.08835473631870683,721672501365014784,158.7378923141325,22.824636068847212,15.761391639709473,,1.825599402365939,unknown,False,False
712,0.09194634256630663,46,0.06460674157303371,0.9651812398881089,0.4992473972512348,0.14763923489471667,0.49167608943699326,5,0.0030368388594066934,0.09194634256630663,724213026060201728,159.8810985109752,25.014272946157458,14.038783073425293,1.4032249450683594,3.7282547595253153,main_sequence,False,False
613,0.14158413409124726,16,0.026101141924959218,0.7896998226937878,0.4992473972512348,0.06799251355171697,0.49025678561577196,1,0.008978721419624457,0.14158413409124726,724720343301971200,161.2841094623433,26.02430731909304,15.917141914367676,0.8846559524536133,0.4660175216111844,main_sequence,False,False
701,0.11809695930597763,23,0.03281027104136947,0.9526941539274002,0.12595007405880412,0.033455785580347466,0.48703050485089816,2,0.005761955745071172,0.11809695930597763,723787755578627456,161.17401461724614,24.865864697930245,16.84648895263672,1.6890449523925781,1.3644849766818334,main_sequence,False,False
852,0.14074575178069493,36,0.04225352112676056,1.092334144940006,0.3377773194846776,0.03202287288042955,0.48324422412608004,4,0.0,0.07969604586491552,724015285766122112,159.2536123105599,23.992835958701146,16.992595672607422,1.0691242218017578,0.5646849525006408,main_sequence,False,False
730,0.08417190988175005,37,0.050684931506849315,1.2686028863194474,0.18634657441109911,0.0351089271850485,0.4827800193225663,4,0.006753268255462037,0.08417190988175005,723342625168123008,159.6822065060489,23.93334645372085,16.356788635253906,0.7171049118041992,0.2628724064540531,unknown,False,False
584,0.1035310086804988,107,0.1832191780821918,0.7634832420761539,0.9943498193508152,0.07783730762362048,0.4819689980541565,17,0.020380436315642455,0.10232545136662963,722527062418217984,158.43514718356167,23.71020845037756,16.874420166015625,,2.366116787842664,unknown,False,False
702,0.502010190230925,34,0.04843304843304843,1.1971059250626541,0.9787245874328213,0.03460610957187027,0.4790713256482468,4,0.009447883690748754,0.08792814150954187,723349153518403328,160.07672473431714,24.104169861873938,13.418713569641113,1.5768041610717773,-0.005781695599941727,unknown,False,False
481,0.11608838655343556,21,0.04365904365904366,1.0419471484760507,0.2834702613099094,0.0514803969696492,0.477777708751716,2,0.0063651146401354315,0.11608838655343556,721331923342930176,160.11812199413,22.123676745244584,16.171213150024414,1.522064208984375,1.405570103131362,main_sequence,False,False
668,0.11041466266852351,40,0.059880239520958084,0.9011623855655594,1.0166103041155916,0.06341776889306364,0.47696070868917356,6,0.009216588681428575,0.06925109061825518,724613248292577792,159.79294595665368,25.431675910965787,15.26461124420166,0.9261207580566406,0.7512638389290277,main_sequence,False,False
672,0.10695689031934752,45,0.06696428571428571,0.7773292429473545,0.4986323557854682,0.1630965300368334,0.47469170768064983,7,0.006394546742214498,0.07770778246397503,724551533907187584,160.29924417133998,25.23411699894161,14.762792587280273,0.7983293533325195,0.9173427403503637,main_sequence,False,False
702,0.19617509844380032,25,0.03561253561253561,1.3602222541160423,0.9972355052570461,0.07579611618551144,0.4737464074775063,4,0.003149264782794702,0.07837633886819761,723803148741425024,160.82011670617544,25.02326003714291,13.853927612304688,1.1872215270996094,2.4715849495775535,main_sequence,False,False
1010,0.09350390830551913,25,0.024752475247524754,1.24071108135281,0.9972355052570461,0.10146486534232013,0.472612064104316,3,0.0,0.09350390830551913,723630284897654400,162.07874117845378,24.775462822695083,14.126718521118164,0.8490238189697266,0.7803380950425731,giant,False,False
701,0.21530544327953183,23,0.03281027104136947,1.0835532068905986,0.28795015898640425,0.028242818885487568,0.4716624674493759,4,0.008895532870464634,0.0860920820498442,723838779789916160,161.54537196976716,25.054708976584244,16.679689407348633,0.9085521697998047,0.4786648677390754,main_sequence,False,False
711,0.40984675427457395,23,0.03234880450070324,1.242617208013349,0.15485538645192237,0.028185594373886624,0.4701775424953035,2,0.0,0.0959159654382361,724526485657940352,160.43700958412524,24.83852967659314,16.51622200012207,0.8553256988525391,0.6479472381778498,main_sequence,False,False
663,0.11486983019157027,20,0.030165912518853696,0.9582246321012081,0.292120224849183,0.038745148146520504,0.46541473732360317,1,0.0,0.11486983019157027,723401685262893568,161.98442767949166,23.57145185488723,16.72519874572754,1.558995246887207,0.8462215327144308,giant,False,False
544,0.10192261563954663,10,0.01838235294117647,1.0465807587447684,0.997367048709381,0.05441476716307894,0.46416167749206816,2,0.0,0.10192261563954663,722837021617701120,160.47170405296816,22.244092586556633,16.08819580078125,0.6921968460083008,0.33532342762252476,main_sequence,False,False
635,0.19398652209898914,32,0.050393700787401574,0.8715760331600009,0.9973029560553581,0.16331174073697477,0.4637131148613717,4,0.0,0.09089998694814594,724550232532426624,160.3574543461208,25.198953583355216,13.697648048400879,0.7897129058837891,1.2023701303259178,main_sequence,False,False
679,0.42689532388175944,25,0.036818851251840944,1.387975101317806,0.9973077749403413,0.08296777970935468,0.46251373295267006,3,0.0,0.0827024532881212,723687768740043520,161.20925904854352,24.33511047341866,13.329233169555664,0.8132381439208984,1.1834269443968632,giant,False,False
687,0.08300378305064615,34,0.049490538573508006,1.1045803575337065,0.12543804832537622,0.04588288273945059,0.46229560221751376,4,0.0,0.07196425540617346,723685226119403008,161.27621677730306,24.347416145004253,16.312904357910156,2.411837577819824,4.3068686804205285,giant,False,False
669,0.11797173199528188,16,0.02391629297458894,1.112924604529498,0.17074482653801232,0.03927296476425385,0.461736381873579,2,0.0,0.09709240957253762,724647230073814400,160.14878632688078,25.70053256387894,16.916357040405273,1.6926345825195312,1.5292705296282192,main_sequence,False,False
623,0.08838832195273949,50,0.08025682182985554,1.0958922985151298,42.54337172226505,0.06979970434632579,0.4604395745065675,4,0.01046252728666181,0.08838832195273949,724330983042032896,157.65095729608817,24.708983679038056,16.298179626464844,2.479921340942383,4.313345017980361,giant,False,False
693,0.16658724279313297,311,0.44877344877344877,0.6384454955097422,0.1663619684184652,0.043187692917384765,0.45760777641960737,71,0.0312334442343151,0.16658724279313297,724334212857432576,157.96514187529016,24.736957740378347,13.706668853759766,,3.1822200614784646,unknown,False,False
669,0.07448127879176092,28,0.04185351270553064,1.013225136508239,0.9955041696064652,0.057560692440887316,0.4559255212283483,4,0.0,0.07311774445740593,724848161528802816,160.0338569663886,25.96650280795899,16.126258850097656,1.4053153991699219,1.3049059068055437,main_sequence,False,False
753,0.1201062193276341,23,0.03054448871181939,0.9242146929076209,0.21770517184997187,0.03428807754702043,0.45514604745016585,1,0.0,0.10974961943276706,722403607878237440,157.47399653821475,23.191623082763595,16.997413635253906,1.2031192779541016,0.6693278137578758,main_sequence,False,False
711,0.09518031584907904,20,0.02812939521800281,1.1147276123150565,1.0351152489147826,0.0493793978057313,0.45447855332176323,2,0.0,0.09518031584907904,724540302568047616,160.040499144792,24.973200647150424,15.657135963439941,1.9148979187011719,3.761296906234719,main_sequence,False,False
642,0.11450325725242338,20,0.03115264797507788,1.098771971605995,1.000368893425821,0.04338312678264028,0.4541212096133777,3,0.0076994281933439115,0.09160652085228316,722797370479754880,157.4194993194952,24.09939650814862,14.210063934326172,0.9193286895751953,1.688155393929453,main_sequence,False,False
702,0.0936501733940388,24,0.03418803418803419,1.1042845069236737,0.1991850771671429,0.03755909569465127,0.45392973473351306,2,0.0,0.0936501733940388,723772156257455232,160.78678586334706,24.807157710012085,16.905725479125977,1.036773681640625,0.7097432376759794,main_sequence,False,False
711,0.10553045139075701,28,0.03938115330520394,1.1594946309014906,0.4912806289430552,0.035340050640142256,0.4534165249892004,2,0.0,0.09166861573256779,723766555620073984,160.37211994511202,24.672945197975796,16.654220581054688,1.8454093933105469,1.9791506228228637,main_sequence,False,False
669,0.11960248509807747,51,0.07623318385650224,1.0723414110536036,0.1123971344166601,0.061694874872058936,0.45012284609082454,4,0.010750450666255752,0.0837686070094088,724632627185001216,160.49199296481586,25.54764355120436,16.367799758911133,2.6132326126098633,4.049303224828165,giant,False,False
455,0.09746003877883391,34,0.07472527472527472,1.0021507272514576,0.9729594625055107,0.08969319233461778,0.449862091794359,5,0.015046594712614356,0.08166799558713234,724040604597730176,158.68289505952174,24.042563843533813,14.46066951751709,0.8781051635742188,1.2280853008292776,main_sequence,False,False
691,0.09736011459080607,24,0.03473227206946455,1.1443943341715495,0.9970054588116157,0.07504747012420342,0.4462635467843705,4,0.009276319688516443,0.0799748912515682,721597562775657984,159.25015770620536,22.42493649761057,15.102815628051758,0.9142303466796875,0.9628577666928055,main_sequence,False,False
583,0.12163184128341498,23,0.03945111492281304,1.209796344619714,0.4992766930806435,0.04763168595961296,0.44430315502831275,2,0.0,0.08794332947309436,722879112297167488,160.90250705974205,22.766313929502804,16.757123947143555,0.9878673553466797,0.01203052188538203,unknown,False,False
646,0.11306923407610892,105,0.16253869969040247,1.1690694834914215,0.4992302152918938,0.23421974713028693,0.44200299686732236,20,0.012815166097314598,0.09941124487534048,722761567632392064,157.19701402744238,23.848850127247736,15.939817428588867,2.4578657150268555,3.3548926387848415,giant,False,False
566,0.3159486253170687,20,0.0353356890459364,1.4858103731009715,0.9971632460470047,0.08002732081598987,0.43672346782813665,3,0.00720599515963508,0.07788280610255027,723531225771742720,161.68647324691895,24.575685108952893,15.465115547180176,1.3973731994628906,1.7712778504169215,main_sequence,False,False
667,0.08040310545172069,28,0.041979010494752625,1.0925909480514058,0.4791028632294212,0.03391539830885752,0.4345832359654015,4,0.011354317048081191,0.07349941899377266,723041320326670592,160.7306084172968,23.1022840606236,14.441927909851074,1.6506938934326172,4.29105513181815,main_sequence,False,False
481,0.11014304331217806,12,0.02494802494802495,1.1159852987546204,0.997367048709381,0.12919551646358546,0.43452469449380515,1,0.0,0.11014304331217806,721345190497352960,160.06822386091272,22.222419646128166,13.104866981506348,0.8217182159423828,1.531313578542958,main_sequence,False,False
600,0.10435478916152019,18,0.03,0.9137269853880274,0.9972944133562682,0.0730894316534592,0.4312773592700747,1,0.0,0.10435478916152019,724841259516413568,159.90201717619237,25.860576909895425,15.803983688354492,0.8292999267578125,0.5086805373054702,main_sequence,False,False
1116,0.09075064845158998,36,0.03225806451612903,0.9699361568845584,0.5102586467029089,0.02200624107572738,0.42806563104031653,2,0.004942525344443556,0.08948312326310237,723559572556144384,162.42342870838417,24.41157442251763,16.3714656829834,1.3576478958129883,1.0385782522704234,main_sequence,False,False
623,0.08031474424900364,14,0.02247191011235955,1.2731542952800305,0.9973234427311352,0.05768297571858282,0.4277977852989686,2,0.0,0.08031474424900364,724276763374898944,158.45949347341246,24.51086177620465,14.905223846435547,0.8212547302246094,0.853533018888252,main_sequence,False,False
650,0.09243637732107768,27,0.04153846153846154,1.0695006740340738,0.49921117634441625,0.10710388842893521,0.42669449617183713,3,0.010511166556434257,0.09243637732107768,723757690807860736,160.7433183133809,24.672667051073667,15.137619972229004,1.6757612228393555,5.203705107562609,main_sequence,False,False
610,0.09910682665218451,7,0.011475409836065573,1.2130281188392287,0.9972944133562682,0.09843124288159343,0.4245611213441606,1,0.0,0.09910682665218451,723703230622290688,160.89836327592158,24.409388133378243,15.325035095214844,0.9463014602661133,0.8273924578906687,main_sequence,False,False
567,0.14213049120029864,21,0.037037037037037035,0.9536206203139288,1.0002959408042504,0.038527412004046184,0.42385712189682273,2,0.006611023434369821,0.09202135991227034,722798195113476736,157.3915684702148,24.121046931021123,15.741734504699707,0.8457746505737305,0.6923482340909504,main_sequence,False,False
568,0.08071406393592617,31,0.05457746478873239,0.9374325094606041,0.21054396955958588,0.04848044874959232,0.41983992029173034,3,0.00813322493709077,0.08034576311524133,722463359463336192,158.32675375037095,23.30527727365509,16.600393295288086,2.530400276184082,5.277098592704555,giant,False,False
719,0.0844591976647674,37,0.05146036161335188,1.113337442710372,0.9972355052570461,0.14553167370781164,0.41845556121054256,4,0.014264232648847458,0.0844591976647674,723447040117583616,161.9118637349052,23.960711608109044,14.999260902404785,2.1385364532470703,4.339890711732172,giant,False,False
610,0.19208901720319949,314,0.5147540983606558,0.4796287522899108,0.9972944133562682,0.0960036059821771,0.4173009945079803,66,0.04069008069701533,0.16831131693838797,723798613255959296,160.87952880856085,24.92248820145966,16.307003021240234,1.221506118774414,-0.823318456361893,unknown,False,False
668,0.08227487025599989,36,0.05389221556886228,1.0720649202381283,1.0350373961640489,0.06401785918836014,0.41354189590010226,3,0.007645454433203745,0.07707046547438257,724809369384265600,159.86708143343324,25.576074074240264,15.742417335510254,0.9670286178588867,1.090584532246871,main_sequence,False,False
1208,0.12766026299683808,17,0.014072847682119206,1.2069785649656195,0.4986323557854682,0.05127990267826747,0.41089512710022114,1,0.0,0.08699722823783718,723638634314062336,162.4249372707773,24.71337291347628,13.834250450134277,0.7171316146850586,0.8832520368997341,main_sequence,False,False
850,0.12332110410758645,20,0.023529411764705882,1.1575344630291962,0.4992292861408358,0.07216249652825403,0.4108604545164488,1,0.00463054651216941,0.09718328318956537,724017759667281920,159.30803567221562,24.090981595386353,14.32788372039795,0.9822025299072266,1.6175212844672227,main_sequence,False,False
851,0.09671449744512761,26,0.03055229142185664,0.8442285129305729,1.1940900399779708,0.036096757797677126,0.40781371820038903,1,0.0,0.08910709362045244,724013258541562368,159.10827433968123,24.024373508072006,16.999927520751953,1.5339336395263672,1.023525422802601,main_sequence,False,False
716,0.0774655349111365,13,0.018156424581005588,1.0689577165238828,0.4992292861408358,0.06539630958450568,0.406773782581324,2,0.0,0.0774655349111365,723333038801141120,160.21555406767862,23.987027149285353,16.144590377807617,1.5166215896606445,1.664270536908617,main_sequence,False,False
479,0.09003956006685565,12,0.025052192066805846,1.1058752820157844,0.997294743157167,0.06889109548065256,0.40644152442829073,1,0.0,0.09003956006685565,721329350657969408,160.02282875926022,22.03674125916054,13.33840560913086,0.7814807891845703,1.5103109193001916,main_sequence,False,False
524,0.08144501167686702,32,0.061068702290076333,0.8480845326314747,1.014131024829497,0.0910937203052345,0.4061215786310677,4,0.012869409966443023,0.07296673145086785,721406556990059776,159.46948382175904,22.363871503669525,16.28341293334961,2.6176977157592773,5.873148092298124,giant,False,False
754,0.09575186022753501,22,0.029177718832891247,1.1305606985274528,0.9972944133562682,0.053038630962555594,0.4036639026521752,1,0.007320788828817102,0.09575186022753501,722456796753293568,158.79954940342867,23.395160570136294,13.45560359954834,1.2807140350341797,4.0835921322063475,main_sequence,False,False
1115,0.08952834037082558,26,0.023318385650224215,1.092065598693474,1.0351935727366512,0.03211065085128111,0.4030578706429765,2,0.0071802919657779525,0.08031235553268512,723561393622275072,162.4445882790493,24.44080254616651,14.948347091674805,1.6519289016723633,2.9643986285060686,main_sequence,False,False
711,0.11346648204917498,32,0.0450070323488045,0.9532719301377282,4.020575391468411,0.03269816330451456,0.4029650121209355,2,0.0,0.07328285049071614,723765318669491712,160.47289789855813,24.630846409814428,16.892467498779297,1.717538833618164,1.3056392699262864,main_sequence,False,False
711,0.12636826813192858,27,0.0379746835443038,1.0969870061422349,0.49661701133013886,0.048884745149173944,0.40231848471472065,1,0.0,0.08580795054012003,724531472115296256,160.41336262899483,24.965207468367954,16.506832122802734,1.3147659301757812,1.1926127770044437,main_sequence,False,False
761,0.12039623422875123,31,0.040735873850197106,0.8153996800350929,0.9972355052570461,0.037698855236784394,0.40155124282353016,1,0.00289992212502722,0.09039441136896198,723138352228023936,159.74722757494138,23.12755073747464,16.791851043701172,1.550206184387207,1.3233010162720422,main_sequence,False,False
623,0.09527534834176055,37,0.0593900481540931,0.9778520422668202,0.22165709077421608,0.04546829953032592,0.39989644686978565,4,0.009926903082943583,0.06028719675487393,724310092321105408,157.77327733583468,24.413971236693616,16.2286319732666,2.2312564849853516,3.035493066066691,giant,False,False
489,0.08667152065357009,27,0.05521472392638037,1.1327946671557905,0.4986251978189527,0.122661213624147,0.39937687229183494,3,0.007517912631938465,0.07680645334362368,724394651637182720,158.68875560792034,24.853310108782235,15.672677040100098,0.8407783508300781,0.638109655362552,main_sequence,False,False
723,0.09441072181833565,35,0.048409405255878286,1.0523343600631516,0.9972355052570461,0.06715562914123865,0.39758409003097916,3,0.009748165545284087,0.07375082962003554,723454019439647232,162.0690147439209,24.084202825262096,14.745119094848633,1.0167980194091797,1.5252620510132278,main_sequence,False,False
755,0.06997806438353538,9,0.011920529801324504,0.9430338463651262,0.3540085059952888,0.029402615666049632,0.39646282790286524,2,0.0,0.06997806438353538,723181374915960576,159.27063225082318,23.104641982756647,15.931930541992188,0.8207597732543945,0.2964246678506531,giant,False,False
669,0.36840265460420174,21,0.03139013452914798,0.870933398937662,0.9646602921409547,0.07341740544300518,0.39613691993057043,2,0.0,0.07565976833682586,724648707542560000,160.34989243038282,25.649963939642934,14.284910202026367,0.9213829040527344,0.3740939836017381,giant,False,False
135,0.11611106744175459,22,0.16296296296296298,1.1833519777142285,1.0009528976987732,0.2308549526316492,0.394988617786526,2,0.01886925598493667,0.11611106744175459,721690746386069376,158.65630875150623,23.050123039793256,16.947511672973633,2.390993118286133,4.279695547129849,main_sequence,False,False
730,0.0972922396405752,26,0.03561643835616438,0.9516352946886759,7.340301854152384,0.03464639624969658,0.39486220069717737,2,0.0,0.06996593510533222,723245245373966592,159.71624472142008,23.85236145196065,16.627464294433594,0.7176074981689453,0.28917146362288404,unknown,False,False
680,0.07825163484291964,25,0.03676470588235294,1.1277568840811414,0.9972355052570461,0.051870117173676955,0.39423874552272,2,0.007300890449109956,0.07825163484291964,723471195013528704,161.51812128472164,23.90075657867023,15.862643241882324,0.7234001159667969,0.34311165041648883,main_sequence,False,False
588,0.09344287405540475,30,0.05102040816326531,1.0872688613155996,0.101262304606348,0.03359903951352987,0.3928684193598415,2,0.006206848077511885,0.07485259283860302,724086719662161920,158.8664620990872,24.360570829684438,16.450824737548828,0.8650350570678711,0.4503512385532012,main_sequence,False,False
693,0.10223273048082537,20,0.02886002886002886,1.0772132282364821,0.11100607432485556,0.050851592492587326,0.39103076290391736,1,0.0,0.08161181483419322,724322633625600000,158.02621013560665,24.731068489037572,16.840269088745117,1.7554712295532227,1.8058890560068994,main_sequence,False,False
676,0.09744407825324863,27,0.03994082840236687,0.957224248705608,0.11134888198955464,0.042277346685119496,0.3901356721453346,1,0.0,0.08212597477244288,724380667223675520,158.8260788371634,24.758936564934785,16.94622802734375,1.9473695755004883,1.751817152128714,main_sequence,False,False
655,0.08163795174569988,33,0.050381679389312976,0.8260106321228454,87.76103895394606,0.053889199286930846,0.3864284483884684,2,0.001907335022153741,0.07131641760632745,722982088433103744,161.10506689304464,22.954700680763775,16.842811584472656,1.8704023361206055,1.7834523558078283,main_sequence,False,False
726,0.10871934578818931,26,0.03581267217630854,0.9395034062894698,3.1094114074509043,0.04177046202200996,0.38385483961674216,2,0.0,0.06605263745147583,723427042749817600,162.01160050530427,23.706893969738577,16.825077056884766,0.9239463806152344,0.01050061932937992,unknown,False,False
719,0.14794428841535323,233,0.3240611961057024,1.0447054744175226,4.451006494575988,0.2448362246444218,0.38313700984759963,48,0.02270050165519751,0.14794428841535323,723400899284169472,161.8375878999108,23.56712812324292,16.396493911743164,1.9905080795288086,2.7331360187869387,main_sequence,False,False
654,0.08209116081946966,35,0.053516819571865444,0.8103858135042942,0.9973077749403413,0.09219513952436262,0.3828059378184213,2,0.007408106360363451,0.08206858768683256,722995660529758720,161.08126641029668,23.081082613898857,16.391918182373047,2.149198532104492,3.054591265594959,main_sequence,False,False
851,0.08225023916325913,23,0.02702702702702703,1.0139542282054963,0.19996072665971024,0.0350332559099632,0.3823804470368557,1,0.0,0.07737639858125656,723997762299550720,159.44965789743344,23.84015143014399,16.767385482788086,0.9290561676025391,0.5473826555619113,main_sequence,False,False
670,0.10657477951548222,30,0.04477611940298507,1.041940941403086,0.10999029328189505,0.04888163242373414,0.3814181117712802,1,0.0,0.07804388750627145,721697614038346880,158.85127980513724,23.105653996696763,16.959569931030273,1.2395076751708984,0.7182492466398733,main_sequence,False,False
575,0.08069159241215496,20,0.034782608695652174,1.0366479796211974,0.9973140172606244,0.09729775223751054,0.38105588773260923,2,0.007173758280320221,0.08069159241215496,722464940011297536,158.3867213185663,23.332514630060672,14.405807495117188,0.9153852462768555,1.346824816776011,main_sequence,False,False
852,0.08999835791501432,17,0.01995305164319249,0.9586418342758065,0.11143602247442051,0.025182181613144894,0.37970106839400847,2,0.0,0.06202458362262586,723991126574561408,159.34006432717575,23.75751272900664,16.224002838134766,1.428192138671875,1.3419421886316751,main_sequence,False,False
672,0.09153545206040548,28,0.041666666666666664,1.0059912022539346,0.4986323557854682,0.07422285879203207,0.3796926831936343,1,0.0,0.08158826560117993,724599431382612992,160.1494157145305,25.294024792586608,16.21674156188965,0.7685270309448242,0.5143322500005258,main_sequence,False,False
669,0.09125686301137015,31,0.04633781763826607,1.076765770135658,0.10206461595381743,0.03217057826296269,0.37880298102047044,1,0.0,0.07375656248142048,724631287155206784,160.4567110581533,25.486316401594582,16.842073440551758,1.010171890258789,0.5043652297168647,main_sequence,False,False
132,0.09815273613850939,7,0.05303030303030303,1.1020004149529596,0.9972919065234321,0.17124058116180776,0.3782760555346576,1,0.005205998975977435,0.09815273613850939,724859573256941824,159.7811561827062,26.086789361776678,14.319510459899902,0.9247360229492188,1.373600537179343,main_sequence,False,False
602,0.07500701314934188,13,0.02159468438538206,0.9941204466074732,0.2695665605677755,0.03378071586278626,0.3758115093490276,1,0.0,0.07468193710641036,723102381877080192,161.0007103581372,23.761105621589632,16.863391876220703,0.8214015960693359,0.45311385315855884,main_sequence,False,False
721,0.08870858276777549,27,0.03744798890429958,0.972928594108257,0.14628731772835038,0.032491797815829615,0.37511476418807255,1,0.0,0.07420395744095065,723911171463504128,161.32032621427967,25.38197837326117,16.679443359375,0.6589927673339844,0.11627212628166494,unknown,False,False
769,0.55943985338813,16,0.02080624187256177,1.0190655896211533,0.9973077749403413,0.07462198439357527,0.3739063672100478,2,0.0,0.06550692374302258,724191168971157376,159.26900003394894,24.646606646132565,13.164822578430176,0.8985748291015625,1.2997197167949253,giant,False,False
833,0.12378662137074548,27,0.03241296518607443,1.0377009976017872,0.21725341698167733,0.031512458238528954,0.37353546882133315,1,0.0,0.0723796234279932,724804941272982528,159.5879903927941,25.48384475159009,16.52196502685547,0.7858200073242188,0.35350545437029457,main_sequence,False,False
705,0.08527458882979,24,0.03404255319148936,0.9681322559135359,0.1656730749131807,0.038742226316652584,0.3727344278314989,1,0.0,0.07398107164404177,724778999670397952,161.2719037880043,26.36377974613047,16.54948616027832,2.4784698486328125,4.492702694323702,giant,False,False
571,0.0934046650244108,18,0.03152364273204904,1.1756563102138253,0.16287340090550542,0.04739645857620364,0.3723609031171812,1,0.0,0.07031196856347621,722471842023241600,158.43094234916165,23.43608213072656,16.81574058532715,0.8816871643066406,0.5079386946249733,main_sequence,False,False
833,0.09012333314003373,28,0.03361344537815126,0.9585564995915831,0.9646602921409547,0.10451992783781686,0.36790607648959484,2,0.0,0.06732149478276761,724445091733061760,159.29899602304943,25.56904723253966,14.318537712097168,0.8678874969482422,0.737410822901472,giant,False,False
517,0.11101298804739645,18,0.03481624758220503,0.8843005675159515,0.12302701453773701,0.046865546934259546,0.36716388331332805,1,0.0,0.07259862385012028,722697005684027904,157.64237306864476,23.551668230025598,16.49785041809082,1.2816352844238281,0.946442368647503,main_sequence,False,False
674,0.09120942155620082,14,0.020771513353115726,1.1296512436179453,0.14251805716665292,0.04096862686031853,0.36506065229438406,1,0.003576529676974513,0.07219195063220285,723076783872041600,161.1481789954173,23.455438628078475,15.6220703125,1.581934928894043,1.5769680276987388,main_sequence,False,False
668,0.6239821550873375,29,0.04341317365269461,1.072525708220325,0.9973077749403413,0.057777986539642445,0.3646971679924742,1,0.0,0.07103486240932977,724751889836838912,160.49222252541065,25.95041030586754,13.473610877990723,0.8156328201293945,1.2768208937881913,main_sequence,False,False
583,0.0950623863482708,34,0.058319039451114926,1.128991962807763,0.4992302152918938,0.05493613261077197,0.36454771615025583,2,0.009303447398931452,0.06817619721844825,722459992208973952,158.38920456471675,23.262896563658256,16.263654708862305,1.1218376159667969,0.7575693992624917,main_sequence,False,False
595,0.09403128674469363,36,0.06050420168067227,1.1565055117593999,0.4986154640863007,0.06418805641612405,0.36440794214523065,2,0.012751829064041903,0.07317478627498364,723527480560263808,161.6328134849496,24.43973311563368,15.875494003295898,1.6656579971313477,1.807416168460967,main_sequence,False,False
657,0.15547709679766197,25,0.0380517503805175,1.0896361002652302,0.5020339646662786,0.05460754609165766,0.3601549373978839,2,0.011702845798760464,0.07041216438488918,724709043243097600,161.5079244681584,26.011269765167615,15.78463363647461,1.3754959106445312,1.6410350161991558,main_sequence,False,False
515,0.07675267926852714,14,0.027184466019417475,1.1007524800190351,0.9972506950927474,0.05676667357833543,0.35831524287406646,1,0.007113103398523269,0.07675267926852714,722496928927701376,157.74396735593365,23.315140808277416,14.988147735595703,0.7425746917724609,0.8532953597301045,main_sequence,False,False
650,0.06521678840801393,10,0.015384615384615385,1.2040193958680632,0.994410764066451,0.03855983030645574,0.3570613548488511,1,0.002701082289820296,0.06521678840801393,724690385905178880,160.99981803988004,25.79608425436478,15.011238098144531,1.265390396118164,1.7107222108464462,main_sequence,False,False
584,0.10825165500398792,8,0.0136986301369863,0.9084547209907908,0.13504674220824253,0.038318887124307054,0.3567504039769922,1,0.0,0.06687326622689016,722537198541030784,157.99586365368532,23.754820346227657,16.274429321289062,1.208735466003418,1.243510211345442,main_sequence,False,False
762,0.09311266680613284,16,0.02099737532808399,1.0437568133875457,0.9971632460470047,0.04116783788061976,0.35624522362220584,1,0.0,0.06586919096314958,723126674212461696,159.7854190000239,23.12018943816521,15.762312889099121,1.7269744873046875,2.4187576144345457,main_sequence,False,False
837,0.07956178823288595,27,0.03225806451612903,1.0756973842420137,0.9973077749403413,0.09247623000022731,0.354537744871467,2,0.00703637583732018,0.06713877867454776,724438627806974592,159.2082504880417,25.35182279880352,15.099146842956543,1.2751808166503906,1.6624932006175042,main_sequence,False,False
691,0.08907991080164668,7,0.010130246020260492,1.0006117293838077,0.4992483859120461,0.03469082770432106,0.35307351223111916,1,0.0,0.0647547309320825,722330009318640384,157.85911496110072,22.836112667448372,15.846356391906738,1.6576776504516602,2.0905388883903337,main_sequence,False,False
92,0.08456990893927052,3,0.03260869565217391,0.9870478564705525,1.8698348626241734,0.18486998492184567,0.35289746478579276,1,0.0,0.08456990893927052,724529479250467968,160.59931850605292,25.007616582176148,16.516630172729492,0.8590459823608398,0.43409647988435346,main_sequence,False,False
680,0.06722106892741897,7,0.010294117647058823,1.0279671349029524,0.333657964862157,0.06820729254990929,0.350250263231354,1,0.0,0.06722106892741897,723088947219376768,161.09904504379824,23.660467988236874,15.995999336242676,0.8067407608032227,0.6268175863250444,main_sequence,False,False
693,0.0856601335610021,18,0.025974025974025976,1.1873461951301256,0.9973140172606244,0.08147962168617065,0.3473390292538279,1,0.005667491378358837,0.07097556684718298,724370080129227392,158.31110559289874,25.115364782235513,13.367877006530762,0.8649873733520508,2.2456220133666056,main_sequence,False,False
1095,0.10236191201283329,27,0.024657534246575342,1.1355010671138166,0.9972224480879821,0.06766326261478717,0.3462001633792088,1,0.0035011974710430836,0.06714970759556405,722917556549374464,159.79792148962983,22.626444883445753,14.215653419494629,0.8476581573486328,1.4306508828325606,main_sequence,False,False
475,0.07767764304115332,17,0.035789473684210524,0.8535708283679657,0.9972221183108714,0.09946241543270036,0.339695641783374,1,0.007733874826698916,0.07767764304115332,723976699779959680,158.68378378174754,23.681160889065737,14.39181137084961,1.0499382019042969,1.7257712256841458,main_sequence,False,False
450,0.08681308475493632,11,0.024444444444444446,1.0955414122334943,0.4981450189639374,0.07713904946240444,0.3380643807488975,1,0.0061255933182508444,0.06934576065074782,723249853874462464,159.62429343172806,23.94555356635605,14.848477363586426,0.9140329360961914,1.0116363824125527,main_sequence,False,False
165,0.08598785182276325,7,0.04242424242424243,0.8603597869958026,0.1234149235392095,0.14933572591786493,0.33757190435814627,1,0.009733280666030316,0.08598785182276325,724763911450060672,161.0480491316032,26.058100966776745,14.793633460998535,1.062565803527832,1.5885503572949562,main_sequence,False,False
764,0.07868603100702343,17,0.02225130890052356,1.1143007344108953,0.9972221183108714,0.052407940609340814,0.33513361292840316,1,0.0,0.05617556663818457,723973847921671168,158.8161423075524,23.615059816230286,16.109609603881836,0.9904108047485352,0.8357577373690942,main_sequence,False,False
686,0.09396828523859135,23,0.033527696793002916,1.0810724907739069,0.5346305398400113,0.030958671926847876,0.3345895251606086,1,0.0027075287454089124,0.057559719203730264,721696175224726144,159.0212058668982,23.166018015707543,16.242029190063477,0.9903450012207031,0.7067671910434324,main_sequence,False,False
730,0.12967388330735774,27,0.036986301369863014,1.0936858421325844,0.2561509148845376,0.037401712910992445,0.33393224786330117,1,0.003493401306365135,0.05882874196812027,723243772200777216,159.69533451919742,23.770810162858954,16.404489517211914,0.9918394088745117,0.4104391357378516,main_sequence,False,False
482,0.07475642070875044,10,0.02074688796680498,1.2028794991612566,29.53410989006092,0.06066847163014356,0.3335843858538953,1,0.0,0.054240657673498394,722868563857497984,160.54926270650694,22.500140235846263,16.219993591308594,0.7398481369018555,0.3625787094041603,main_sequence,False,False
523,0.09976806317861764,11,0.021032504780114723,1.214833167502266,29.53410989006092,0.049982095828739734,0.3334867946953818,1,0.004909941670508166,0.05896526106120248,721327082915232256,160.210208369639,22.01870340358877,15.248185157775879,1.0314722061157227,0.7708806032277788,main_sequence,False,False
680,0.06940536594255298,9,0.013235294117647059,1.256721397019631,0.9972355052570461,0.10231628101152973,0.33269796421016373,1,0.0,0.05793657265843155,723085957922134144,161.30150929287575,23.659649565571904,14.098601341247559,0.5633630752563477,0.5204919608660915,giant,False,False
670,0.12037055225709703,16,0.023880597014925373,1.2542449535380764,0.9972221183108714,0.10119992555733034,0.3324331880475587,1,0.0,0.05773755963344407,723447422369884800,161.9872958454424,23.99801286276332,14.144301414489746,0.9542303085327148,1.7293793119185696,main_sequence,False,False
719,0.08600805567063285,21,0.02920723226703755,1.0737098755413217,0.21334717996044766,0.03669936098297783,0.3312160339048288,1,0.006963830172146937,0.06265944419868397,724478863060840320,158.4783564661195,25.48455260927378,16.544483184814453,0.7896690368652344,0.35008185422920907,main_sequence,False,False
668,0.188710124928538,10,0.014970059880239521,1.1395083235687031,0.9973077749403413,0.08030118243829229,0.3298323740409723,1,0.0,0.05686127765809024,723935502453388544,161.8931519102553,25.706778039742325,13.42078971862793,0.8064031600952148,1.4459139122632658,main_sequence,False,False
482,0.09770808891210747,10,0.02074688796680498,1.0644280299905204,29.53410989006092,0.09123915599683152,0.3296963562235631,2,0.008751534004553559,0.05858398083978322,722869800808075776,160.64314495269394,22.53718132465908,15.140456199645996,2.0343542098999023,4.23224529712645,giant,False,False
583,0.07002788185009268,17,0.029159519725557463,1.0425259923096744,0.12749295450340778,0.051799916186506374,0.32913517160679184,1,0.006621970858937225,0.06411301448572426,723000814490494208,160.89291625233903,23.18094103799096,14.368398666381836,1.4378175735473633,3.4538146204756814,main_sequence,False,False
691,0.06747079919084853,13,0.01881331403762663,0.9448734392351236,0.1123977823623504,0.04321032161788175,0.3285498807411772,1,0.005813559828357687,0.06277367207865359,722407215650868608,158.21832562745473,22.77490388274853,16.046785354614258,2.226128578186035,4.6630401559188135,main_sequence,False,False
762,0.12933578294223247,14,0.01837270341207349,0.8451422371193676,0.9972355052570461,0.057307652532914574,0.32818347949299276,1,0.00839460007683523,0.06789393036031155,723126502413768960,159.80890285878814,23.11757918865355,15.048440933227539,2.383049964904785,5.0342400607640565,giant,False,False
646,0.07851192367559445,14,0.021671826625386997,1.0367396066919203,0.12448897485736055,0.0603544933116882,0.32770061194773514,1,0.006824206447173928,0.06503317774172712,722720125492685312,157.5237249319217,23.841559463200596,16.25733757019043,1.09185791015625,0.8217206165131155,main_sequence,False,False
584,0.17568353230959277,7,0.011986301369863013,0.8094550804778762,0.22907424633234633,0.037647722470685506,0.3264546604993491,1,0.0,0.053418666429656536,722511016420396416,157.84191913534764,23.616603049769495,15.915678977966309,1.455307960510254,1.6725077685878238,main_sequence,False,False
668,0.16562440642880316,11,0.016467065868263474,1.0019269458020785,40.859025868332814,0.04155240565755266,0.3264225930979965,1,0.0,0.05387030796197245,723337849164479360,160.12095841759242,24.111729557926896,15.370462417602539,1.0342597961425781,1.206227431101091,main_sequence,False,False
761,0.09632089619947426,23,0.030223390275952694,0.8811819016243653,0.11839227699213628,0.029185575483619983,0.32607301057036575,1,0.0,0.05213030141858166,722915602339304576,160.15053148933808,22.81010360956728,16.769611358642578,1.687185287475586,1.4958795756461556,main_sequence,False,False
419,0.12384693614485431,31,0.07398568019093078,0.9774915816863556,0.5042224108813134,0.09924352598690446,0.32536546607393124,1,0.007466357768028748,0.0709724693415098,722700338578649856,157.6138465487716,23.5884104877417,16.827484130859375,2.5012197494506836,4.386344338785044,giant,False,False
610,0.0696301242898486,14,0.022950819672131147,1.1769159520483026,0.157026872818653,0.049169517094708445,0.32443864566305536,1,0.009961799648030798,0.062555857034998,723798780759293824,160.91520093103523,24.950398345534204,15.03783130645752,1.0815916061401367,1.1259078021703148,main_sequence,False,False
711,0.1080277979018619,23,0.03234880450070324,0.7922938998516228,0.9972355052570461,0.1129324055587798,0.32273643855782375,1,0.0,0.061742423628878385,724145230001303168,160.11563084747073,24.663704040417393,14.328085899353027,1.433359146118164,,unknown,False,False
584,0.11219940449235655,26,0.04452054794520548,0.9769990264921362,0.5042218598678356,0.04426152391232699,0.32258132737091594,1,0.0020928669928740487,0.05535517008378066,724045453616396800,158.46503854452305,23.983956128722415,16.375394821166992,0.7616500854492188,0.40930425098218315,main_sequence,False,False
539,0.19962547700992694,20,0.03710575139146568,0.9285250176587505,0.16689838757996303,0.04749101573179819,0.32128201036945764,1,0.0110084614328332,0.0670094262003662,722753630532800384,157.80612228341516,24.115283717290183,15.418628692626953,1.7200183868408203,2.6947896767382136,main_sequence,False,False
669,0.4730525053712582,18,0.026905829596412557,0.993001851568289,0.9646602921409547,0.0581269989337786,0.32057977604760457,1,0.0,0.0535372981151786,724641625141466880,160.15257307597824,25.58457171884255,13.110191345214844,2.3257036209106445,16.55868409742357,giant,False,False
723,0.09072956122611098,18,0.024896265560165973,1.1406543381190946,0.11125224437116783,0.037290053029342476,0.3197642563754671,1,0.005236707810878186,0.053627412689599474,724701518460424192,161.55820059074605,25.81668394199124,16.162214279174805,0.8625450134277344,0.6405647703214409,main_sequence,False,False
674,0.5800317370054355,14,0.020771513353115726,1.4616813644388826,0.1412617478229647,0.026834130356478844,0.31965064275938926,0,0.0,0.0,724403516449672320,158.8990425615417,25.03499288454434,15.995851516723633,0.8612260818481445,0.682837619474489,main_sequence,False,False
668,0.061652787929314945,9,0.01347305389221557,1.0782979497551637,1.0350373961640489,0.05401859189327493,0.3188474706974338,1,0.008685938231002473,0.061652787929314945,723933165991182848,161.76029449800302,25.622137507177303,15.314865112304688,1.3126487731933594,1.4908208477153453,main_sequence,False,False
755,0.06446389676453634,13,0.017218543046357615,0.8350234453989386,0.49921117634441625,0.06149673603036004,0.31777523209139613,1,0.006952303256329526,0.06194757176595267,721679545111365248,159.19622776772735,23.04685706538115,15.448399543762207,2.1314334869384766,4.545558624616992,main_sequence,False,False
584,0.17182343702759306,9,0.015410958904109588,1.05213249763177,0.9971690122830408,0.06669049244798954,0.31763197584214325,1,0.0,0.05199022369939732,722729269478345600,157.84018449330082,23.86960780196817,15.081365585327148,1.0018424987792969,0.3836919631718034,giant,False,False
755,0.07838231473002666,23,0.030463576158940398,0.7785684144623559,0.14238681937827316,0.048741772751019076,0.3157751841566474,1,0.007869642119321016,0.06059116573819834,721678853621397632,159.13176536100275,22.97962089493448,16.467214584350586,2.1415061950683594,2.393569503921555,giant,False,False
498,0.07327050824850312,11,0.02208835341365462,0.7619265835887883,0.12479082609090028,0.04814523676173694,0.315287061356215,1,0.007209210358992876,0.05942276329193297,723011740887285632,161.304548504443,23.249176693595942,16.40279769897461,1.440556526184082,1.0910674684070418,main_sequence,False,False
630,0.7814033933318854,5,0.007936507936507936,1.3966540922361983,0.9972944133562682,0.03137394414610104,0.3143870622903416,0,0.0,0.0,724682135272754816,160.86607395668779,25.674335081658892,13.153597831726074,0.9578838348388672,2.9129677485034193,main_sequence,False,False
639,0.1159309231368596,39,0.06103286384976526,0.8236404927284168,0.1681823752605943,0.04730101094379929,0.31368832055586254,1,0.013403981940877848,0.06680466308601585,723706185559783296,161.0472656312524,24.563394470843757,16.22327995300293,1.9607152938842773,3.128861308553954,main_sequence,False,False
701,0.6326281798384312,7,0.009985734664764621,1.3791014511071142,0.9971632460470047,0.031242757282540622,0.31337325988166465,0,0.0,0.0,723734291825752448,161.4116234129081,24.67664901191627,14.000061988830566,1.0405693054199219,0.47904086327021145,giant,False,False
89,0.06622022325788501,5,0.056179775280898875,1.3317451682150692,0.1803515022294578,0.25132251256417815,0.31127379570819,1,0.0,0.06622022325788501,724728215977132544,160.66640787828467,25.68501421230986,15.480511665344238,0.5733509063720703,0.4241125556083246,main_sequence,False,False
646,0.47254856283933855,10,0.015479876160990712,1.3295531723957847,0.9973140172606244,0.03314947073298803,0.30982834912385065,0,0.0,0.0,722761705071343872,157.22024303178702,23.8703229997671,13.602161407470703,0.7110586166381836,0.795288996042845,giant,False,False
701,0.5249264625699153,8,0.011412268188302425,1.3429606440339952,0.9971632460470047,0.03601413638221407,0.30977339772737544,0,0.0,0.0,723735146523529728,161.31512533601256,24.69980792996766,15.07672119140625,0.9383859634399414,1.210402565955406,main_sequence,False,False
623,0.07313768644374796,10,0.016051364365971106,0.865581501746485,0.10008119289470331,0.04793388052175592,0.30745966341650083,1,0.005711325755455816,0.053959031546791936,724259858383636352,158.07609611301046,24.34194513829718,15.292243957519531,1.0636463165283203,1.2019148110025657,main_sequence,False,False
762,0.08247894309637271,7,0.009186351706036745,1.2579832435113418,0.2035573443136382,0.03700128562454095,0.3043786089233182,0,0.0,0.0,723118767177102336,159.83810867644382,22.90406070771239,15.35234260559082,0.7737598419189453,0.5971243361603217,main_sequence,False,False
670,0.5659856989804015,11,0.016417910447761194,1.3683012260171792,0.9972221183108714,0.027399412887492102,0.30076052324576086,0,0.004372575483007416,0.0,724685880484305920,161.01305798074304,25.770791631794605,15.49654769897461,1.1815919876098633,1.0974404654733154,main_sequence,False,False
670,0.11954834934680614,14,0.020895522388059702,1.1616140458430366,0.9971498337462203,0.08148281899364854,0.2998460804632118,1,0.006520311547077011,0.051833096199392026,721688439988159872,158.78676307775564,23.035783025701168,14.71798324584961,0.5101490020751953,0.3973688555202397,main_sequence,False,False
693,0.06378086769342661,8,0.011544011544011544,1.1895419086605175,0.9646303355175604,0.043738888522097466,0.29825084796300183,0,0.0,0.0,724360528121562368,158.10410097131185,24.89965966090838,15.359664916992188,1.1213979721069336,1.4177052989549337,main_sequence,False,False
833,0.11658863116352469,23,0.027611044417767107,1.2181899090348423,1.0351931133781498,0.04986573919678791,0.2981316727830542,0,0.0,0.0,724444125365346304,159.25312570774884,25.480298040782852,15.889286994934082,0.9970674514770508,0.8821728279897058,main_sequence,False,False
567,0.0864821454137592,4,0.007054673721340388,1.2038735865345587,0.5034244378198213,0.049558642277654615,0.29736482250877716,0,0.0,0.0,721568356998055808,158.95828767498443,22.255006257762854,14.279818534851074,0.9163990020751953,1.8056635423865617,main_sequence,False,False
723,0.07411846282761747,5,0.006915629322268326,1.2002228629312333,0.9645926764365685,0.050470819481363643,0.2968721259314649,0,0.0,0.0,723940518975200256,161.4444000612614,25.555975666874026,15.209831237792969,0.7880716323852539,0.6128700160661604,main_sequence,False,False
1209,0.19679947439176293,15,0.01240694789081886,1.1507360903724397,0.1674273482977088,0.022518483552484304,0.2962794554195052,0,0.0020030549790319477,0.0,723662205094542976,162.2735708860541,25.055157477483746,15.561372756958008,1.1434593200683594,1.233905981704229,main_sequence,False,False
711,0.10616029999062915,18,0.02531645569620253,1.0833783188347998,0.11340112840267909,0.031302248075221396,0.29561202470752157,0,0.0,0.0,724145474814595072,160.13690434684457,24.700820866319646,16.79248809814453,0.7956123352050781,0.26538967807693997,unknown,False,False
694,0.11896089710886049,21,0.03025936599423631,1.1470362623728332,1.0351152489147826,0.04426980394690945,0.2955412345582972,0,0.0,0.0,723842348907406208,161.8422882424128,25.123743359989035,16.064767837524414,1.6254463195800781,1.258813056209368,giant,False,False
852,0.07818059099700891,7,0.008215962441314555,1.0713380547388862,71.74694331912248,0.031379312809925446,0.2948664894413555,0,0.0,0.0,723992161662201216,159.30969433626288,23.785630160845095,13.777007102966309,0.835749626159668,1.3947972991910116,main_sequence,False,False
584,0.17490854765796282,6,0.010273972602739725,1.1286500503386299,0.9972415095006812,0.04291556312071158,0.29484433408410426,0,0.0,0.0,722509637735483520,157.90311887258002,23.564587072764134,15.800268173217773,0.7957935333251953,0.36582316165681306,giant,False,False
721,0.0815276641520567,24,0.033287101248266296,1.1140024420016965,0.10928907042465422,0.0302469201807316,0.2945780301724856,0,0.001062680097798893,0.0,723896297991939584,161.6090739171499,25.32728906532526,16.43067169189453,0.9081020355224609,0.43203674497019445,main_sequence,False,False
723,0.2540096251824929,10,0.013831258644536652,1.3270856227483188,0.9973077749403413,0.04420822926196577,0.2944557928465911,0,0.003968958579906091,0.0,724702446173333248,161.5094599176136,25.849558984323323,15.307412147521973,0.8513689041137695,0.585164760651729,main_sequence,False,False
691,0.08400985749737455,9,0.013024602026049204,1.0790045587043622,0.1176035524146677,0.03705060975999038,0.2936250905942646,0,0.0,0.0,722434394203897728,158.26127195905497,23.105846756161746,15.984542846679688,1.0537757873535156,0.9242957042107813,main_sequence,False,False
716,0.07944063608191698,16,0.0223463687150838,1.035924566205743,0.1990093700422812,0.02929046591325675,0.29336833419836755,0,0.0,0.0,723322627800425216,160.05076726689492,23.754266930352976,16.802797317504883,1.0798683166503906,0.6957258218821327,main_sequence,False,False
693,0.0857083362774188,10,0.01443001443001443,1.1289635222243959,29.46120290665497,0.04810667592841939,0.29330580855493793,0,0.0,0.0,724353896692537344,158.29657483409306,24.892332423627963,16.306455612182617,0.7335720062255859,0.14620764181865362,unknown,False,False
755,0.08554485442606208,6,0.007947019867549669,1.0853969240585128,0.9997711920562045,0.039452893273738424,0.2932879474613892,0,0.0,0.0,723128632717561088,159.46885734492514,22.948758822711607,15.79405689239502,0.8551416397094727,0.5903495306601396,main_sequence,False,False
701,0.07959747802316264,8,0.011412268188302425,1.035064829331443,0.3289523570848891,0.029726734310040318,0.2931858694668745,0,0.0,0.0,723628047219420416,161.89726221239792,24.759386618519088,16.739784240722656,1.7882356643676758,1.646728033987426,main_sequence,False,False
584,0.12091369980629796,6,0.010273972602739725,1.1657823503865083,1.003589377299626,0.05689569881502649,0.2928782313786825,0,0.0,0.0,722521049464010240,158.31470676915777,23.540386376194387,13.689461708068848,1.160451889038086,0.1853570468422128,giant,False,False
833,0.1886733605965789,22,0.026410564225690276,1.0343559985743778,0.27441646700408856,0.03176506767064119,0.2925318396132703,0,0.0,0.0,724830814155957888,159.5041388490346,25.82112798205405,16.98740005493164,1.6240406036376953,1.188882157300293,main_sequence,False,False
852,0.09365307842044224,14,0.01643192488262911,0.9466327193571565,0.11137559705628937,0.027419050430698193,0.2917742848707905,0,0.0,0.0,723238412081603712,159.34402407022674,23.657241413723405,16.51576042175293,0.8694543838500977,0.49545514119727035,main_sequence,False,False
693,0.06410946310585952,4,0.005772005772005772,1.1813021730431388,0.4986313259568487,0.06388819146396903,0.2917116729433976,0,0.0,0.0,724294797942459648,158.37423262284003,24.668396367141547,15.533520698547363,0.7267999649047852,0.7918139246651769,main_sequence,False,False
646,0.09816684016002775,11,0.017027863777089782,1.054365488966778,0.1773078840792687,0.039553966140559206,0.29139573949583886,0,0.0,0.0,722713223480548608,157.30214720518106,23.77653403783607,16.742507934570312,0.9135951995849609,0.5733869704540661,main_sequence,False,False
716,0.1149152050093617,25,0.034916201117318434,1.0382551659969652,106.8382972168677,0.036467537838662176,0.29135504860821926,0,0.0,0.0,723277096851556480,160.37462854141134,23.721504742011295,16.88002586364746,1.556121826171875,1.0685386636530132,main_sequence,False,False
702,0.08127567354509768,12,0.017094017094017096,1.248316572264945,0.9646602921409547,0.04612339704504281,0.2912832467168106,0,0.003259576168524409,0.0,723623584748678272,161.95100998272545,24.66715290222261,15.902751922607422,1.1788196563720703,1.1334626052928738,main_sequence,False,False
728,0.10762776770152671,15,0.020604395604395604,1.0625848623095677,0.9973077749403413,0.04175137249238004,0.29122967999086,0,0.0,0.0,723171135713902080,159.93326957048674,23.358398911300267,15.366559982299805,0.9691524505615234,0.9902431052075962,main_sequence,False,False
67,0.07455168718206096,4,0.05970149253731343,1.345217974892496,0.12556984875405824,0.3552390339192205,0.2910746636692345,1,0.002905731864851298,0.07455168718206096,722471296562844416,158.61597582849666,23.522791486489176,14.989290237426758,0.8868179321289062,0.9123005212147375,main_sequence,False,False
755,0.12145186733726776,5,0.006622516556291391,1.1536163974837839,0.9973077749403413,0.060921165104855506,0.29094063431757033,0,0.0,0.0,723131347136896128,159.36311681816113,22.93845675893795,14.458029747009277,0.8436498641967773,1.1531392323883778,main_sequence,False,False
852,0.10367245275365555,11,0.012910798122065728,0.9368151656933267,0.2524944902338069,0.03027722854453965,0.2909168314366381,0,0.0,0.0,723993295533574656,159.1531265873964,23.740679273762325,16.150354385375977,0.8544235229492188,0.4733392651651977,main_sequence,False,False
716,0.11463375556935118,7,0.009776536312849162,0.982458674879011,0.1459104157131846,0.031020387259938307,0.2906938838220185,0,0.0,0.0,723283251540244608,160.31033284376838,23.845378356469716,15.531193733215332,1.2869224548339844,1.1593577402618778,main_sequence,False,False
761,0.11700557817665691,14,0.018396846254927726,0.9339942395098272,10.05375176129372,0.03244380607550291,0.2902668581773491,0,0.0,0.0,722914842130077056,160.10846420557817,22.758367469626677,16.498126983642578,0.8484439849853516,0.23028709073593073,unknown,False,False
691,0.07211165431694322,6,0.008683068017366137,1.0207413429234131,0.18358720253543212,0.037343083839592416,0.29004155542352705,0,0.0,0.0,722431336187194112,157.98591642143685,23.10205862215209,15.998300552368164,1.0058059692382812,-0.005336909130745204,unknown,False,False
655,0.07240903037521396,7,0.010687022900763359,1.0339893262843545,0.10104689860415537,0.04017177361686383,0.28998782749200214,0,0.0,0.0,722981195079902976,161.26847150386325,23.01228874321385,14.200788497924805,0.9589223861694336,1.8227979048261331,main_sequence,False,False
403,0.1034737047643659,16,0.03970223325062035,0.9199994193632322,0.16667503269029318,0.08086311457196821,0.28980459809113235,1,0.007665587467381646,0.053114835969794605,724201790425765888,159.62620412160211,24.751802607268907,16.211259841918945,0.82354736328125,0.32182079008294473,giant,False,False
646,0.08036832779366132,11,0.017027863777089782,0.9600677545036648,0.10293483386909148,0.034159513994750916,0.2897521458015747,0,0.0,0.0,722712673724254464,157.25596312672818,23.741377847153036,16.641334533691406,0.9660816192626953,0.6609305450143304,main_sequence,False,False
568,0.07382253901955016,6,0.01056338028169014,1.0551656409477503,0.10310973985566262,0.045467514497915466,0.2896696841074904,0,0.0,0.0,721582272692099584,158.752473695684,22.334768201865838,16.17295265197754,0.7872657775878906,0.40759971638845305,main_sequence,False,False
763,0.11313281878091408,24,0.03145478374836173,1.317223678252869,0.9972221183108714,0.07884615529224864,0.28940030061031996,0,0.0019930911657258577,0.0,724496180368672256,158.94289108981036,25.633243822860837,16.273332595825195,1.366124153137207,1.1670375312314776,main_sequence,False,False
689,0.12052753273113004,37,0.05370101596516691,1.097411061600403,0.19946957009424462,0.027328517890255755,0.28930446872116655,0,0.002780546535926967,0.0,722436210974482560,158.30255880947794,23.220117844329877,16.936458587646484,0.9977626800537109,0.027855779863682047,unknown,False,False
723,0.25033736689450603,12,0.016597510373443983,1.2225350441588285,0.9973077749403413,0.04252548272878908,0.28924040057022027,0,0.00378468575355758,0.0,724702854194951680,161.51715431409286,25.881809062160016,15.7366361618042,0.8398303985595703,0.6611019140204568,main_sequence,False,False
690,0.07039570842048248,3,0.004347826086956522,1.1097204448260378,0.4992302152918938,0.057918295062441456,0.2892077381708298,0,0.0,0.0,722334166846984064,157.807562820458,22.89706954700889,14.698995590209961,0.921905517578125,1.2112134936718406,main_sequence,False,False
599,0.1130215915720788,9,0.015025041736227046,0.9277667674208764,0.497928644830457,0.03652321736711019,0.2890430347898669,0,0.0,0.0,723581734587298560,162.84929123305832,24.655416759612237,14.815591812133789,0.8527126312255859,0.905884843978198,main_sequence,False,False
693,0.07575256069977876,4,0.005772005772005772,1.0587086160574746,0.4992665578549688,0.04873412014307996,0.28890228092052445,0,0.0,0.0,724292706293505664,158.28968186003092,24.59396346492602,16.161518096923828,0.8166704177856445,0.5418713803010916,main_sequence,False,False
727,0.08932185970044648,23,0.03163686382393398,1.1715598867742172,0.12659426775996874,0.03068706937391134,0.2887797927423401,0,0.00410255988397983,0.0,723159827064561408,160.148861224684,23.343078060366604,16.249868392944336,1.3244476318359375,1.5463449464755312,main_sequence,False,False
584,0.09458067439548024,4,0.00684931506849315,0.64891680880855,0.24662418840725372,0.03766786176988541,0.2886996414690344,0,0.0,0.0,722541248694822272,158.23546521105453,23.833746634772048,15.433690071105957,0.7039699554443359,0.3737857535822433,giant,False,False
701,0.08447805241185324,8,0.011412268188302425,1.0427301421028166,0.964727917325413,0.046377415243080394,0.2886505839532449,0,0.0,0.0,723733467192040448,161.16131121491262,24.738349951361442,15.815648078918457,1.1438140869140625,0.9898143494636026,main_sequence,False,False
693,0.060111187983292846,5,0.007215007215007215,0.9332690384614799,0.9646981784468804,0.03877719039011889,0.2883668428829643,0,0.0,0.0,724358294738734720,158.04083721446975,24.812338410929993,16.579700469970703,1.2089672088623047,0.8205883604746962,main_sequence,False,False
575,0.08242816999875835,9,0.01565217391304348,0.9802686178691526,0.24936363103998135,0.03957702538891564,0.28812689238332534,0,0.0,0.0,722504075753274880,157.87704395026506,23.433119993645533,15.218966484069824,1.5678653717041016,2.4588662307330464,main_sequence,False,False
575,0.0648123391032811,7,0.01217391304347826,1.0788383865911668,0.4986494530064775,0.05825858314990674,0.28725272825049797,0,0.0,0.0,722492874478563456,157.96167697543345,23.419683960083518,13.812564849853516,1.2169981002807617,3.1349735669562215,main_sequence,False,False
584,0.09513371261384496,8,0.0136986301369863,1.061310661539793,0.9972415095006812,0.0550915783598028,0.2871511661844467,0,0.0,0.0,722532078940033152,158.0720687303138,23.625818663128378,14.029241561889648,0.8980321884155273,1.246470586449351,main_sequence,False,False
765,0.08062615599964429,11,0.01437908496732026,0.9766042195684854,0.9970775596600364,0.044644151835602705,0.28660675444931916,0,0.0,0.0,724036073407810816,158.8626882938676,23.998076688956104,14.61145305633545,1.0757312774658203,1.711673344278734,main_sequence,False,False
762,0.07971130310123775,8,0.010498687664041995,1.2194306416564433,0.9972355052570461,0.08937396437548535,0.286353649186741,0,0.0,0.0,722929105716487808,159.8844835511216,22.79711076617698,13.722026824951172,0.7652349472045898,0.7924256775235153,giant,False,False
730,0.09458469389068003,12,0.01643835616438356,0.9889851685169132,0.14229553804502976,0.04621484005309347,0.2861355479840719,0,0.0,0.0,723340151266996352,159.88512293406973,23.90130564145995,16.013832092285156,1.8329839706420898,2.4316874602802785,main_sequence,False,False
525,0.060035386897772436,7,0.013333333333333334,1.0432439878045223,0.9645685432406169,0.057344197772789665,0.28539137993643443,0,0.0,0.0,721406075953723136,159.4788981058681,22.312739817621054,13.559980392456055,1.2305145263671875,2.936164215686467,main_sequence,False,False
691,0.06600584154549416,7,0.010130246020260492,1.062550403007279,0.4992302152918938,0.06920198816281761,0.28299242773159144,0,0.0,0.0,722481295246743552,157.8235452076293,23.180067488330447,15.3961181640625,0.7872858047485352,0.6634465736176393,main_sequence,False,False
716,0.08327659400344534,3,0.004189944134078212,0.8857508635064731,0.24964547220025896,0.0576251441696503,0.2827124567491049,0,0.0,0.0,723272015905812992,160.03949357025127,23.57373951444533,13.970602035522461,0.757476806640625,0.7834500629668821,giant,False,False
575,0.06825841312109049,14,0.02434782608695652,1.167951974488086,0.5013285431793171,0.042202648273249974,0.28189007774653363,0,0.005175415413592172,0.0,722502628348798592,157.8124145768548,23.35812587037538,15.257739067077637,0.734166145324707,0.6402913657270323,main_sequence,False,False
693,0.0694921870676638,6,0.008658008658008658,1.1263278063709818,0.9972415095006812,0.08947843636808454,0.28073613747183357,0,0.0,0.0,724321980790573824,157.9832040475005,24.680603753335138,13.974781036376953,0.7678146362304688,0.9465435595511651,main_sequence,False,False
680,0.06705895586418342,8,0.011764705882352941,1.0078079228445882,1.0001344860682633,0.04306681623290123,0.2795893301264061,0,0.002653033458132935,0.0,723038816361114368,161.36810002150068,23.636136486592562,15.503851890563965,1.429931640625,1.6170234015259284,main_sequence,False,False
762,0.10111991208018578,26,0.03412073490813648,0.9890720971233756,0.4992292861408358,0.041044109588231015,0.27829161177571077,0,0.003131718449273307,0.0,723120558179054976,159.8413903450334,22.951518736015743,16.527694702148438,1.7596263885498047,1.5478732720898547,main_sequence,False,False
517,0.10335624505985441,20,0.03868471953578337,1.000187513542062,188.9439137475844,0.0456902518484581,0.2779701747818897,0,0.002778000158698853,0.0,722741634688937088,157.68506787809883,23.92269318535572,16.438106536865234,1.661581039428711,1.6077410695778587,main_sequence,False,False
852,0.08853549640107627,13,0.015258215962441314,0.9866877542824672,0.14340766437352523,0.03366222505222188,0.27713114520470306,0,0.004256729093210133,0.0,723209859139022080,159.3552972087388,23.49388966038819,15.03767204284668,0.7656278610229492,0.538732519651439,main_sequence,False,False
655,0.08112979808163423,23,0.035114503816793895,1.1474359492894406,0.999698564923042,0.05084566080059836,0.27622997987539094,0,0.005787492947265315,0.0,723007274121321472,161.39556282821565,23.156043992721443,15.936400413513184,0.8188552856445312,0.3913368056831688,main_sequence,False,False
672,0.08401891834054342,24,0.03571428571428571,0.8278414739207696,0.9973077749403413,0.13291847594645448,0.2759853857255363,1,0.00741765807497506,0.05357966297105787,724602253176296192,160.0558388974738,25.348023798070955,14.884770393371582,0.9680147171020508,1.3513167149016152,main_sequence,False,False
721,0.09182663650431655,26,0.036061026352288486,0.9879168119689442,0.24967717734891223,0.03707589923514019,0.2749245077765513,0,0.004650907484302195,0.0,723898290856767360,161.491171952823,25.327553873271604,16.581295013427734,2.167634963989258,3.215004620053843,main_sequence,False,False
699,0.0700017228735288,7,0.010014306151645207,0.9349391914409222,29.60717133205488,0.042874641047969446,0.27439268352116924,0,0.004248308054813301,0.0,723888429611861760,161.3304231233156,25.118002593031544,15.489102363586426,0.7783679962158203,0.36686430374125734,giant,False,False
691,0.09683670361592578,14,0.020260492040520984,0.9276213983768107,0.4992483859120461,0.054895665906019,0.27424689243743705,0,0.0030948025969190903,0.0,722315131551284224,157.92799636927245,22.714286519164503,15.953340530395508,1.859074592590332,2.1642134992029254,main_sequence,False,False
319,0.06119156281747029,6,0.018808777429467086,1.199312300445868,1.249363232593816,0.08043068860544898,0.2740770980487095,0,0.00458414446546929,0.0,721383879562744960,159.26025940194634,22.266573936266845,14.464675903320312,0.8390464782714844,1.246905276850381,main_sequence,False,False
719,0.07199389774975207,10,0.013908205841446454,1.0400287997688145,0.9972355052570461,0.04331371518531203,0.27374587168400205,0,0.005220580582177732,0.0,723420312536345472,161.83920031491328,23.827436364613547,15.056159973144531,0.9507942199707031,0.8064965563389181,main_sequence,False,False
852,0.09110980987783102,17,0.01995305164319249,0.9838213297332976,0.999698564923042,0.03599594351523034,0.27298855839624075,0,0.005404219516396716,0.0,723239988333984896,159.4705610461271,23.746068592415092,15.686180114746094,1.9313421249389648,2.6456810496963103,giant,False,False
721,0.14023761621388853,14,0.019417475728155338,1.0781766511010191,0.3054290642761292,0.039687584336051664,0.27287548293396147,0,0.006636280277094712,0.0,723903754055171712,161.34522754942256,25.2705472170536,15.933582305908203,1.180314064025879,1.2170151684546113,main_sequence,False,False
467,0.06329399585818052,6,0.01284796573875803,0.9606879732566561,0.997294743157167,0.09254135265008939,0.2722375942049732,0,0.0,0.0,721347114642674304,159.82788673900612,22.1957921628296,15.46172046661377,0.8090372085571289,0.49761221977785824,main_sequence,False,False
699,0.4012875075806702,18,0.02575107296137339,1.2651962094995568,0.9972355052570461,0.07427521630814224,0.27177536651585465,0,0.0072846137205586975,0.0,723719688936941696,161.60543775676248,24.62917509650543,14.168340682983398,0.8496866226196289,1.2166882493578324,main_sequence,False,False
721,0.09396594867464181,10,0.013869625520110958,1.0542483315971343,0.9973077749403413,0.04292588275929845,0.2710619193270911,0,0.006438405246982458,0.0,723899454792631296,161.6047314763197,25.37589361226483,15.922141075134277,0.8173122406005859,0.49151843935074613,main_sequence,False,False
1096,0.1088798172549954,26,0.023722627737226276,1.10288007264374,0.2503415970608928,0.05113217615503605,0.27054421938767304,0,0.00676297737481351,0.0,722917389045706752,159.8017664090735,22.604742842232437,14.595136642456055,1.2048835754394531,0.09761335342063968,unknown,False,False
623,0.07292257035313876,14,0.02247191011235955,1.091211456974477,0.9875262397894727,0.05815975879767533,0.2694984715928157,0,0.006175429395450099,0.0,724313184697556608,157.81285134158145,24.508820125464087,15.574594497680664,1.2496757507324219,1.4138015076146673,main_sequence,False,False
690,0.07847597111528337,6,0.008695652173913044,1.1676651835459455,0.4992483859120461,0.06916383426084936,0.2690541232249606,0,0.006752212503180433,0.0,724373211160461184,158.1059597903824,25.14904331001619,14.231684684753418,0.9338769912719727,1.7355042539415333,main_sequence,False,False
352,0.09171650169022472,12,0.03409090909090909,0.9909949001426079,1.0009225791364305,0.10680630741619478,0.26795810777514156,0,0.0,0.0,724500582710536192,158.67701729215082,25.552591511982698,14.223331451416016,0.8427753448486328,1.264180566735214,main_sequence,False,False
721,0.07525072394024634,17,0.023578363384188627,1.125303673492891,0.9973077749403413,0.048704386398731744,0.26696499677180885,0,0.008647302572715012,0.0,723896607229589120,161.47660000623142,25.222041933914355,14.80866527557373,0.8058891296386719,0.8138816149578592,main_sequence,False,False
401,0.07927002953338647,9,0.022443890274314215,1.1582025775386022,0.9970909973079404,0.07250359309756203,0.2668886846140463,0,0.0069507973696670625,0.0,723457043096626944,161.95965928132134,24.10820036339638,14.172734260559082,0.7439041137695312,1.0136669955595474,main_sequence,False,False
667,0.07720134681766933,29,0.043478260869565216,0.7927250910380449,0.9968743138938556,0.08790283800337594,0.26553656810711396,0,0.0026975268306244117,0.0,724811022946668032,159.86558376399074,25.64965809286139,14.763361930847168,0.8212194442749023,0.7086620026412889,main_sequence,False,False
92,0.03978083897257012,0,0.0,1.2642851169568938,0.11083059578943792,0.16846706861368596,0.2653169864333078,0,0.0,0.0,723775557871519744,160.6814460288622,24.804931170718113,14.850903511047363,0.9045486450195312,1.1866748376862275,main_sequence,False,False
679,0.08280672026225677,9,0.013254786450662739,1.1316123941440213,0.9972355052570461,0.07465051220032738,0.26508937868861915,0,0.006804070433307974,0.0,723037132733961600,161.35339424632386,23.540421180240454,15.07868480682373,0.8911046981811523,0.9525696580007572,main_sequence,False,False
702,0.07078641181623868,12,0.017094017094017096,0.9673033373184458,0.11158511127177959,0.04693913280659616,0.2646024508623348,0,0.00710526976522877,0.0,723624718620049920,161.82649493714905,24.63658920959288,15.586079597473145,1.8743352890014648,3.1975459782605418,main_sequence,False,False
165,0.061965369548340754,3,0.01818181818181818,0.8759118704540466,0.5384354788384103,0.11958701533619716,0.26412389539914083,0,0.0,0.0,724773433392783872,161.18868073235816,26.21764713617723,15.854923248291016,0.8854379653930664,0.6942987724330829,main_sequence,False,False
326,0.07370440237287756,7,0.02147239263803681,1.0106551825718304,0.8100903046671849,0.08299986564395885,0.26237994248464946,0,0.004453136258824238,0.0,723218414713867776,159.61888184201126,23.47213197544304,15.883777618408203,1.7118730545043945,2.5607213300761344,main_sequence,False,False
730,0.09687934293983913,19,0.026027397260273973,1.0112301112413358,0.9749802129701582,0.05959965429728808,0.26233766001277314,0,0.006818750124173507,0.0,723226248734207488,159.86800767149714,23.626302940128934,15.685442924499512,2.1594858169555664,4.92353897556975,main_sequence,False,False
716,0.07661996532598492,9,0.012569832402234637,0.7784500378341853,0.33272219195247615,0.04909297607776327,0.2615164088943857,0,0.007918566094095107,0.0,723175155803285376,160.0485949563861,23.544622393379065,15.041247367858887,2.5214099884033203,10.067560530291459,giant,False,False
602,0.0899351262491177,14,0.023255813953488372,1.0350870249547517,0.9972483685090399,0.09026827064791082,0.2557860544045403,0,0.006412895299457186,0.0,723921758558065536,161.76960417776908,25.413160603564958,13.934172630310059,0.9723377227783203,3.055720159792718,main_sequence,False,False
89,0.14653585623524468,2,0.02247191011235955,0.8640861038654657,0.13347682924762486,0.16283923420758073,0.25114822973772577,0,0.0,0.0,724733090764832256,160.6321342607504,25.80120554150489,16.55666160583496,1.4188270568847656,1.2192715627415853,main_sequence,False,False
669,0.07921449927083801,13,0.01943198804185351,0.6673947762590229,0.9972355052570461,0.16369283109017213,0.25089215067294834,0,0.0,0.0,724645512086900864,159.98158579957166,25.60916214312941,13.901455879211426,0.7393980026245117,0.8498371118702909,main_sequence,False,False
78,0.09386992737453792,2,0.02564102564102564,1.2848312253590026,0.15503610214707053,0.22717315637725996,0.24893792660836214,0,0.0,0.0,723679556762576640,161.07856655035263,24.227738825323996,16.2628173828125,1.6150264739990234,1.9280533380873668,main_sequence,False,False
666,0.24294359170527213,25,0.03753753753753754,0.9626807226917553,0.9972355052570461,0.10315168111860595,0.24870314081620387,0,0.006783784949404769,0.0,723871455901096832,161.7365033020649,25.267107779751434,13.200206756591797,0.8275470733642578,1.3285357545334084,main_sequence,False,False
755,0.1031523716838012,13,0.017218543046357615,0.9564053077526784,0.4986323557854682,0.09612156074566744,0.24663178289778803,0,0.008177249626170582,0.0,721626008343726208,159.30643705368536,22.815203415852377,15.860898971557617,0.8319616317749023,0.5783974244034941,main_sequence,False,False
84,0.056260597188663386,2,0.023809523809523808,0.9093958146504268,0.45365751604481136,0.33193498664385884,0.24461019096781267,1,0.0,0.056260597188663386,723049605318977664,160.83327109598036,23.27481995425159,15.516712188720703,1.1427345275878906,1.0981411451338556,main_sequence,False,False
148,0.09762516377470765,9,0.060810810810810814,0.9755387775881601,0.1494617605659091,0.14755529285497776,0.24388998294625802,0,0.00394780973241621,0.0,724027101220648576,158.65759229525335,23.80223506123267,16.789920806884766,1.5249042510986328,0.6936590173814836,giant,False,False
87,0.06293899814618253,1,0.011494252873563218,1.1152870862548228,0.8598208836953445,0.2113832743617936,0.24350224286675126,0,0.0,0.0,724105583158386048,159.88826760087122,24.256337301218693,16.80028533935547,0.8192863464355469,0.36310264580508916,main_sequence,False,False
78,0.037870967051553905,0,0.0,0.9342412149402792,0.14159080418894995,0.20198501102921781,0.23940449669123465,0,0.0,0.0,723519131143844480,161.47120965376837,24.29694316696258,14.953536987304688,1.1823177337646484,1.9309916509370475,main_sequence,False,False
136,0.09169421545795053,10,0.07352941176470588,0.9624507471539485,0.12218363064897898,0.14658646184047294,0.23912928949812917,0,0.005631590649909644,0.0,722746311908581120,157.57854507357467,24.031168214191673,16.54334831237793,1.6300477981567383,3.3277796460752294,main_sequence,False,False
67,0.10650667578179318,3,0.04477611940298507,1.0382920510138915,1.0437437290436908,0.2184316877318161,0.23676801674128867,0,0.0,0.0,724258754576551680,157.93159444791792,24.30753224777173,16.598865509033203,1.1773433685302734,0.8663437552280284,main_sequence,False,False
218,0.07400640227766075,11,0.05045871559633028,0.7582097051256907,0.31692235802277885,0.09984538576682432,0.233773379183641,0,0.012091001695437236,0.0,723411374709213184,161.6390575779403,23.64310997078898,16.715553283691406,0.8578033447265625,0.49429137919950694,main_sequence,False,False
78,0.09124114432792108,1,0.01282051282051282,0.8197426998386447,0.11024622071620502,0.2262426108349632,0.23212721674951103,0,0.0,0.0,723675158716064512,161.164426332171,24.143462508634382,15.045182228088379,1.0273218154907227,1.180978023577905,main_sequence,False,False
67,0.07419224141079406,2,0.029850746268656716,0.6124518903175844,0.17772595793429002,0.23273174742139424,0.23018047577358172,0,0.0,0.0,724058574740890112,158.50683948634065,24.233144767645275,16.418699264526367,0.7858209609985352,0.4424364426920353,main_sequence,False,False
70,0.07342666049051294,5,0.07142857142857142,0.9391671049163502,0.16564451351173154,0.33431061739582074,0.22905549631736172,1,0.010266647260520154,0.06330086322838313,724278893678675200,158.52156163319916,24.57383651554977,13.401429176330566,0.8401088714599609,1.808042803327718,main_sequence,False,False
84,0.04658061893249488,0,0.0,1.017868898264078,0.6968010088060967,0.24776681056054564,0.22674209072768098,0,0.0,0.0,723044932394567296,160.58639996350817,23.16673744479645,14.223733901977539,0.7168140411376953,0.8026984221279403,main_sequence,False,False
166,0.05759027299754316,4,0.024096385542168676,1.1334457633335788,0.32661888322377414,0.193438690276564,0.22588159002814598,0,0.008031182896299843,0.0,724103109257211648,159.60651845825691,24.276798262771845,13.435273170471191,0.8055601119995117,1.9169844604501634,main_sequence,False,False
78,0.050379398128692965,1,0.01282051282051282,0.864883151432954,0.14258187319405335,0.2787996009842123,0.2163601197047363,0,0.0,0.0,723494976247773568,161.38474028037515,24.21957309047909,15.22846508026123,0.8461790084838867,0.8843996120303029,main_sequence,False,False
84,0.035311582973233224,0,0.0,1.128330903380409,0.1465987876504426,0.30583665933709,0.21594885640169753,0,0.0,0.0,722946285585655040,160.5431761269643,23.033728073825436,15.047119140625,1.0921916961669922,1.304364193956432,main_sequence,False,False
73,0.03843496250116296,0,0.0,0.7615290745360066,0.12203466125374213,0.28507896949716194,0.21447630915085142,0,0.0,0.0,723359663302678656,160.38084979395376,24.17574139538583,16.214950561523438,0.6874284744262695,0.34135400334187177,main_sequence,False,False
67,0.04132913701527885,0,0.0,0.8913587891523544,0.13761914721199642,0.2873557464955241,0.21379327605134277,0,0.0,0.0,724056139495028224,158.44735336741735,24.146883289669873,14.666348457336426,1.2121610641479492,1.9245547868536999,main_sequence,False,False
286,0.08849805438557323,3,0.01048951048951049,0.8687323246562724,0.33485955157532343,0.18223214405432114,0.21358107368231705,0,0.01058309436712887,0.0,724206940091062016,159.61768677072578,24.841999222953543,15.705951690673828,0.8638420104980469,0.7825489200096725,main_sequence,False,False
70,0.06218686320544553,1,0.014285714285714285,1.0745302093308184,0.15462866387508148,0.29720705822837745,0.20629012709095018,0,0.003006522666795217,0.0,724464608064471296,158.43946008468387,25.20542655545252,15.699031829833984,1.1276216506958008,1.1606870735731807,main_sequence,False,False
58,0.046687920587910825,0,0.0,0.705769140904204,0.24366471447989022,0.3330915753336044,0.20007252739991868,0,0.0,0.0,722449237610860928,158.5333731074719,23.25869209864328,16.705238342285156,0.9149646759033203,0.6715781587075805,main_sequence,False,False
73,0.04980746094748634,0,0.0,1.182605066879896,0.14603184947610723,0.34811905425014383,0.19359204555720566,0,0.004309514060181649,0.0,723349905136944256,160.1028421946173,24.14989175839964,14.165605545043945,2.034438133239746,7.333358464134806,main_sequence,False,False
67,0.0544094746608893,1,0.014925373134328358,0.5404418341149756,0.15113542430288157,0.3588496559350028,0.19234510321949916,0,0.0,0.0,724052566082234368,158.56094623369802,24.123627602366078,16.473920822143555,2.232773780822754,3.608423556439716,main_sequence,False,False
83,0.04592110721560694,0,0.0,1.0269570699617443,0.26159802497363954,0.3153416686349601,0.1896602020734519,0,0.005784907177921571,0.0,723070461680146688,160.60283850188776,23.47161417174759,14.215717315673828,1.6340446472167969,4.269143432230439,main_sequence,False,False
58,0.051598744999004076,1,0.017241379310344827,1.0191885472673474,0.13075476506605774,0.3838571059713932,0.18599418104462287,0,0.0,0.0,722486724085396608,158.00800300467506,23.280608876011307,13.170981407165527,1.0857810974121094,0.9343153728128714,giant,False,False
72,0.05202499186581566,1,0.013888888888888888,1.1067438319665566,0.3288400051722276,0.41689990457052306,0.18133465854683647,0,0.0,0.0,723377087985686528,160.25107171699324,24.326628110931672,16.630008697509766,1.3531532287597656,0.6729097925680684,main_sequence,False,False
57,0.04955916321612741,0,0.0,0.8827271211312869,0.1486312004874482,0.31746788909619716,0.1728202305586255,0,0.010646467570838451,0.0,723527480560524032,161.64395808476922,24.43502061767509,15.869298934936523,0.8230838775634766,0.5091724875034688,main_sequence,False,False
66,0.04622309962632032,0,0.0,0.912738386665215,0.25158644215545967,0.41574235530412573,0.1505471670921981,0,0.008243375438854728,0.0,722815130168986240,157.28504976388786,24.277492836765795,15.189653396606445,0.7747020721435547,0.6281365670619418,main_sequence,False,False
