m_chi_gev,delta_keV,v_min_at_event_kms,v_threshold_kms,E_star_keV,shm_lz_v_max_kms,shm_lz_allowed_at_event,shm_lz_E_max_keV,shm_lz_reachable_fraction_of_year,shm_lz_reachable_first,shm_lz_reachable_last,shm_pp_v_max_kms,shm_pp_allowed_at_event,shm_pp_E_max_keV,shm_pp_reachable_fraction_of_year,shm_pp_reachable_first,shm_pp_reachable_last,shm_vesc_low_v_max_kms,shm_vesc_low_allowed_at_event,shm_vesc_low_E_max_keV,shm_vesc_low_reachable_fraction_of_year,shm_vesc_low_reachable_first,shm_vesc_low_reachable_last,shm_vesc_high_v_max_kms,shm_vesc_high_allowed_at_event,shm_vesc_high_E_max_keV,shm_vesc_high_reachable_fraction_of_year,shm_vesc_high_reachable_first,shm_vesc_high_reachable_last
50,0.0,1040.3954432321184,0.0,0.0,810.0424177617658,False,150.33853730969295,0.0,,,789.0595356802943,False,142.65084324828987,0.0,,,766.0424177617658,False,134.44988487285303,0.0,,,866.0424177617658,False,171.84350635962906,0.0,,
50,10.0,1052.5632454360575,225.02734026893688,2.900449983904486,810.0424177617658,False,144.47941029006918,0.0,,,789.0595356802943,False,136.78844239662158,0.0,,,766.0424177617658,False,128.58355966614903,0.0,,,866.0424177617658,False,165.99192555248933,0.0,,
50,20.0,1064.7310476399969,318.23671651307586,5.800899967808972,810.0424177617658,False,138.49376296341208,0.0,,,789.0595356802943,False,130.7917607419225,0.0,,,766.0424177617658,False,122.5735523010766,0.0,,,866.0424177617658,False,160.03143248023022,0.0,,
50,30.0,1076.8988498439357,389.75878643788866,8.701349951713459,810.0424177617658,False,132.36382696566565,0.0,,,789.0595356802943,False,124.64068929909386,0.0,,,766.0424177617658,False,116.39670702276587,0.0,,,866.0424177617658,False,153.9489975311921,0.0,,
50,40.0,1089.0666520478749,450.05468053787376,11.601799935617944,810.0424177617658,False,126.06723925979927,0.0,,,789.0595356802943,False,118.30953489168691,0.0,,,766.0424177617658,False,110.0228871685839,0.0,,,866.0424177617658,False,147.72876530701,0.0,,
50,50.0,1101.2344542518142,503.17642963731873,14.502249919522432,810.0424177617658,False,119.57518378486424,0.0,,,789.0595356802943,False,111.76457312326784,0.0,,,766.0424177617658,False,103.41161688410412,0.0,,,866.0424177617658,False,141.3511140898632,0.0,,
50,60.0,1113.402256455753,551.2021618345409,17.402699903426917,810.0424177617658,False,112.84943815183976,0.0,,,789.0595356802943,False,104.96002135384184,0.0,,,766.0424177617658,False,96.50630712776575,0.0,,,866.0424177617658,False,134.7912699132537,0.0,,
50,70.0,1125.5700586596922,595.3663805419176,20.303149887331404,810.0424177617658,False,105.83741552621667,0.0,,,789.0595356802943,False,97.8309709052138,0.0,,,766.0424177617658,False,89.22352680045735,0.0,,,866.0424177617658,False,128.0171866314407,0.0,,
50,80.0,1137.7378608636313,636.4734330261517,23.203599871235888,810.0424177617658,False,98.4632352268504,0.0,,,789.0595356802943,False,90.27988956719975,0.0,,,766.0424177617658,False,81.43085411315722,0.0,,,866.0424177617658,False,120.98615230849242,0.0,,
50,90.0,1149.9056630675705,675.0820208068106,26.104049855140378,810.0424177617658,False,90.61006537570611,0.0,,,789.0595356802943,False,82.1476638361871,0.0,,,766.0424177617658,False,72.89362283605051,0.0,,,866.0424177617658,False,113.6390393560203,0.0,,
50,100.0,1162.0734652715096,711.5989310595675,29.004499839044865,810.0424177617658,False,82.08029288135376,0.0,,,789.0595356802943,False,73.13973762587183,0.0,,,766.0424177617658,False,63.11102759305005,0.0,,,866.0424177617658,False,105.88982440809473,0.0,,
50,110.0,1174.2412674754487,746.3312552436961,31.904949822949348,810.0424177617658,False,72.48546632447744,0.0,,,789.0595356802943,False,62.573177341238654,0.0,,,766.0424177617658,False,50.471760002503665,0.0,,,866.0424177617658,False,97.6045220593773,0.0,,
50,120.0,1186.4090696793878,779.5175728757773,34.805399806853835,810.0424177617658,False,60.80466268441224,0.0,,,789.0595356802943,False,47.57878023858222,0.0,,,766.0424177617658,False,0.0,0.0,,,866.0424177617658,False,88.55250871020719,0.0,,
50,130.0,1198.576871883327,811.3476137209345,37.70584979075832,810.0424177617658,False,0.0,0.0,,,789.0595356802943,False,0.0,0.0,,,766.0424177617658,False,0.0,0.0,,,866.0424177617658,False,78.26656446630327,0.0,,
50,140.0,1210.744674087266,841.975209943361,40.60629977466281,810.0424177617658,False,0.0,0.0,,,789.0595356802943,False,0.0,0.0,,,766.0424177617658,False,0.0,0.0,,,866.0424177617658,False,65.4305903901363,0.0,,
50,150.0,1222.912476291205,871.5271413029421,43.506749758567295,810.0424177617658,False,0.0,0.0,,,789.0595356802943,False,0.0,0.0,,,766.0424177617658,False,0.0,0.0,,,866.0424177617658,False,0.0,0.0,,
50,160.0,1235.0802784951443,900.1093610757475,46.407199742471775,810.0424177617658,False,0.0,0.0,,,789.0595356802943,False,0.0,0.0,,,766.0424177617658,False,0.0,0.0,,,866.0424177617658,False,0.0,0.0,,
50,170.0,1247.2480806990834,927.8114925806332,49.30764972637627,810.0424177617658,False,0.0,0.0,,,789.0595356802943,False,0.0,0.0,,,766.0424177617658,False,0.0,0.0,,,866.0424177617658,False,0.0,0.0,,
50,180.0,1259.4158829030223,954.7101495392275,52.208099710280756,810.0424177617658,False,0.0,0.0,,,789.0595356802943,False,0.0,0.0,,,766.0424177617658,False,0.0,0.0,,,866.0424177617658,False,0.0,0.0,,
50,190.0,1271.5836851069616,980.8714357660366,55.10854969418524,810.0424177617658,False,0.0,0.0,,,789.0595356802943,False,0.0,0.0,,,766.0424177617658,False,0.0,0.0,,,866.0424177617658,False,0.0,0.0,,
50,200.0,1283.7514873109008,1006.3528592746375,58.00899967808973,810.0424177617658,False,0.0,0.0,,,789.0595356802943,False,0.0,0.0,,,766.0424177617658,False,0.0,0.0,,,866.0424177617658,False,0.0,0.0,,
50,210.0,1295.9192895148399,1031.2048202169876,60.90944966199421,810.0424177617658,False,0.0,0.0,,,789.0595356802943,False,0.0,0.0,,,766.0424177617658,False,0.0,0.0,,,866.0424177617658,False,0.0,0.0,,
50,220.0,1308.0870917187788,1055.471783188571,63.809899645898696,810.0424177617658,False,0.0,0.0,,,789.0595356802943,False,0.0,0.0,,,766.0424177617658,False,0.0,0.0,,,866.0424177617658,False,0.0,0.0,,
50,230.0,1320.254893922718,1079.1932120689853,66.71034962980319,810.0424177617658,False,0.0,0.0,,,789.0595356802943,False,0.0,0.0,,,766.0424177617658,False,0.0,0.0,,,866.0424177617658,False,0.0,0.0,,
50,240.0,1332.4226961266572,1102.4043236690818,69.61079961370767,810.0424177617658,False,0.0,0.0,,,789.0595356802943,False,0.0,0.0,,,766.0424177617658,False,0.0,0.0,,,866.0424177617658,False,0.0,0.0,,
50,250.0,1344.5904983305961,1125.1367013446845,72.51124959761215,810.0424177617658,False,0.0,0.0,,,789.0595356802943,False,0.0,0.0,,,766.0424177617658,False,0.0,0.0,,,866.0424177617658,False,0.0,0.0,,
50,260.0,1356.7583005345352,1147.4187991231927,75.41169958151664,810.0424177617658,False,0.0,0.0,,,789.0595356802943,False,0.0,0.0,,,766.0424177617658,False,0.0,0.0,,,866.0424177617658,False,0.0,0.0,,
50,270.0,1368.9261027384746,1169.276359313666,78.31214956542114,810.0424177617658,False,0.0,0.0,,,789.0595356802943,False,0.0,0.0,,,766.0424177617658,False,0.0,0.0,,,866.0424177617658,False,0.0,0.0,,
50,280.0,1381.0939049424135,1190.7327610838352,81.21259954932562,810.0424177617658,False,0.0,0.0,,,789.0595356802943,False,0.0,0.0,,,766.0424177617658,False,0.0,0.0,,,866.0424177617658,False,0.0,0.0,,
50,290.0,1393.2617071463526,1211.80931345936,84.11304953323011,810.0424177617658,False,0.0,0.0,,,789.0595356802943,False,0.0,0.0,,,766.0424177617658,False,0.0,0.0,,,866.0424177617658,False,0.0,0.0,,
50,300.0,1405.429509350292,1232.5255032068735,87.01349951713459,810.0424177617658,False,0.0,0.0,,,789.0595356802943,False,0.0,0.0,,,766.0424177617658,False,0.0,0.0,,,866.0424177617658,False,0.0,0.0,,
50,310.0,1417.5973115542308,1252.8992058118117,89.91394950103908,810.0424177617658,False,0.0,0.0,,,789.0595356802943,False,0.0,0.0,,,766.0424177617658,False,0.0,0.0,,,866.0424177617658,False,0.0,0.0,,
50,320.0,1429.76511375817,1272.9468660523034,92.81439948494355,810.0424177617658,False,0.0,0.0,,,789.0595356802943,False,0.0,0.0,,,766.0424177617658,False,0.0,0.0,,,866.0424177617658,False,0.0,0.0,,
50,330.0,1441.932915962109,1292.6836533587377,95.71484946884804,810.0424177617658,False,0.0,0.0,,,789.0595356802943,False,0.0,0.0,,,766.0424177617658,False,0.0,0.0,,,866.0424177617658,False,0.0,0.0,,
50,340.0,1454.1007181660482,1312.1235961331558,98.61529945275254,810.0424177617658,False,0.0,0.0,,,789.0595356802943,False,0.0,0.0,,,766.0424177617658,False,0.0,0.0,,,866.0424177617658,False,0.0,0.0,,
50,350.0,1466.2685203699873,1331.2796984097358,101.51574943665702,810.0424177617658,False,0.0,0.0,,,789.0595356802943,False,0.0,0.0,,,766.0424177617658,False,0.0,0.0,,,866.0424177617658,False,0.0,0.0,,
50,360.0,1478.4363225739264,1350.1640416136213,104.41619942056151,810.0424177617658,False,0.0,0.0,,,789.0595356802943,False,0.0,0.0,,,766.0424177617658,False,0.0,0.0,,,866.0424177617658,False,0.0,0.0,,
50,370.0,1490.6041247778653,1368.787873680557,107.31664940446599,810.0424177617658,False,0.0,0.0,,,789.0595356802943,False,0.0,0.0,,,766.0424177617658,False,0.0,0.0,,,866.0424177617658,False,0.0,0.0,,
50,380.0,1502.7719269818047,1387.161687404699,110.21709938837049,810.0424177617658,False,0.0,0.0,,,789.0595356802943,False,0.0,0.0,,,766.0424177617658,False,0.0,0.0,,,866.0424177617658,False,0.0,0.0,,
50,390.0,1514.9397291857438,1405.2952895644262,113.11754937227498,810.0424177617658,False,0.0,0.0,,,789.0595356802943,False,0.0,0.0,,,766.0424177617658,False,0.0,0.0,,,866.0424177617658,False,0.0,0.0,,
50,400.0,1527.1075313896827,1423.197862119135,116.01799935617946,810.0424177617658,False,0.0,0.0,,,789.0595356802943,False,0.0,0.0,,,766.0424177617658,False,0.0,0.0,,,866.0424177617658,False,0.0,0.0,,
50,410.0,1539.275333593622,1440.8780165610788,118.91844934008395,810.0424177617658,False,0.0,0.0,,,789.0595356802943,False,0.0,0.0,,,766.0424177617658,False,0.0,0.0,,,866.0424177617658,False,0.0,0.0,,
50,420.0,1551.4431357975611,1458.3438423353732,121.81889932398842,810.0424177617658,False,0.0,0.0,,,789.0595356802943,False,0.0,0.0,,,766.0424177617658,False,0.0,0.0,,,866.0424177617658,False,0.0,0.0,,
50,430.0,1563.6109380015,1475.6029501007417,124.71934930789291,810.0424177617658,False,0.0,0.0,,,789.0595356802943,False,0.0,0.0,,,766.0424177617658,False,0.0,0.0,,,866.0424177617658,False,0.0,0.0,,
50,440.0,1575.7787402054391,1492.6625104873922,127.61979929179739,810.0424177617658,False,0.0,0.0,,,789.0595356802943,False,0.0,0.0,,,766.0424177617658,False,0.0,0.0,,,866.0424177617658,False,0.0,0.0,,
50,450.0,1587.9465424093785,1509.529288911956,130.5202492757019,810.0424177617658,False,0.0,0.0,,,789.0595356802943,False,0.0,0.0,,,766.0424177617658,False,0.0,0.0,,,866.0424177617658,False,0.0,0.0,,
50,460.0,1600.1143446133176,1526.2096769289428,133.42069925960638,810.0424177617658,False,0.0,0.0,,,789.0595356802943,False,0.0,0.0,,,766.0424177617658,False,0.0,0.0,,,866.0424177617658,False,0.0,0.0,,
100,0.0,671.0784689449041,0.0,0.0,810.0424177617658,True,361.3437882301671,1.0,,,789.0595356802943,True,342.86615405457604,1.0,,,766.0424177617658,True,323.15487164137943,1.0,,,866.0424177617658,True,413.03171283907176,1.0,,
100,10.0,683.2462711488433,180.7268665521968,4.496664825681728,810.0424177617658,True,352.2930631978927,1.0,,,789.0595356802943,True,333.81225144800555,1.0,,,766.0424177617658,True,314.0971670236763,1.0,,,866.0424177617658,True,403.98833225073724,1.0,,
100,20.0,695.4140733527823,255.58638576330918,8.993329651363457,810.0424177617658,True,343.12141067815276,1.0,,,789.0595356802943,True,324.63034990682365,1.0,,,766.0424177617658,True,304.90294767383,1.0,,,866.0424177617658,True,394.8402112332636,1.0,,
100,30.0,707.5818755567216,313.02811516112513,13.489994477045187,810.0424177617658,True,333.81865313375556,1.0,,,789.0595356802943,True,315.30901715644063,1.0,,,766.0424177617658,True,295.5591685753978,1.0,,,866.0424177617658,True,385.57975940408653,1.0,,
100,40.0,719.7496777606607,361.4537331043936,17.986659302726913,810.0424177617658,True,324.3730998891126,1.0,,,789.0595356802943,True,305.83501047227344,1.0,,,766.0424177617658,True,286.05056448691624,1.0,,,866.0424177617658,True,376.1984227576589,1.0,,
100,50.0,731.9174799645997,404.1175589712451,22.483324128408647,810.0424177617658,True,314.77121209800873,1.0,,,789.0595356802943,True,296.1928478975045,1.0,,,766.0424177617658,True,276.35908189080504,1.0,,,866.0424177617658,True,366.68650316945684,1.0,,
100,60.0,744.0852821685389,442.68860586495026,26.979988954090373,810.0424177617658,True,304.99716583640026,1.0,,,789.0595356802943,True,286.364239326086,1.0,,,766.0424177617658,True,266.46310918641706,0.6912568306010929,2023-01-26,2023-10-05,866.0424177617658,True,357.032931955558,1.0,,
100,70.0,756.2530843724779,478.15834412507,31.476653779772104,810.0424177617658,True,295.03227268834485,1.0,,,789.0595356802943,True,276.3273170447855,1.0,,,766.0424177617658,True,256.3364099535109,0.412568306010929,2023-03-18,2023-08-15,866.0424177617658,True,347.22498233016864,1.0,,
100,80.0,768.420886576417,511.17277152661836,35.97331860545383,810.0424177617658,True,284.8541965279339,1.0,,,789.0595356802943,True,266.05557190837817,0.6584699453551912,2023-02-01,2023-09-29,766.0424177617658,False,245.94660601253983,0.0,,,866.0424177617658,True,337.2478993132795,1.0,,
100,90.0,780.5886887803562,542.1805996565904,40.46998343113556,810.0424177617658,True,274.43587136645687,1.0,,,789.0595356802943,True,255.5163445587757,0.3825136612021858,2023-03-24,2023-08-10,766.0424177617658,False,235.2529536822978,0.0,,,866.0424177617658,True,327.08441613122557,1.0,,
100,100.0,792.7564909842953,571.5085326902439,44.966648256817294,810.0424177617658,True,263.74396772786383,0.5792349726775956,2023-02-16,2023-09-15,789.0595356802943,False,244.66862058815326,0.0,,,766.0424177617658,False,224.20296349137308,0.0,,,866.0424177617658,True,316.71411141905764,1.0,,
100,110.0,804.9242931882343,599.403205890268,49.46331308249901,810.0424177617658,True,252.7366534911197,0.29508196721311475,2023-04-09,2023-07-25,789.0595356802943,False,233.45969163177892,0.0,,,766.0424177617658,False,212.72703034082767,0.0,,,866.0424177617658,True,306.112538062431,1.0,,
100,120.0,817.0920953921735,626.0562303222503,53.95997790818075,810.0424177617658,False,241.3602066127078,0.0,,,789.0595356802943,False,221.8198757861239,0.0,,,766.0424177617658,False,200.72942294224768,0.0,,,866.0424177617658,True,295.25001592603655,1.0,,
100,130.0,829.2598975961126,651.6199842078834,58.45664273386247,810.0424177617658,False,229.54366602739304,0.0,,,789.0595356802943,False,209.65370993740646,0.0,,,766.0424177617658,False,188.07206669200514,0.0,,,866.0424177617658,True,284.0899149170699,1.0,,
100,140.0,841.4276998000518,676.2180152235355,62.95330755954421,810.0424177617658,False,217.18992256721378,0.0,,,789.0595356802943,False,196.82421723379346,0.0,,,766.0424177617658,False,174.5425037876563,0.0,,,866.0424177617658,True,272.5861377981813,0.7622950819672131,2023-01-13,2023-10-18
100,150.0,853.5955020039909,699.9521443689084,67.44997238522593,810.0424177617658,False,204.15983893403742,0.0,,,789.0595356802943,False,183.12214226720823,0.0,,,766.0424177617658,False,159.78171385405304,0.0,,,866.0424177617658,True,260.67929335859617,0.4726775956284153,2023-03-07,2023-08-26
100,160.0,865.7633042079299,722.9074662087872,71.94663721090765,810.0424177617658,False,190.24128528461824,0.0,,,789.0595356802943,False,168.19766962185182,0.0,,,766.0424177617658,False,143.08509173455684,0.0,,,866.0424177617658,True,248.290616282626,0.10382513661202186,2023-05-14,2023-06-20
100,170.0,877.9311064118691,745.1559601816148,76.44330203658939,810.0424177617658,False,175.08069847207926,0.0,,,789.0595356802943,False,151.37664337799538,0.0,,,766.0424177617658,False,122.60735500822061,0.0,,,866.0424177617658,False,235.31176274868503,0.0,,
100,180.0,890.0989086158081,766.7591572899277,80.93996686227112,810.0424177617658,False,158.00009247100616,0.0,,,789.0595356802943,False,130.96192225126848,0.0,,,766.0424177617658,False,0.0,0.0,,,866.0424177617658,False,221.5864400318496,0.0,,
100,190.0,902.2667108197472,787.770147683787,85.43663168795285,810.0424177617658,False,137.31063735572218,0.0,,,789.0595356802943,False,95.79290269995063,0.0,,,766.0424177617658,False,0.0,0.0,,,866.0424177617658,False,206.8741000296932,0.0,,
100,200.0,914.4345130236863,808.2351179424902,89.93329651363459,810.0424177617658,False,102.80073973576174,0.0,,,789.0595356802943,False,0.0,0.0,,,766.0424177617658,False,0.0,0.0,,,866.0424177617658,False,190.7681073690275,0.0,,
100,210.0,926.6023152276255,828.1945460876246,94.4299613393163,810.0424177617658,False,0.0,0.0,,,789.0595356802943,False,0.0,0.0,,,766.0424177617658,False,0.0,0.0,,,866.0424177617658,False,172.46991844227466,0.0,,
100,220.0,938.7701174315646,847.6841430999297,98.92662616499803,810.0424177617658,False,0.0,0.0,,,789.0595356802943,False,0.0,0.0,,,766.0424177617658,False,0.0,0.0,,,866.0424177617658,False,149.88538968272567,0.0,,
100,230.0,950.9379196355037,866.7356037205567,103.42329099067976,810.0424177617658,False,0.0,0.0,,,789.0595356802943,False,0.0,0.0,,,766.0424177617658,False,0.0,0.0,,,866.0424177617658,False,0.0,0.0,,
100,240.0,963.1057218394428,885.3772117299005,107.9199558163615,810.0424177617658,False,0.0,0.0,,,789.0595356802943,False,0.0,0.0,,,766.0424177617658,False,0.0,0.0,,,866.0424177617658,False,0.0,0.0,,
100,250.0,975.2735240433818,903.634332760984,112.41662064204321,810.0424177617658,False,0.0,0.0,,,789.0595356802943,False,0.0,0.0,,,766.0424177617658,False,0.0,0.0,,,866.0424177617658,False,0.0,0.0,,
100,260.0,987.4413262473211,921.5298191801306,116.91328546772495,810.0424177617658,False,0.0,0.0,,,789.0595356802943,False,0.0,0.0,,,766.0424177617658,False,0.0,0.0,,,866.0424177617658,False,0.0,0.0,,
100,270.0,999.6091284512601,939.0843454833756,121.40995029340668,810.0424177617658,False,0.0,0.0,,,789.0595356802943,False,0.0,0.0,,,766.0424177617658,False,0.0,0.0,,,866.0424177617658,False,0.0,0.0,,
100,280.0,1011.7769306551993,956.31668825014,125.90661511908841,810.0424177617658,False,0.0,0.0,,,789.0595356802943,False,0.0,0.0,,,766.0424177617658,False,0.0,0.0,,,866.0424177617658,False,0.0,0.0,,
100,290.0,1023.9447328591383,973.2439614605842,130.40327994477013,810.0424177617658,False,0.0,0.0,,,789.0595356802943,False,0.0,0.0,,,766.0424177617658,False,0.0,0.0,,,866.0424177617658,False,0.0,0.0,,
100,300.0,1036.1125350630775,989.881815578641,134.89994477045187,810.0424177617658,False,0.0,0.0,,,789.0595356802943,False,0.0,0.0,,,766.0424177617658,False,0.0,0.0,,,866.0424177617658,False,0.0,0.0,,
100,310.0,1048.2803372670166,1006.2446069952584,139.3966095961336,810.0424177617658,False,0.0,0.0,,,789.0595356802943,False,0.0,0.0,,,766.0424177617658,False,0.0,0.0,,,866.0424177617658,False,0.0,0.0,,
100,320.0,1060.4481394709555,1022.3455430532367,143.8932744218153,810.0424177617658,False,0.0,0.0,,,789.0595356802943,False,0.0,0.0,,,766.0424177617658,False,0.0,0.0,,,866.0424177617658,False,0.0,0.0,,
100,330.0,1072.6159416748949,1038.1968068216129,148.38993924749704,810.0424177617658,False,0.0,0.0,,,789.0595356802943,False,0.0,0.0,,,766.0424177617658,False,0.0,0.0,,,866.0424177617658,False,0.0,0.0,,
100,340.0,1084.7837438788338,1053.8096649719857,152.88660407317877,810.0424177617658,False,0.0,0.0,,,789.0595356802943,False,0.0,0.0,,,766.0424177617658,False,0.0,0.0,,,866.0424177617658,False,0.0,0.0,,
100,350.0,1096.951546082773,1069.1945614723936,157.3832688988605,810.0424177617658,False,0.0,0.0,,,789.0595356802943,False,0.0,0.0,,,766.0424177617658,False,0.0,0.0,,,866.0424177617658,False,0.0,0.0,,
100,360.0,1109.1193482867122,1084.3611993131808,161.87993372454224,810.0424177617658,False,0.0,0.0,,,789.0595356802943,False,0.0,0.0,,,766.0424177617658,False,0.0,0.0,,,866.0424177617658,False,0.0,0.0,,
100,370.0,1121.2871504906511,1099.3186120819094,166.37659855022397,810.0424177617658,False,0.0,0.0,,,789.0595356802943,False,0.0,0.0,,,766.0424177617658,False,0.0,0.0,,,866.0424177617658,False,0.0,0.0,,
100,380.0,1133.4549526945902,1114.0752268870674,170.8732633759057,810.0424177617658,False,0.0,0.0,,,789.0595356802943,False,0.0,0.0,,,766.0424177617658,False,0.0,0.0,,,866.0424177617658,False,0.0,0.0,,
100,390.0,1145.6227548985294,1128.6389198752834,175.36992820158744,810.0424177617658,False,0.0,0.0,,,789.0595356802943,False,0.0,0.0,,,766.0424177617658,False,0.0,0.0,,,866.0424177617658,False,0.0,0.0,,
100,400.0,1157.7905571024685,1143.0170653804878,179.86659302726918,810.0424177617658,False,0.0,0.0,,,789.0595356802943,False,0.0,0.0,,,766.0424177617658,False,0.0,0.0,,,866.0424177617658,False,0.0,0.0,,
100,410.0,1169.9583593064076,1157.2165795756632,184.36325785295088,810.0424177617658,False,0.0,0.0,,,789.0595356802943,False,0.0,0.0,,,766.0424177617658,False,0.0,0.0,,,866.0424177617658,False,0.0,0.0,,
100,420.0,1182.1261615103467,1171.2439593605482,188.8599226786326,810.0424177617658,False,0.0,0.0,,,789.0595356802943,False,0.0,0.0,,,766.0424177617658,False,0.0,0.0,,,866.0424177617658,False,0.0,0.0,,
100,430.0,1194.2939637142858,1185.1053171057622,193.35658750431432,810.0424177617658,False,0.0,0.0,,,789.0595356802943,False,0.0,0.0,,,766.0424177617658,False,0.0,0.0,,,866.0424177617658,False,0.0,0.0,,
100,440.0,1206.461765918225,1198.806411780536,197.85325232999605,810.0424177617658,False,0.0,0.0,,,789.0595356802943,False,0.0,0.0,,,766.0424177617658,False,0.0,0.0,,,866.0424177617658,False,0.0,0.0,,
100,450.0,1218.629568122164,1212.3526769137354,202.3499171556778,810.0424177617658,False,0.0,0.0,,,789.0595356802943,False,0.0,0.0,,,766.0424177617658,False,0.0,0.0,,,866.0424177617658,False,0.0,0.0,,
100,460.0,1230.797370326103,1225.7492457732435,206.84658198135952,810.0424177617658,False,0.0,0.0,,,789.0595356802943,False,0.0,0.0,,,766.0424177617658,False,0.0,0.0,,,866.0424177617658,False,0.0,0.0,,
200,0.0,486.4199818012971,0.0,0.0,810.0424177617658,True,687.7718381540345,1.0,,,789.0595356802943,True,652.6020169598506,1.0,,,766.0424177617658,True,615.0841036062047,1.0,,,866.0424177617658,True,786.1532136655718,1.0,,
200,10.0,498.58778400523624,153.86568332934857,6.2037232422117,810.0424177617658,True,675.3074010576237,1.0,,,789.0595356802943,True,640.1344484461264,1.0,,,766.0424177617658,True,602.6127915971815,1.0,,,866.0424177617658,True,773.6960238958305,1.0,,
200,20.0,510.75558620917536,217.59893614816858,12.4074464844234,810.0424177617658,True,662.7246545540697,1.0,,,789.0595356802943,True,627.5418100919327,1.0,,,766.0424177617658,True,590.0082910357137,1.0,,,866.0424177617658,True,761.136064181092,1.0,,
200,30.0,522.9233884131145,266.50318106773534,18.6111697266351,810.0424177617658,True,650.0166267335745,1.0,,,789.0595356802943,True,614.8162968018148,1.0,,,766.0424177617658,True,577.261731932829,1.0,,,866.0424177617658,True,748.4680947818777,1.0,,
200,40.0,535.0911906170535,307.73136665869714,24.8148929688468,810.0424177617658,True,637.1756327844421,1.0,,,789.0595356802943,True,601.9492562337036,1.0,,,766.0424177617658,True,564.3632137516526,1.0,,,866.0424177617658,True,735.68641497282,1.0,,
200,50.0,547.2589928209926,344.0541273288796,31.0186162110585,810.0424177617658,True,624.1931685613273,1.0,,,789.0595356802943,True,588.9310541632742,1.0,,,766.0424177617658,True,551.3016295594297,1.0,,,866.0424177617658,True,722.7848041820641,1.0,,
200,60.0,559.4267950249318,376.89241308156403,37.2223394532702,810.0424177617658,True,611.059782808471,1.0,,,789.0595356802943,True,575.7509110241111,1.0,,,766.0424177617658,True,538.0644496100098,1.0,,,866.0424177617658,True,709.756453100143,1.0,,
200,70.0,571.5945972288708,407.0903333964731,43.4260626954819,810.0424177617658,True,597.7649225603359,1.0,,,789.0595356802943,True,562.3967017021535,1.0,,,766.0424177617658,True,524.6374522945617,1.0,,,866.0424177617658,True,696.5938825865109,1.0,,
200,80.0,583.76239943281,435.19787229633715,49.6297859376936,810.0424177617658,True,584.2967444989849,1.0,,,789.0595356802943,True,548.8547079538043,1.0,,,766.0424177617658,True,511.00438591581263,1.0,,,866.0424177617658,True,683.2888476232831,1.0,,
200,90.0,595.9302016367491,461.59704998804574,55.833509179905306,810.0424177617658,True,570.6418826313086,1.0,,,789.0595356802943,True,535.1093089791857,1.0,,,766.0424177617658,True,497.1465382191342,1.0,,,866.0424177617658,True,669.8322228015658,1.0,,
200,100.0,608.0980038406882,486.5660130589413,62.037232422117,810.0424177617658,True,556.7851592490186,1.0,,,789.0595356802943,True,521.1425901506325,1.0,,,766.0424177617658,True,483.0421809321622,1.0,,,866.0424177617658,True,656.2138648056125,1.0,,
200,110.0,620.2658060446272,510.31473971509104,68.24095566432871,810.0424177617658,True,542.7092212698597,1.0,,,789.0595356802943,True,506.93384177137966,1.0,,,766.0424177617658,True,468.6658418675751,1.0,,,866.0424177617658,True,642.4224459821818,1.0,,
200,120.0,632.4336082485663,533.0063621354707,74.4446789065404,810.0424177617658,True,528.3940769711319,1.0,,,789.0595356802943,True,492.4589075493484,1.0,,,766.0424177617658,True,453.98733426597545,1.0,,,866.0424177617658,True,628.4452511976926,1.0,,
200,130.0,644.6014104525054,554.770610778271,80.6484021487521,810.0424177617658,True,513.8164975898758,1.0,,,789.0595356802943,True,477.68932374492977,1.0,,,766.0424177617658,True,438.9704364187772,1.0,,,866.0424177617658,True,614.267927571764,1.0,,
200,140.0,656.7692126564447,575.7126706002772,86.8521253909638,810.0424177617658,True,498.9492322420022,1.0,,,789.0595356802943,True,462.5911604091131,1.0,,,766.0424177617658,True,423.5710540087375,1.0,,,866.0424177617658,True,599.874172995185,1.0,,
200,150.0,668.9370148603837,595.9192290873912,93.05584863317551,810.0424177617658,True,483.759959625162,1.0,,,789.0595356802943,True,447.1234280908504,1.0,,,766.0424177617658,True,407.7345935523844,1.0,,,866.0424177617658,True,585.245344071566,1.0,,
200,160.0,681.1048170643228,615.4627333173943,99.2595718753872,810.0424177617658,True,468.2098598682113,1.0,,,789.0595356802943,True,431.2358325280485,1.0,,,766.0424177617658,True,391.39208873062296,1.0,,,866.0424177617658,True,570.3599564402531,1.0,,
200,170.0,693.2726192682619,634.4044645247426,105.4632951175989,810.0424177617658,True,452.25162339268627,1.0,,,789.0595356802943,True,414.86551813792886,1.0,,,766.0424177617658,True,374.45426911838115,1.0,,,866.0424177617658,True,555.1930390091574,1.0,,
200,180.0,705.440421472201,652.7968084445057,111.66701835981061,810.0424177617658,True,435.82659914960294,1.0,,,789.0595356802943,True,397.93218085180524,1.0,,,766.0424177617658,True,356.8020533530646,1.0,,,866.0424177617658,True,539.7152862327404,1.0,,
200,190.0,717.60822367614,670.6849645114613,117.87074160202229,810.0424177617658,True,418.86057856935025,1.0,,,789.0595356802943,True,380.3304251820278,1.0,,,766.0424177617658,True,338.2704158093698,1.0,,,866.0424177617658,True,523.8919254183071,1.0,,
200,200.0,729.7760258800793,688.1082546577592,124.074464844234,810.0424177617658,True,401.2573210513689,1.0,,,789.0595356802943,True,361.9171887106458,1.0,,,766.0424177617658,True,318.6189193168103,1.0,,,866.0424177617658,True,507.681172420733,1.0,,
200,210.0,741.9438280840183,705.1011407128447,130.2781880864457,810.0424177617658,True,382.8881387401191,1.0,,,789.0595356802943,True,342.48967611151244,1.0,,,766.0424177617658,True,297.4723122078926,0.7486338797814208,2023-01-16,2023-10-16,866.0424177617658,True,491.0320766596494,1.0,,
200,220.0,754.1116302879574,721.6940259839778,136.48191132865742,810.0424177617658,True,363.5741403286911,1.0,,,789.0595356802943,True,321.7432326360191,1.0,,,766.0424177617658,True,274.1826866959836,0.46174863387978143,2023-03-09,2023-08-24,866.0424177617658,True,473.88143150274624,1.0,,
200,230.0,766.2794324918965,737.9138944669423,142.6856345708691,810.0424177617658,True,343.0536037216793,1.0,,,789.0595356802943,True,299.1810055772599,0.7131147540983607,2023-01-22,2023-10-09,766.0424177617658,False,247.43031134990574,0.0546448087431694,2023-05-23,2023-06-11,866.0424177617658,True,456.1492009609811,1.0,,
200,240.0,778.4472346958356,753.7848261631281,148.8893578130808,810.0424177617658,True,320.91565447369766,1.0,,,789.0595356802943,True,273.8836824809556,0.4344262295081967,2023-03-14,2023-08-19,766.0424177617658,False,213.4490117522566,0.0,,,866.0424177617658,True,437.7314861176355,1.0,,
200,250.0,790.6150368997749,769.3284166467429,155.09308105529252,810.0424177617658,True,296.44446084773557,0.6284153005464481,2023-02-07,2023-09-24,789.0595356802943,False,243.72199931288628,0.0,,,766.0424177617658,False,0.0,0.0,,,866.0424177617658,True,418.48918981677883,1.0,,
200,260.0,802.7828391037139,784.5641217686365,161.2968042975042,810.0424177617658,True,268.15853548211476,0.3524590163934426,2023-03-29,2023-08-04,789.0595356802943,False,199.78535311811245,0.0,,,766.0424177617658,False,0.0,0.0,,,866.0424177617658,True,398.2286468890556,1.0,,
200,270.0,814.950641307653,799.509543203206,167.5005275397159,810.0424177617658,False,231.6608799719049,0.0,,,789.0595356802943,False,0.0,0.0,,,766.0424177617658,False,0.0,0.0,,,866.0424177617658,True,376.66592284037904,1.0,,
200,280.0,827.1184435115921,814.1806667929462,173.7042507819276,810.0424177617658,False,0.0,0.0,,,789.0595356802943,False,0.0,0.0,,,766.0424177617658,False,0.0,0.0,,,866.0424177617658,True,353.3539363505166,1.0,,
200,290.0,839.2862457155312,828.5920628909101,179.9079740241393,810.0424177617658,False,0.0,0.0,,,789.0595356802943,False,0.0,0.0,,,766.0424177617658,False,0.0,0.0,,,866.0424177617658,True,327.5101689887998,0.8387978142076503,2023-01-01,2023-12-31
200,300.0,851.4540479194702,842.757055854308,186.11169726635103,810.0424177617658,False,0.0,0.0,,,789.0595356802943,False,0.0,0.0,,,766.0424177617658,False,0.0,0.0,,,866.0424177617658,True,297.5016972965103,0.5218579234972678,2023-02-26,2023-09-04
200,310.0,863.6218501234094,856.6878683036364,192.3154205085627,810.0424177617658,False,0.0,0.0,,,789.0595356802943,False,0.0,0.0,,,766.0424177617658,False,0.0,0.0,,,866.0424177617658,True,258.3791780362241,0.2103825136612022,2023-04-24,2023-07-09
200,320.0,875.7896523273484,870.3957445926743,198.5191437507744,810.0424177617658,False,0.0,0.0,,,789.0595356802943,False,0.0,0.0,,,766.0424177617658,False,0.0,0.0,,,866.0424177617658,False,0.0,0.0,,
200,330.0,887.9574545312876,883.8910570378249,204.72286699298613,810.0424177617658,False,0.0,0.0,,,789.0595356802943,False,0.0,0.0,,,766.0424177617658,False,0.0,0.0,,,866.0424177617658,False,0.0,0.0,,
200,340.0,900.1252567352268,897.183397760932,210.9265902351978,810.0424177617658,False,0.0,0.0,,,789.0595356802943,False,0.0,0.0,,,766.0424177617658,False,0.0,0.0,,,866.0424177617658,False,0.0,0.0,,
200,350.0,912.2930589391658,910.2816584575668,217.1303134774095,810.0424177617658,False,0.0,0.0,,,789.0595356802943,False,0.0,0.0,,,766.0424177617658,False,0.0,0.0,,,866.0424177617658,False,0.0,0.0,,
200,360.0,924.4608611431049,923.1940999760915,223.33403671962122,810.0424177617658,False,0.0,0.0,,,789.0595356802943,False,0.0,0.0,,,766.0424177617658,False,0.0,0.0,,,866.0424177617658,False,0.0,0.0,,
200,370.0,936.628663347044,935.928413254493,229.5377599618329,810.0424177617658,False,0.0,0.0,,,789.0595356802943,False,0.0,0.0,,,766.0424177617658,False,0.0,0.0,,,866.0424177617658,False,0.0,0.0,,
200,380.0,948.7964655509832,948.4917728918266,235.74148320404458,810.0424177617658,False,0.0,0.0,,,789.0595356802943,False,0.0,0.0,,,766.0424177617658,False,0.0,0.0,,,866.0424177617658,False,0.0,0.0,,
200,390.0,960.9642677549222,960.8908844139837,241.94520644625632,810.0424177617658,False,0.0,0.0,,,789.0595356802943,False,0.0,0.0,,,766.0424177617658,False,0.0,0.0,,,866.0424177617658,False,0.0,0.0,,
200,400.0,973.1320699588614,973.1320261178826,248.148929688468,810.0424177617658,False,0.0,0.0,,,789.0595356802943,False,0.0,0.0,,,766.0424177617658,False,0.0,0.0,,,866.0424177617658,False,0.0,0.0,,
200,410.0,985.2998721628004,985.2210862353193,254.3526529306797,810.0424177617658,False,0.0,0.0,,,789.0595356802943,False,0.0,0.0,,,766.0424177617658,False,0.0,0.0,,,866.0424177617658,False,0.0,0.0,,
200,420.0,997.4676743667396,997.163596040845,260.5563761728914,810.0424177617658,False,0.0,0.0,,,789.0595356802943,False,0.0,0.0,,,766.0424177617658,False,0.0,0.0,,,866.0424177617658,False,0.0,0.0,,
200,430.0,1009.6354765706787,1008.9647594319225,266.7600994151031,810.0424177617658,False,0.0,0.0,,,789.0595356802943,False,0.0,0.0,,,766.0424177617658,False,0.0,0.0,,,866.0424177617658,False,0.0,0.0,,
200,440.0,1021.8032787746178,1020.6294794301821,272.96382265731484,810.0424177617658,False,0.0,0.0,,,789.0595356802943,False,0.0,0.0,,,766.0424177617658,False,0.0,0.0,,,866.0424177617658,False,0.0,0.0,,
200,450.0,1033.971080978557,1032.1623819866388,279.1675458995265,810.0424177617658,False,0.0,0.0,,,789.0595356802943,False,0.0,0.0,,,766.0424177617658,False,0.0,0.0,,,866.0424177617658,False,0.0,0.0,,
200,460.0,1046.138883182496,1043.5678374186987,285.3712691417382,810.0424177617658,False,0.0,0.0,,,789.0595356802943,False,0.0,0.0,,,766.0424177617658,False,0.0,0.0,,,866.0424177617658,False,0.0,0.0,,
500,0.0,375.62488951513274,0.0,0.0,810.0424177617658,True,1153.3429894028602,1.0,,,789.0595356802943,True,1094.3657756487553,1.0,,,766.0424177617658,True,1031.4509833542788,1.0,,,866.0424177617658,True,1318.3213491428958,1.0,,
500,10.0,387.7926917190718,135.2113805638655,8.03358624736535,810.0424177617658,True,1137.2190657421158,1.0,,,789.0595356802943,True,1078.2387476645667,1.0,,,766.0424177617658,True,1015.3202461781219,1.0,,,866.0424177617658,True,1302.2046156903737,1.0,,
500,20.0,399.9604939230109,191.2177681806085,16.0671724947307,810.0424177617658,True,1120.9783509097233,1.0,,,789.0595356802943,True,1061.9883450989232,1.0,,,766.0424177617658,True,999.0582409847799,1.0,,,866.0424177617658,True,1285.986260148638,1.0,,
500,30.0,412.12829612695003,234.19298089814603,24.100758742096044,810.0424177617658,True,1104.615636005241,1.0,,,789.0595356802943,True,1045.6087477279807,1.0,,,766.0424177617658,True,982.6583687091195,1.0,,,866.0424177617658,True,1269.6623505246805,1.0,,
500,40.0,424.2960983308891,270.422761127731,32.1343449894614,810.0424177617658,True,1088.1253130199398,1.0,,,789.0595356802943,True,1029.0936627888643,1.0,,,766.0424177617658,True,966.1134581166953,1.0,,,866.0424177617658,True,1253.2286945257451,1.0,,
500,50.0,436.4639005348282,302.3418382723971,40.167931236826746,810.0424177617658,True,1071.5013306658984,1.0,,,789.0595356802943,True,1012.436269457942,1.0,,,766.0424177617658,True,949.4156938432282,1.0,,,866.0424177617658,True,1236.6808147760842,1.0,,
500,60.0,448.6317027387674,331.19888979874133,48.20151748419209,810.0424177617658,True,1054.7371437136946,1.0,,,789.0595356802943,True,995.6291546489354,1.0,,,766.0424177617658,True,932.5565323621457,1.0,,,866.0424177617658,True,1220.013920914772,1.0,,
500,70.0,460.7995049427065,357.7356873977005,56.23510373155744,810.0424177617658,True,1037.8256546331681,1.0,,,789.0595356802943,True,978.664238412286,1.0,,,766.0424177617658,True,915.526603308663,1.0,,,866.0424177617658,True,1203.2228780809846,1.0,,
500,80.0,472.96730714664557,382.435536361217,64.2686899789228,810.0424177617658,True,1020.7591460578791,1.0,,,789.0595356802943,True,961.5326867999793,1.0,,,766.0424177617658,True,898.3155929152811,1.0,,,866.0424177617658,True,1186.3021711980875,1.0,,
500,90.0,485.1351093505847,405.6341416915965,72.30227622628814,810.0424177617658,True,1003.5292022455991,1.0,,,789.0595356802943,True,944.2248095213973,1.0,,,766.0424177617658,True,880.9121054278079,1.0,,,866.0424177617658,True,1169.2458643510345,1.0,,
500,100.0,497.3029115545238,427.5759281576369,80.33586247365349,810.0424177617658,True,986.1266172607405,1.0,,,789.0595356802943,True,926.7299390140108,1.0,,,766.0424177617658,True,863.3034971939535,1.0,,,866.0424177617658,True,1152.0475544071528,1.0,,
500,110.0,509.47071375846286,448.44541671629463,88.36944872101884,810.0424177617658,True,968.5412870274116,1.0,,,789.0595356802943,True,909.036286629553,1.0,,,766.0424177617658,True,845.4756765346657,1.0,,,866.0424177617658,True,1134.7003178507077,1.0,,
500,120.0,521.638515962402,468.38596179629207,96.40303496838418,810.0424177617658,True,950.7620816486218,1.0,,,789.0595356802943,True,891.1307704089784,1.0,,,766.0424177617658,True,827.4128603562195,1.0,,,866.0424177617658,True,1117.196649576655,1.0,,
500,130.0,533.806318166341,487.5115656492921,104.43662121574954,810.0424177617658,True,932.7766933946599,1.0,,,789.0595356802943,True,872.9988072692458,1.0,,,766.0424177617658,True,809.0972754938175,1.0,,,866.0424177617658,True,1099.528392105321,1.0,,
500,140.0,545.9741203702802,505.91466086268986,112.47020746311487,810.0424177617658,True,914.5714544418199,1.0,,,789.0595356802943,True,854.624060178573,1.0,,,766.0424177617658,True,790.5087886264929,1.0,,,866.0424177617658,True,1081.6866533193481,1.0,,
500,150.0,558.1419225742194,523.6714251415643,120.50379371048024,810.0424177617658,True,896.131116661788,1.0,,,789.0595356802943,True,835.9881277977854,1.0,,,766.0424177617658,True,771.6244427029739,1.0,,,866.0424177617658,True,1063.6617103628007,1.0,,
500,160.0,570.3097247781584,540.845522255462,128.5373799578456,810.0424177617658,True,877.4385833327068,1.0,,,789.0595356802943,True,817.0701597273312,1.0,,,766.0424177617658,True,752.4178692833849,1.0,,,866.0424177617658,True,1045.4428967463944,1.0,,
500,170.0,582.4775269820975,557.4908038504042,136.5709662052109,810.0424177617658,True,858.4745792838207,1.0,,,789.0595356802943,True,797.8463743290979,1.0,,,766.0424177617658,True,732.8585336137904,1.0,,,866.0424177617658,True,1027.018468926223,1.0,,
500,180.0,594.6453291860366,573.6533045418255,144.60455245257629,810.0424177617658,True,839.2172412715421,1.0,,,789.0595356802943,True,778.2894471594628,1.0,,,766.0424177617658,True,712.910750279416,1.0,,,866.0424177617658,True,1008.3754476013818,1.0,,
500,190.0,606.8131313899758,589.3727438945093,152.63813869994163,810.0424177617658,True,819.6416036608396,1.0,,,789.0595356802943,True,758.367724863849,1.0,,,766.0424177617658,True,692.5323779907889,1.0,,,866.0424177617658,True,989.4994276167727,1.0,,
500,200.0,618.9809335939149,604.6836765447943,160.67172494730698,810.0424177617658,True,799.7189447218858,1.0,,,789.0595356802943,True,738.0441994910459,1.0,,,766.0424177617658,True,671.6730555792316,1.0,,,866.0424177617658,True,970.3743485292524,1.0,,
500,210.0,631.148735797854,619.6163862533945,168.7053111946723,810.0424177617658,True,779.4159443894085,1.0,,,789.0595356802943,True,717.2751474388881,1.0,,,766.0424177617658,True,650.2717652051075,1.0,,,866.0424177617658,True,950.98221540579,1.0,,
500,220.0,643.316538001793,634.1975903042381,176.73889744203768,810.0424177617658,True,758.6935824314373,1.0,,,789.0595356802943,True,696.0082883963638,1.0,,,766.0424177617658,True,628.2533797499383,1.0,,,866.0424177617658,True,931.302755986469,1.0,,
500,230.0,655.4843402057322,648.4510012188189,184.77248368940303,810.0424177617658,True,737.5056719771396,1.0,,,789.0595356802943,True,674.1802395849825,1.0,,,766.0424177617658,True,605.5236232534272,1.0,,,866.0424177617658,True,911.3129955333587,1.0,,
500,240.0,667.6521424096712,662.3977795974827,192.80606993676835,810.0424177617658,True,715.7968690800387,1.0,,,789.0595356802943,True,651.7129045836001,1.0,,,766.0424177617658,True,581.961449860662,1.0,,,866.0424177617658,True,890.9867238384749,1.0,,
500,250.0,679.8199446136103,676.0569028193274,200.8396561841337,810.0424177617658,True,693.4999095397555,1.0,,,789.0595356802943,True,628.5081951046092,1.0,,,766.0424177617658,True,557.4070137392926,1.0,,,866.0424177617658,True,870.2938189450983,1.0,,
500,260.0,691.9877468175495,689.4454679549705,208.87324243149908,810.0424177617658,True,670.5316712526526,1.0,,,789.0595356802943,True,604.4400359197921,1.0,,,766.0424177617658,True,531.6416428194049,1.0,,,866.0424177617658,True,849.1993774854614,1.0,,
500,270.0,704.1555490214886,702.5789426944381,216.90682867886443,810.0424177617658,True,646.7873874067899,1.0,,,789.0595356802943,True,579.341718996823,1.0,,,766.0424177617658,True,504.35216641938246,1.0,,,866.0424177617658,True,827.6625794200671,1.0,,
500,280.0,716.3233512254276,715.471374795401,224.94041492622975,810.0424177617658,True,622.1318235105754,1.0,,,789.0595356802943,True,552.9847990377817,1.0,,,766.0424177617658,True,475.0614197628329,1.0,,,866.0424177617658,True,805.635180749872,1.0,,
500,290.0,728.4911534293668,728.1355681365989,232.9740011735951,810.0424177617658,True,596.3852095618399,1.0,,,789.0595356802943,True,525.0413775706834,1.0,,,766.0424177617658,True,442.97483511706065,1.0,,,866.0424177617658,True,783.059473368786,1.0,,
500,300.0,740.6589556333059,740.5832316624472,241.00758742096048,810.0424177617658,True,569.2995241207105,1.0,,,789.0595356802943,True,495.01030082084736,1.0,,,766.0424177617658,True,406.5711170514507,0.7896174863387978,2023-01-08,2023-10-23,866.0424177617658,True,759.865461961543,1.0,,
500,310.0,752.8267578372449,752.8251061525382,249.04117366832583,810.0424177617658,True,540.5155508593132,1.0,,,789.0595356802943,True,462.05320105618256,1.0,,,766.0424177617658,True,362.07309769347455,0.4890710382513661,2023-03-04,2023-08-29,866.0424177617658,True,735.9668560234741,1.0,,
500,320.0,764.9945600411842,764.871072722434,257.0747599156912,810.0424177617658,True,509.47733068746794,1.0,,,789.0595356802943,True,424.5525167576547,0.7459016393442623,2023-01-16,2023-10-15,766.0424177617658,True,287.159833027928,0.15027322404371585,2023-05-05,2023-06-28,866.0424177617658,True,711.2552057874057,1.0,,
500,330.0,777.1623622451232,776.7302461740197,265.1083461630565,810.0424177617658,True,475.2370936910266,1.0,,,789.0595356802943,True,378.4260431967588,0.46174863387978143,2023-03-09,2023-08-24,766.0424177617658,False,0.0,0.0,,,866.0424177617658,True,685.5910090646018,1.0,,
500,340.0,789.3301644490623,788.4110557035207,273.1419324104218,810.0424177617658,True,435.90659936191275,0.6584699453551912,2023-02-01,2023-09-29,789.0595356802943,False,296.22045052304867,0.05191256830601093,2023-05-23,2023-06-10,766.0424177617658,False,0.0,0.0,,,866.0424177617658,True,658.7896241456714,1.0,,
500,350.0,801.4979666530014,799.9213149988731,281.1755186577872,810.0424177617658,True,386.3706125794198,0.38524590163934425,2023-03-23,2023-08-10,789.0595356802943,False,0.0,0.0,,,766.0424177617658,False,0.0,0.0,,,866.0424177617658,True,630.597716564549,1.0,,
500,360.0,813.6657688569405,811.268283383193,289.20910490515257,810.0424177617658,False,0.0,0.0,,,789.0595356802943,False,0.0,0.0,,,766.0424177617658,False,0.0,0.0,,,866.0424177617658,True,600.651065848052,1.0,,
500,370.0,825.8335710608796,822.4587193637741,297.24269115251786,810.0424177617658,False,0.0,0.0,,,789.0595356802943,False,0.0,0.0,,,766.0424177617658,False,0.0,0.0,,,866.0424177617658,True,568.391733029949,1.0,,
500,380.0,838.0013732648188,833.4989277086598,305.27627739988327,810.0424177617658,False,0.0,0.0,,,789.0595356802943,False,0.0,0.0,,,766.0424177617658,False,0.0,0.0,,,866.0424177617658,True,532.8831709616419,0.9098360655737705,2023-01-01,2023-12-31
500,390.0,850.1691754687579,844.3948009820242,313.3098636472486,810.0424177617658,False,0.0,0.0,,,789.0595356802943,False,0.0,0.0,,,766.0424177617658,False,0.0,0.0,,,866.0424177617658,True,492.308015452583,0.5491803278688525,2023-02-21,2023-09-09
500,400.0,862.336977672697,855.1518563152738,321.34344989461397,810.0424177617658,False,0.0,0.0,,,789.0595356802943,False,0.0,0.0,,,766.0424177617658,False,0.0,0.0,,,866.0424177617658,True,442.02310022224776,0.2540983606557377,2023-04-16,2023-07-17
500,410.0,874.5047798766361,865.7752680652441,329.3770361419793,810.0424177617658,False,0.0,0.0,,,789.0595356802943,False,0.0,0.0,,,766.0424177617658,False,0.0,0.0,,,866.0424177617658,False,346.15483991573,0.0,,
500,420.0,886.6725820805751,876.2698969081566,337.4106223893446,810.0424177617658,False,0.0,0.0,,,789.0595356802943,False,0.0,0.0,,,766.0424177617658,False,0.0,0.0,,,866.0424177617658,False,0.0,0.0,,
500,430.0,898.8403842845144,886.6403158335504,345.44420863671,810.0424177617658,False,0.0,0.0,,,789.0595356802943,False,0.0,0.0,,,766.0424177617658,False,0.0,0.0,,,866.0424177617658,False,0.0,0.0,,
500,440.0,911.0081864884534,896.8908334325893,353.47779488407537,810.0424177617658,False,0.0,0.0,,,789.0595356802943,False,0.0,0.0,,,766.0424177617658,False,0.0,0.0,,,866.0424177617658,False,0.0,0.0,,
500,450.0,923.1759886923925,907.0255148171913,361.51138113144066,810.0424177617658,False,0.0,0.0,,,789.0595356802943,False,0.0,0.0,,,766.0424177617658,False,0.0,0.0,,,866.0424177617658,False,0.0,0.0,,
500,460.0,935.3437908963316,917.048200458066,369.54496737880606,810.0424177617658,False,0.0,0.0,,,789.0595356802943,False,0.0,0.0,,,766.0424177617658,False,0.0,0.0,,,866.0424177617658,False,0.0,0.0,,
1000,0.0,338.6931920864113,0.0,0.0,810.0424177617658,True,1418.5814252794648,1.0,,,789.0595356802943,True,1346.041009535813,1.0,,,766.0424177617658,True,1268.6574761512916,1.0,,,866.0424177617658,True,1621.50045184021,1.0,,
1000,10.0,350.86099429035033,128.39239493253808,8.909582528033248,810.0424177617658,True,1400.7055883135508,1.0,,,789.0595356802943,True,1328.1620771801165,1.0,,,766.0424177617658,True,1250.774845907159,1.0,,,866.0424177617658,True,1603.631786230771,1.0,,
1000,20.0,363.02879649428945,181.57426621915798,17.819165056066495,810.0424177617658,True,1382.7134578252649,1.0,,,789.0595356802943,True,1310.1603253871986,1.0,,,766.0424177617658,True,1232.761575841062,1.0,,,866.0424177617658,True,1585.6618756048772,1.0,,
1000,30.0,375.19659869822857,222.3821513286048,26.728747584099747,810.0424177617658,True,1364.6003878685942,1.0,,,789.0595356802943,True,1292.0305661896755,1.0,,,766.0424177617658,True,1214.611788151124,1.0,,,866.0424177617658,True,1567.587207898472,1.0,,
1000,40.0,387.3644009021677,256.78478986507616,35.63833011213299,810.0424177617658,True,1346.3614146595678,1.0,,,789.0595356802943,True,1273.767235759302,1.0,,,766.0424177617658,True,1196.3191505908535,1.0,,,866.0424177617658,True,1549.4040631775297,1.0,,
1000,50.0,399.5322031061068,287.09412286315467,44.547912640166246,810.0424177617658,True,1327.9912252752447,1.0,,,789.0595356802943,True,1255.3643551420305,1.0,,,766.0424177617658,True,1177.8768257030886,1.0,,,866.0424177617658,True,1531.1084959944815,1.0,,
1000,60.0,411.7000053100459,314.4958544386189,53.45749516819949,810.0424177617658,True,1309.4841222742457,1.0,,,789.0595356802943,True,1236.8154855563357,1.0,,,766.0424177617658,True,1159.2774125211386,1.0,,,866.0424177617658,True,1512.6963157712116,1.0,,
1000,70.0,423.86780751398504,339.6943472234853,62.36707769623274,810.0424177617658,True,1290.8339835698769,1.0,,,789.0595356802943,True,1218.1136773053922,1.0,,,766.0424177617658,True,1140.5128793242036,1.0,,,866.0424177617658,True,1494.1630649319493,1.0,,
1000,80.0,436.0356097179241,363.14853243831595,71.27666022426598,810.0424177617658,True,1272.0342167532262,1.0,,,789.0595356802943,True,1199.2514111513242,1.0,,,766.0424177617658,True,1121.5744857098566,1.0,,,866.0424177617658,True,1475.5039944623356,1.0,,
1000,90.0,448.2034119218632,385.17718479761425,80.18624275229924,810.0424177617658,True,1253.0777068981383,1.0,,,789.0595356802943,True,1180.2205307458687,1.0,,,766.0424177617658,True,1102.4526918329998,1.0,,,866.0424177617658,True,1456.714036514412,1.0,,
1000,100.0,460.37121412580234,406.01240223068095,89.09582528033249,810.0424177617658,True,1233.9567566738394,1.0,,,789.0595356802943,True,1161.0121643911045,1.0,,,766.0424177617658,True,1083.1370521295244,1.0,,,866.0424177617658,True,1437.787773609058,1.0,,
1000,110.0,472.53901632974146,425.8293999263568,98.00540780836573,810.0424177617658,True,1214.6630173324938,1.0,,,789.0595356802943,True,1141.6166339956715,1.0,,,766.0424177617658,True,1063.6160901543299,1.0,,,866.0424177617658,True,1418.719403904636,1.0,,
1000,120.0,484.7068185336805,444.7643026572096,106.91499033639899,810.0424177617658,True,1195.18740881249,1.0,,,789.0595356802943,True,1122.0233485681085,1.0,,,766.0424177617658,True,1043.8771502623351,1.0,,,866.0424177617658,True,1399.5027018997173,1.0,,
1000,130.0,496.87462073761964,462.9253633088889,115.82457286443223,810.0424177617658,True,1175.5200267828247,1.0,,,789.0595356802943,True,1102.2206789109407,1.0,,,766.0424177617658,True,1023.9062206701811,1.0,,,866.0424177617658,True,1380.130973814075,1.0,,
1000,140.0,509.0424229415588,480.40035290492824,124.73415539246548,810.0424177617658,True,1155.6500339210122,1.0,,,789.0595356802943,True,1082.1958092934842,1.0,,,766.0424177617658,True,1003.6877208449777,1.0,,,866.0424177617658,True,1360.5970067396788,1.0,,
1000,150.0,521.2102251454979,497.2616073534055,133.64373792049872,810.0424177617658,True,1135.5655320273863,1.0,,,789.0595356802943,True,1061.9345607127368,1.0,,,766.0424177617658,True,983.2042440149092,1.0,,,866.0424177617658,True,1340.89301046432,1.0,,
1000,160.0,533.378027349437,513.5695797301523,142.55332044853196,810.0424177617658,True,1115.2534106781548,1.0,,,789.0595356802943,True,1041.421178793264,1.0,,,766.0424177617658,True,962.4362426502088,1.0,,,866.0424177617658,True,1321.0105506344821,1.0,,
1000,170.0,545.545829553376,529.3754058328722,151.46290297656523,810.0424177617658,True,1094.6991669318506,1.0,,,789.0595356802943,True,1020.6380772742506,1.0,,,766.0424177617658,True,941.3616406718733,1.0,,,866.0424177617658,True,1300.9404716274457,1.0,,
1000,180.0,557.7136317573152,544.722798657474,160.37248550459847,810.0424177617658,True,1073.8866890204704,1.0,,,789.0595356802943,True,999.565525158989,1.0,,,766.0424177617658,True,919.95535037761,1.0,,,866.0424177617658,True,1280.6728071271677,1.0,,
1000,190.0,569.8814339612544,559.6494746300972,169.2820680326317,810.0424177617658,True,1052.7979948211953,1.0,,,789.0595356802943,True,978.1812616226304,1.0,,,766.0424177617658,True,898.1886638056733,1.0,,,866.0424177617658,True,1260.1966759195288,1.0,,
1000,200.0,582.0492361651934,574.1882457263093,178.19165056066498,810.0424177617658,True,1031.4129129884052,1.0,,,789.0595356802943,True,956.4600171788474,1.0,,,766.0424177617658,True,876.0284761824734,1.0,,,866.0424177617658,True,1239.500159806601,1.0,,
1000,210.0,594.2170383691325,588.3678684350203,187.10123308869822,810.0424177617658,True,1009.7086905883722,1.0,,,789.0595356802943,True,934.3729116086226,1.0,,,766.0424177617658,True,853.4362811028003,1.0,,,866.0424177617658,True,1218.570159740365,1.0,,
1000,220.0,606.3848405730716,602.2137126330504,196.01081561673146,810.0424177617658,True,987.659505405577,1.0,,,789.0595356802943,True,911.8866875143492,1.0,,,766.0424177617658,True,830.3668496478081,1.0,,,866.0424177617658,True,1197.392225229555,1.0,,
1000,230.0,618.5526427770108,615.7482949710823,204.92039814476473,810.0424177617658,True,965.2358529852564,1.0,,,789.0595356802943,True,888.9627210768228,1.0,,,766.0424177617658,True,806.7664627086825,1.0,,,866.0424177617658,True,1175.95035068825,1.0,,
1000,240.0,630.7204449809498,628.9917088772378,213.82998067279797,810.0424177617658,True,942.4037666891253,1.0,,,789.0595356802943,True,865.5557253417352,1.0,,,766.0424177617658,True,782.5704966242486,1.0,,,866.0424177617658,True,1154.2267305420469,1.0,,
1000,250.0,642.888247184889,641.9619746626904,222.7395632008312,810.0424177617658,True,919.1238115494638,1.0,,,789.0595356802943,True,841.6120204806145,1.0,,,766.0424177617658,True,757.7000470808659,1.0,,,866.0424177617658,True,1132.2014623995535,1.0,,
1000,260.0,655.056049388828,654.675327157923,231.64914572886445,810.0424177617658,True,895.3497661650322,1.0,,,789.0595356802943,True,817.0671799674338,1.0,,,766.0424177617658,True,732.0570769683889,1.0,,,866.0424177617658,True,1109.8521841578256,1.0,,
1000,270.0,667.2238515927672,667.1464539858143,240.55872825689772,810.0424177617658,True,871.026865586777,1.0,,,789.0595356802943,True,791.8427531951979,1.0,,,766.0424177617658,True,705.5172133219729,1.0,,,866.0424177617658,True,1087.1536261279866,1.0,,
1000,280.0,679.3916537967064,679.3886944469706,249.46831078493096,810.0424177617658,True,846.0894120454618,1.0,,,789.0595356802943,True,765.8415787758804,1.0,,,766.0424177617658,True,677.9186303980579,1.0,,,866.0424177617658,True,1064.0770525141286,1.0,,
1000,290.0,691.5594560006454,691.4142066944186,258.3778933129642,810.0424177617658,True,820.4574511107644,1.0,,,789.0595356802943,True,738.9408684365807,1.0,,,766.0424177617658,True,649.0440558187759,1.0,,,866.0424177617658,True,1040.5895568803205,1.0,,
1000,300.0,703.7272582045846,703.2341091666309,267.28747584099744,810.0424177617658,True,794.0320234044709,1.0,,,789.0595356802943,True,710.9816096291822,1.0,,,766.0424177617658,True,618.5898528515551,1.0,,,866.0424177617658,True,1016.6531620509634,1.0,,
1000,310.0,715.8950604085236,714.8586009637833,276.19705836903074,810.0424177617658,True,766.6881660928306,1.0,,,789.0595356802943,True,681.7515646325379,1.0,,,766.0424177617658,True,586.1086192372962,1.0,,,866.0424177617658,True,992.2236536949606,1.0,,
1000,320.0,728.0628626124627,726.2970648766319,285.1066408970639,810.0424177617658,True,738.2642048879884,1.0,,,789.0595356802943,True,650.9563872384517,1.0,,,766.0424177617658,True,550.8908267183882,1.0,,,866.0424177617658,True,967.2490444461189,1.0,,
1000,330.0,740.2306648164018,737.5581560290167,294.01622342509717,810.0424177617658,True,708.5446066069798,1.0,,,789.0595356802943,True,618.1667901919656,1.0,,,766.0424177617658,True,511.68073804865475,0.8032786885245902,2023-01-06,2023-10-26,866.0424177617658,True,941.6675145852572,1.0,,
1000,340.0,752.398467020341,748.6498785156091,302.92580595313046,810.0424177617658,True,677.2309131806934,1.0,,,789.0595356802943,True,582.7118246030017,1.0,,,766.0424177617658,True,465.8047903948136,0.5,2023-03-02,2023-08-31,866.0424177617658,True,915.4045931874592,1.0,,
1000,350.0,764.56626922428,759.57965196413,311.8353884811637,810.0424177617658,True,643.8887334049506,1.0,,,789.0595356802943,True,543.430496798485,0.7622950819672131,2023-01-13,2023-10-18,766.0424177617658,True,404.71652773465513,0.16939890710382513,2023-05-02,2023-07-02,866.0424177617658,True,888.3692064059962,1.0,,
1000,360.0,776.7340714282192,770.3543695952285,320.74497100919695,810.0424177617658,True,607.8411061769214,1.0,,,789.0595356802943,True,497.9488506609246,0.4726775956284153,2023-03-07,2023-08-26,766.0424177617658,False,0.0,0.0,,,866.0424177617658,True,860.4479811353723,1.0,,
1000,370.0,788.9018736321583,780.9804490708935,329.65455353723024,810.0424177617658,True,567.921816098116,0.6693989071038251,2023-01-30,2023-10-01,789.0595356802943,True,439.4287004975834,0.09562841530054644,2023-05-15,2023-06-18,766.0424177617658,False,0.0,0.0,,,866.0424177617658,True,831.496758736356,1.0,,
1000,380.0,801.0696758360974,791.4638771968607,338.5641360652634,810.0424177617658,True,521.7647186082196,0.39344262295081966,2023-03-22,2023-08-12,789.0595356802943,False,0.0,0.0,,,766.0424177617658,False,0.0,0.0,,,866.0424177617658,True,801.3274412873017,1.0,,
1000,390.0,813.2374780400365,801.8102493632769,347.47371859329667,810.0424177617658,False,462.68102166651954,0.0,,,789.0595356802943,False,0.0,0.0,,,766.0424177617658,False,0.0,0.0,,,866.0424177617658,True,769.6865873305065,1.0,,
1000,400.0,825.4052802439755,812.0248044613619,356.38330112132996,810.0424177617658,False,0.0,0.0,,,789.0595356802943,False,0.0,0.0,,,766.0424177617658,False,0.0,0.0,,,866.0424177617658,True,736.2183839629228,1.0,,
1000,410.0,837.5730824479148,822.112455894585,365.2928836493632,810.0424177617658,False,0.0,0.0,,,789.0595356802943,False,0.0,0.0,,,766.0424177617658,False,0.0,0.0,,,866.0424177617658,True,700.3952816560862,0.9508196721311475,2023-01-01,2023-12-31
1000,420.0,849.7408846518538,832.0778192053546,374.20246617739645,810.0424177617658,False,0.0,0.0,,,789.0595356802943,False,0.0,0.0,,,766.0424177617658,False,0.0,0.0,,,866.0424177617658,True,661.3731605388199,0.5573770491803278,2023-02-20,2023-09-11
1000,430.0,861.9086868557929,841.9252367580222,383.11204870542974,810.0424177617658,False,0.0,0.0,,,789.0595356802943,False,0.0,0.0,,,766.0424177617658,False,0.0,0.0,,,866.0424177617658,True,617.6370423381769,0.2650273224043716,2023-04-14,2023-07-19
1000,440.0,874.076489059732,851.6587998527136,392.0216312334629,810.0424177617658,False,0.0,0.0,,,789.0595356802943,False,0.0,0.0,,,766.0424177617658,False,0.0,0.0,,,866.0424177617658,False,565.877079739343,0.0,,
1000,450.0,886.2442912636711,861.282368589464,400.93121376149617,810.0424177617658,False,0.0,0.0,,,789.0595356802943,False,0.0,0.0,,,766.0424177617658,False,0.0,0.0,,,866.0424177617658,False,494.7059048947162,0.0,,
1000,460.0,898.4120934676102,870.7995897562138,409.84079628952946,810.0424177617658,False,0.0,0.0,,,789.0595356802943,False,0.0,0.0,,,766.0424177617658,False,0.0,0.0,,,866.0424177617658,False,0.0,0.0,,
3000,0.0,314.07206046726367,0.0,0.0,810.0424177617658,True,1649.713756513195,1.0,,,789.0595356802943,True,1565.354184603593,1.0,,,766.0424177617658,True,1475.3623961330134,1.0,,,866.0424177617658,True,1885.6947891208786,1.0,,
3000,10.0,326.2398626712028,123.63764328956238,9.608033717126617,810.0424177617658,True,1630.4410698526376,1.0,,,789.0595356802943,True,1546.0784084822494,1.0,,,766.0424177617658,True,1456.0829296230404,1.0,,,866.0424177617658,True,1866.4292613005161,1.0,,
3000,20.0,338.40766487514185,174.850031959946,19.216067434253233,810.0424177617658,True,1611.0524191412499,1.0,,,789.0595356802943,True,1526.6801803164626,1.0,,,766.0424177617658,True,1436.6732388340358,1.0,,,866.0424177617658,True,1847.0627383318272,1.0,,
3000,30.0,350.575467079081,214.1466799055993,28.824101151379846,810.0424177617658,True,1591.543527138591,1.0,,,789.0595356802943,True,1507.154725822019,1.0,,,766.0424177617658,True,1417.1279173219514,1.0,,,866.0424177617658,True,1827.5919838134312,1.0,,
3000,40.0,362.74326928302014,247.27528657912475,38.432134868506466,810.0424177617658,True,1571.9098470167173,1.0,,,789.0595356802943,True,1487.4969521661185,1.0,,,766.0424177617658,True,1397.4411738614835,1.0,,,866.0424177617658,True,1808.0135847086824,1.0,,
3000,50.0,374.91107148695926,276.46217497333225,48.040168585633076,810.0424177617658,True,1552.1465379545714,1.0,,,789.0595356802943,True,1467.7014173928196,1.0,,,766.0424177617658,True,1377.606792979104,1.0,,,866.0424177617658,True,1788.3239375471146,1.0,,
3000,60.0,387.0788736908983,302.8491390596685,57.64820230275969,810.0424177617658,True,1532.2484378159916,1.0,,,789.0595356802943,True,1447.7622959686898,1.0,,,766.0424177617658,True,1357.6180901236187,1.0,,,866.0424177617658,True,1768.519233208245,1.0,,
3000,70.0,399.24667589483744,327.11445683029586,67.25623601988632,810.0424177617658,True,1512.2100324737494,1.0,,,789.0595356802943,True,1427.6733398294082,1.0,,,766.0424177617658,True,1337.4678605558913,1.0,,,866.0424177617658,True,1748.5954401055549,1.0,,
3000,80.0,411.41447809877656,349.700063919892,76.86426973701293,810.0424177617658,True,1492.0254212622272,1.0,,,789.0595356802943,True,1407.4278341877266,1.0,,,766.0424177617658,True,1317.1483208474983,1.0,,,866.0424177617658,True,1728.5482855601338,1.0,,
3000,90.0,423.5822803027156,370.9129298686871,86.47230345413954,810.0424177617658,True,1471.6882779443022,1.0,,,789.0595356802943,True,1387.0185472150956,1.0,,,766.0424177617658,True,1296.6510416384165,1.0,,,866.0424177617658,True,1708.3732351199228,1.0,,
3000,100.0,435.75008250665473,390.9765573304501,96.08033717126615,810.0424177617658,True,1451.1918064593096,1.0,,,789.0595356802943,True,1366.4376725257907,1.0,,,766.0424177617658,True,1275.9668700024197,1.0,,,866.0424177617658,True,1688.0654695406372,1.0,,
3000,110.0,447.91788471059385,410.05967275528053,105.68837088839277,810.0424177617658,True,1430.5286905730063,1.0,,,789.0595356802943,True,1345.6767631637497,1.0,,,766.0424177617658,True,1255.0858393869999,1.0,,,866.0424177617658,True,1667.6198590968675,1.0,,
3000,120.0,460.085686914533,428.2933598111986,115.29640460551938,810.0424177617658,True,1409.691036369906,1.0,,,789.0595356802943,True,1324.7266555054637,1.0,,,766.0424177617658,True,1233.997064607108,1.0,,,866.0424177617658,True,1647.030934834847,1.0,,
3000,130.0,472.2534891184721,445.7818624580434,124.90443832264602,810.0424177617658,True,1388.6703063036255,1.0,,,789.0595356802943,True,1303.577381129765,1.0,,,766.0424177617658,True,1212.6886187444054,1.0,,,866.0424177617658,True,1626.2928563097391,1.0,,
3000,140.0,484.4212913224112,462.6097012977127,134.51247203977263,810.0424177617658,True,1367.4572432392888,1.0,,,789.0595356802943,True,1282.218064243809,1.0,,,766.0424177617658,True,1191.147387988597,1.0,,,866.0424177617658,True,1605.3993752672695,1.0,,
3000,150.0,496.5890935263503,478.8465334248083,144.12050575689923,810.0424177617658,True,1346.0417825667016,1.0,,,789.0595356802943,True,1260.6368016620847,1.0,,,766.0424177617658,True,1169.3588993886465,1.0,,,866.0424177617658,True,1584.3437946286108,1.0,,
3000,160.0,508.7568957302894,494.5505731582495,153.72853947402587,810.0424177617658,True,1324.4129500112742,1.0,,,789.0595356802943,True,1238.8205215682021,1.0,,,766.0424177617658,True,1147.3071150658536,1.0,,,866.0424177617658,True,1563.1189220141073,1.0,,
3000,170.0,520.9246979342286,509.77106258530426,163.3365731911525,810.0424177617658,True,1302.5587421907476,1.0,,,789.0595356802943,True,1216.7548162867438,1.0,,,766.0424177617658,True,1124.97418454445,1.0,,,866.0424177617658,True,1541.7170168898897,1.0,,
3000,180.0,533.0925001381676,524.5500958798381,172.94460690827907,810.0424177617658,True,1280.4659862175126,1.0,,,789.0595356802943,True,1194.4237429692544,1.0,,,766.0424177617658,True,1102.3401442848378,1.0,,,866.0424177617658,True,1520.1297302341418,1.0,,
3000,190.0,545.2603023421068,538.9239927167321,182.5526406254057,810.0424177617658,True,1258.1201736702633,1.0,,,789.0595356802943,True,1171.8095843329784,1.0,,,766.0424177617658,True,1079.3825499746144,1.0,,,866.0424177617658,True,1498.3480353868708,1.0,,
3000,200.0,557.4281045460458,552.9243499466645,192.1606743425323,810.0424177617658,True,1235.5052629729776,1.0,,,789.0595356802943,True,1148.8925592078524,1.0,,,766.0424177617658,True,1056.0760222158644,1.0,,,866.0424177617658,True,1476.3621484554499,1.0,,
3000,210.0,569.595906749985,566.5788591203686,201.76870805965893,810.0424177617658,True,1212.6034425074236,1.0,,,789.0595356802943,True,1125.6504693895465,1.0,,,766.0424177617658,True,1032.3916792920338,1.0,,,866.0424177617658,True,1454.1614362806765,1.0,,
3000,220.0,581.763708953924,579.911950592791,211.37674177678554,810.0424177617658,True,1189.3948444801536,1.0,,,789.0595356802943,True,1102.0582647814358,1.0,,,766.0424177617658,True,1008.2964206898022,1.0,,,866.0424177617658,True,1431.7343095013036,1.0,,
3000,230.0,593.9315111578632,592.9453071561767,220.98477549391217,810.0424177617658,True,1165.8571964217008,1.0,,,789.0595356802943,True,1078.0875024563506,1.0,,,766.0424177617658,True,983.7520103768967,1.0,,,866.0424177617658,True,1409.0680976575313,1.0,,
3000,240.0,606.0993133618023,605.698278119337,230.59280921103877,810.0424177617658,True,1141.9653928514683,1.0,,,789.0595356802943,True,1053.7056661836214,1.0,,,766.0424177617658,True,958.7138868648202,1.0,,,866.0424177617658,True,1386.1489025026228,1.0,,
3000,250.0,618.2671155657414,618.1882164478119,240.2008429281654,810.0424177617658,True,1117.6909635484876,1.0,,,789.0595356802943,True,1028.8752997336012,1.0,,,766.0424177617658,True,933.1295934082697,1.0,,,866.0424177617658,True,1362.9614246870342,1.0,,
3000,260.0,630.4349177696805,630.4307557481026,249.80887664529203,810.0424177617658,True,1093.0014061819995,1.0,,,789.0595356802943,True,1003.5528876038329,1.0,,,766.0424177617658,True,906.9366686975515,1.0,,,866.0424177617658,True,1339.488757657729,1.0,,
3000,270.0,642.6027199736196,642.440039716798,259.41691036241866,810.0424177617658,True,1067.8593384504768,1.0,,,789.0595356802943,True,977.6873869142204,1.0,,,766.0424177617658,True,880.0597524757992,1.0,,,866.0424177617658,True,1315.7121408583714,1.0,,
3000,280.0,654.7705221775587,654.2289136605917,269.02494407954526,810.0424177617658,True,1042.221406219777,1.0,,,789.0595356802943,True,951.218267610317,1.0,,,766.0424177617658,True,852.4065163505052,1.0,,,866.0424177617658,True,1291.6106619539476,1.0,,
3000,290.0,666.9383243814978,665.8090854800008,278.63297779667187,810.0424177617658,True,1016.036855919664,1.0,,,789.0595356802943,True,924.072843345682,1.0,,,766.0424177617658,True,823.8617784294269,1.0,,,866.0424177617658,True,1267.1608945882845,1.0,,
3000,300.0,679.106126585437,677.1912618647054,288.24101151379847,810.0424177617658,True,989.2456356728019,1.0,,,789.0595356802943,True,896.1625514947436,1.0,,,766.0424177617658,True,794.2787003095613,1.0,,,866.0424177617658,True,1242.3364537482407,1.0,,
3000,310.0,691.273928789376,688.3852642119158,297.84904523092507,810.0424177617658,True,961.7758198018853,1.0,,,789.0595356802943,True,867.3776274935682,1.0,,,766.0424177617658,True,763.4650759491125,1.0,,,866.0424177617658,True,1217.1074446014075,1.0,,
3000,320.0,703.4417309933151,699.400127839784,307.45707894805173,810.0424177617658,True,933.540036403272,1.0,,,789.0595356802943,True,837.5792352546987,1.0,,,766.0424177617658,True,731.1608853601057,1.0,,,866.0424177617658,True,1191.4397718469393,1.0,,
3000,330.0,715.6095331972542,710.2441873472133,317.06511266517833,810.0424177617658,True,904.4303813779668,1.0,,,789.0595356802943,True,806.5873891777583,1.0,,,766.0424177617658,True,696.9991630832935,1.0,,,866.0424177617658,True,1165.2942638425181,1.0,,
3000,340.0,727.7773354011933,720.9251504134812,326.673146382305,810.0424177617658,True,874.3109525548516,1.0,,,789.0595356802943,True,774.16153914466,1.0,,,766.0424177617658,True,660.4319358291017,1.0,,,866.0424177617658,True,1138.6255469137907,1.0,,
3000,350.0,739.9451376051326,731.450161895462,336.28118009943154,810.0424177617658,True,843.0064822895487,1.0,,,789.0595356802943,True,739.9675020095448,1.0,,,766.0424177617658,True,620.5733337126326,0.8142076502732241,2023-01-04,2023-10-28,866.0424177617658,True,1111.3805768126458,1.0,,
3000,360.0,752.1129398090716,741.8258597373742,345.88921381655814,810.0424177617658,True,810.2842431748038,1.0,,,789.0595356802943,True,703.5167718526397,1.0,,,766.0424177617658,True,575.8072300527762,0.505464480874317,2023-03-01,2023-09-01,866.0424177617658,True,1083.4966903424609,1.0,,
3000,370.0,764.2807420130107,752.0584239361273,355.4972475336848,810.0424177617658,True,775.8236089460033,1.0,,,789.0595356802943,True,664.0433640615689,0.76775956284153,2023-01-12,2023-10-19,766.0424177617658,True,522.4917516019298,0.1830601092896175,2023-04-29,2023-07-04,866.0424177617658,True,1054.8989703685784,1.0,,
3000,380.0,776.4485442169498,762.1536195882618,365.1052812508114,810.0424177617658,True,739.1610896006808,1.0,,,789.0595356802943,True,620.2152194983497,0.4781420765027322,2023-03-06,2023-08-27,766.0424177617658,False,446.8116723100774,0.0,,,866.0424177617658,True,1025.496603062931,1.0,,
3000,390.0,788.6163464208889,772.1168348700123,374.713314967938,810.0424177617658,True,699.5812492063055,0.674863387978142,2023-01-29,2023-10-02,789.0595356802943,True,569.2844988864501,0.11748633879781421,2023-05-11,2023-06-22,766.0424177617658,False,0.0,0.0,,,866.0424177617658,True,995.1777120004291,1.0,,
3000,400.0,800.7841486248279,781.9531146609002,384.3213486850646,810.0424177617658,True,655.869348930601,0.4016393442622951,2023-03-20,2023-08-13,789.0595356802943,False,503.1622291857667,0.0,,,766.0424177617658,False,0.0,0.0,,,866.0424177617658,True,963.8018098510581,1.0,,
3000,410.0,812.9519508287672,791.6671904064738,393.92938240219127,810.0424177617658,False,605.6219387069978,0.0,,,789.0595356802943,False,0.0,0.0,,,766.0424177617658,False,0.0,0.0,,,866.0424177617658,True,931.188369041947,1.0,,
3000,420.0,825.1197530327062,801.2635067219004,403.53741611931787,810.0424177617658,False,542.4295070030587,0.0,,,789.0595356802943,False,0.0,0.0,,,766.0424177617658,False,0.0,0.0,,,866.0424177617658,True,897.0987522140099,1.0,,
3000,430.0,837.2875552366453,810.7462451608851,413.1454498364445,810.0424177617658,False,0.0,0.0,,,789.0595356802943,False,0.0,0.0,,,766.0424177617658,False,0.0,0.0,,,866.0424177617658,True,861.20607369349,1.0,,
3000,440.0,849.4553574405845,820.1193455105611,422.7534835535711,810.0424177617658,False,0.0,0.0,,,789.0595356802943,False,0.0,0.0,,,766.0424177617658,False,0.0,0.0,,,866.0424177617658,True,823.0413790764006,0.5655737704918032,2023-02-18,2023-09-12
3000,450.0,861.6231596445235,829.3865249199965,432.36151727069773,810.0424177617658,False,0.0,0.0,,,789.0595356802943,False,0.0,0.0,,,766.0424177617658,False,0.0,0.0,,,866.0424177617658,True,781.8884367759356,0.27595628415300544,2023-04-12,2023-07-21
3000,460.0,873.7909618484626,838.5512951257456,441.96955098782433,810.0424177617658,False,0.0,0.0,,,789.0595356802943,False,0.0,0.0,,,766.0424177617658,False,0.0,0.0,,,866.0424177617658,False,736.5503497789473,0.0,,
10000,0.0,305.4546644005621,0.0,0.0,810.0424177617658,True,1744.1092307861422,1.0,,,789.0595356802943,True,1654.9226628183267,1.0,,,766.0424177617658,True,1559.78160677341,1.0,,,866.0424177617658,True,1993.5929340265195,1.0,,
10000,10.0,317.62246660450114,121.92968364916953,9.879092704309498,810.0424177617658,True,1724.2944445614803,1.0,,,789.0595356802943,True,1635.1047892029917,1.0,,,766.0424177617658,True,1539.960045387633,1.0,,,866.0424177617658,True,1973.7853022710522,1.0,,
10000,20.0,329.79026880844026,172.43461227251655,19.758185408618996,810.0424177617658,True,1704.3638091708642,1.0,,,789.0595356802943,True,1615.1645916241328,1.0,,,766.0424177617658,True,1520.0084045534825,1.0,,,866.0424177617658,True,1953.8767625370353,1.0,,
10000,30.0,341.95807101237943,211.1884070311618,29.637278112928495,810.0424177617658,True,1684.3131751937306,1.0,,,789.0595356802943,True,1595.0974391332954,1.0,,,766.0424177617658,True,1499.9214410416757,1.0,,,866.0424177617658,True,1933.8641741054369,1.0,,
10000,40.0,354.12587321631855,243.85936729833907,39.51637081723799,810.0424177617658,True,1664.1381394284265,1.0,,,789.0595356802943,True,1574.8984009933542,1.0,,,766.0424177617658,True,1479.6935496224446,1.0,,,866.0424177617658,True,1913.7442298730243,1.0,,
10000,50.0,366.2936754202576,272.6430611145877,49.39546352154749,810.0424177617658,True,1643.8340226155485,1.0,,,789.0595356802943,True,1554.562218783871,1.0,,,766.0424177617658,True,1459.3187270778647,1.0,,,866.0424177617658,True,1893.5134437442414,1.0,,
10000,60.0,378.46147762419673,298.66550943943855,59.27455622585699,810.0424177617658,True,1623.3958445822823,1.0,,,789.0595356802943,True,1534.083275077878,1.0,,,766.0424177617658,True,1438.7905314793636,1.0,,,866.0424177617658,True,1873.1681367674419,1.0,,
10000,70.0,390.62927982813585,322.595620372481,69.15364893016648,810.0424177617658,True,1602.8182964331395,1.0,,,789.0595356802943,True,1513.4555581605157,1.0,,,766.0424177617658,True,1418.102035946015,1.0,,,866.0424177617658,True,1852.7044218591802,1.0,,
10000,80.0,402.7970820320749,344.8692245450331,79.03274163447598,810.0424177617658,True,1582.0957093464515,1.0,,,789.0595356802943,True,1492.6726221604804,1.0,,,766.0424177617658,True,1397.2457759408335,1.0,,,866.0424177617658,True,1832.118186936708,1.0,,
10000,90.0,414.96488423601403,365.7890509475086,88.91183433878548,810.0424177617658,True,1561.2220194561037,1.0,,,789.0595356802943,True,1471.7275418435559,1.0,,,766.0424177617658,True,1376.2136889658743,1.0,,,866.0424177617658,True,1811.4050762511415,1.0,,
10000,100.0,427.13268643995315,385.5755147151665,98.79092704309498,810.0424177617658,True,1540.1907282009486,1.0,,,789.0595356802943,True,1450.6128611678382,1.0,,,766.0424177617658,True,1354.9970452716645,1.0,,,866.0424177617658,True,1790.5604696809771,1.0,,
10000,110.0,439.30048864389227,404.3950114710271,108.67001974740448,810.0424177617658,True,1518.9948574057864,1.0,,,789.0595356802943,True,1429.3205345150702,1.0,,,766.0424177617658,True,1333.5863678882522,1.0,,,866.0424177617658,True,1769.5794597067732,1.0,,
10000,120.0,451.4682908478314,422.3768140623236,118.54911245171398,810.0424177617658,True,1497.626898212195,1.0,,,789.0595356802943,True,1407.841859281914,1.0,,,766.0424177617658,True,1311.9713398948766,1.0,,,866.0424177617658,True,1748.4568257414821,1.0,,
10000,130.0,463.6360930517705,439.6237263981839,128.42820515602347,810.0424177617658,True,1476.0787527975997,1.0,,,789.0595356802943,True,1386.1673982259767,1.0,,,766.0424177617658,True,1290.1406963473091,1.0,,,866.0424177617658,True,1727.1870054355074,1.0,,
10000,140.0,475.8038952557096,456.219101492925,138.30729786033297,810.0424177617658,True,1454.3416675973651,1.0,,,789.0595356802943,True,1364.286889596583,1.0,,,766.0424177617658,True,1268.0820976413754,1.0,,,866.0424177617658,True,1705.764062508947,1.0,,
10000,150.0,487.97169745964874,472.2316341815724,148.18639056464247,810.0424177617658,True,1432.4061564648962,1.0,,,789.0595356802943,True,1342.1891426163268,1.0,,,766.0424177617658,True,1245.7819802598333,1.0,,,866.0424177617658,True,1684.1816505830843,1.0,,
10000,160.0,500.1394996635878,487.71873459667813,158.06548326895197,810.0424177617658,True,1410.2619118522266,1.0,,,789.0595356802943,True,1319.8619152846131,1.0,,,766.0424177617658,True,1223.2253797606654,1.0,,,866.0424177617658,True,1662.4329723856165,1.0,,
10000,170.0,512.3073018675269,502.72896458367256,167.94457597326146,810.0424177617658,True,1387.8977016461233,1.0,,,789.0595356802943,True,1297.291770705284,1.0,,,766.0424177617658,True,1200.395719423342,1.0,,,866.0424177617658,True,1640.5107335851546,1.0,,
10000,180.0,524.475104071466,517.3038368175496,177.82366867757096,810.0424177617658,True,1365.3012487223384,1.0,,,789.0595356802943,True,1274.4639071367194,1.0,,,766.0424177617658,True,1177.2745560407054,1.0,,,866.0424177617658,True,1618.407090364645,1.0,,
10000,190.0,536.6429062754052,531.4791692446136,187.70276138188044,810.0424177617658,True,1342.4590895421265,1.0,,,789.0595356802943,True,1251.3619556400267,1.0,,,766.0424177617658,True,1153.84127173214,1.0,,,866.0424177617658,True,1596.1135896635008,1.0,,
10000,200.0,548.8107084793443,545.2861222291754,197.58185408618996,810.0424177617658,True,1319.3564071537833,1.0,,,789.0595356802943,True,1227.9677374389246,1.0,,,766.0424177617658,True,1130.0726970707863,1.0,,,866.0424177617658,True,1573.621100795056,1.0,,
10000,210.0,560.9785106832833,558.7520047843389,207.46094679049943,810.0424177617658,True,1295.9768326982057,1.0,,,789.0595356802943,True,1204.2609707307863,1.0,,,766.0424177617658,True,1105.9426458332978,1.0,,,866.0424177617658,True,1550.9197368673315,1.0,,
10000,220.0,573.1463128872225,571.9009097783498,217.34003949480896,810.0424177617658,True,1272.3022078388929,1.0,,,789.0595356802943,True,1180.2189134491541,1.0,,,766.0424177617658,True,1081.4213346393135,1.0,,,866.0424177617658,True,1527.9987640848076,1.0,,
10000,230.0,585.3141150911615,584.7542204722347,227.21913219911843,810.0424177617658,True,1248.3122982818713,1.0,,,789.0595356802943,True,1155.8159239983854,1.0,,,766.0424177617658,True,1056.4746506308995,1.0,,,866.0424177617658,True,1504.8464965653443,1.0,,
10000,240.0,597.4819172951006,597.3310188788771,237.09822490342796,810.0424177617658,True,1223.984445484717,1.0,,,789.0595356802943,True,1131.022915693311,1.0,,,766.0424177617658,True,1031.063215532207,1.0,,,866.0424177617658,True,1481.4501737403696,1.0,,
10000,250.0,609.6497194990397,609.6484182458477,246.97731760773743,810.0424177617658,True,1199.2931394284406,1.0,,,789.0595356802943,True,1105.806671666381,1.0,,,766.0424177617658,True,1005.141172295098,1.0,,,866.0424177617658,True,1457.795816678186,1.0,,
10000,260.0,621.8175217029789,621.7218362133106,256.85641031204693,810.0424177617658,True,1174.2094894184008,1.0,,,789.0595356802943,True,1080.1289739757374,1.0,,,766.0424177617658,True,978.6545866795786,1.0,,,866.0424177617658,True,1433.8680587249123,1.0,,
10000,270.0,633.9853239069181,633.5652210934855,266.73550301635646,810.0424177617658,True,1148.7005614887958,1.0,,,789.0595356802943,True,1053.9454813441168,1.0,,,766.0424177617658,True,951.5393029625894,1.0,,,866.0424177617658,True,1409.6499446187931,1.0,,
10000,280.0,646.1531261108571,645.191240744962,276.61459572066593,810.0424177617658,True,1122.7285388549935,1.0,,,789.0595356802943,True,1027.2042607187689,1.0,,,766.0424177617658,True,923.7180070116827,1.0,,,866.0424177617658,True,1385.1226905936765,1.0,,
10000,290.0,658.3209283147962,656.6114413325512,286.49368842497546,810.0424177617658,True,1096.2496439811002,1.0,,,789.0595356802943,True,999.843832438948,1.0,,,766.0424177617658,True,895.0961061792971,1.0,,,866.0424177617658,True,1360.2653957924513,1.0,,
10000,300.0,670.4887305187353,667.8363816411897,296.37278112928493,810.0424177617658,True,1069.2127339114277,1.0,,,789.0595356802943,True,971.79051628874,1.0,,,766.0424177617658,True,865.5557853822453,1.0,,,866.0424177617658,True,1335.054692338108,1.0,,
10000,310.0,682.6565327226745,678.8757473929845,306.2518738335944,810.0424177617658,True,1041.5574389925468,1.0,,,789.0595356802943,True,942.9547461558099,1.0,,,766.0424177617658,True,834.9471433562687,1.0,,,866.0424177617658,True,1309.4643173306104,1.0,,
10000,320.0,694.8243349266135,689.7384490900662,316.13096653790393,810.0424177617658,True,1013.2116493015533,1.0,,,789.0595356802943,True,913.2258164941735,1.0,,,766.0424177617658,True,803.0744375806843,1.0,,,866.0424177617658,True,1283.4645843608387,1.0,,
10000,330.0,706.9921371305527,700.432706195218,326.01005924221346,810.0424177617658,True,984.0880455156417,1.0,,,789.0595356802943,True,882.4641586035386,1.0,,,766.0424177617658,True,769.6736686663147,1.0,,,866.0424177617658,True,1257.0217241102048,1.0,,
10000,340.0,719.1599393344917,710.9661199120131,335.88915194652293,810.0424177617658,True,954.0791887505844,1.0,,,789.0595356802943,True,850.4895588500085,1.0,,,766.0424177617658,True,734.3737301362141,1.0,,,866.0424177617658,True,1230.0970520730964,1.0,,
10000,350.0,731.3277415384308,721.3457363965836,345.7682446508324,810.0424177617658,True,923.0503623293272,1.0,,,789.0595356802943,True,817.0623620681765,1.0,,,766.0424177617658,True,696.6234482476289,1.0,,,866.0424177617658,True,1202.6459045513363,1.0,,
10000,360.0,743.49554374237,731.5781018950172,355.64733735514193,810.0424177617658,True,890.8287627883919,1.0,,,789.0595356802943,True,781.8517601687416,1.0,,,766.0424177617658,True,655.538710043782,0.7049180327868853,2023-01-24,2023-10-08,866.0424177617658,True,1174.6162588175068,1.0,,
10000,370.0,755.663345946309,741.6693110322839,365.52643005945146,810.0424177617658,True,857.1864683747631,1.0,,,789.0595356802943,True,744.3783151744302,1.0,,,766.0424177617658,True,609.5265182500857,0.4262295081967213,2023-03-16,2023-08-18,866.0424177617658,True,1145.9469146971703,1.0,,
10000,380.0,767.8311481502483,751.6250492645181,375.40552276376087,810.0424177617658,True,821.8121512444986,1.0,,,789.0595356802943,True,703.8993068908723,0.6721311475409836,2023-01-30,2023-10-02,766.0424177617658,False,555.0808838757923,0.0,,,866.0424177617658,True,1116.5650541075884,1.0,,
10000,390.0,779.9989503541873,761.4506303344136,385.2846154680704,810.0424177617658,True,784.260836608429,1.0,,,789.0595356802943,True,659.1467903847154,0.39617486338797814,2023-03-21,2023-08-12,766.0424177617658,False,479.8693606680573,0.0,,,866.0424177617658,True,1086.382896844697,1.0,,
10000,400.0,792.1667525581264,771.151029430333,395.1637081723799,810.0424177617658,True,743.8564127325981,0.592896174863388,2023-02-13,2023-09-17,789.0595356802943,False,607.5884638406952,0.0,,,766.0424177617658,False,0.0,0.0,,,866.0424177617658,True,1055.293006442477,1.0,,
10000,410.0,804.3345547620655,780.7309126365171,405.04280087668945,810.0424177617658,True,699.4776493305534,0.3114754098360656,2023-04-06,2023-07-28,789.0595356802943,False,542.3257629881565,0.0,,,766.0424177617658,False,0.0,0.0,,,866.0424177617658,True,1023.1615135895788,1.0,,
10000,420.0,816.5023569660046,790.1946631691684,414.92189358099887,810.0424177617658,False,648.9924298762501,0.0,,,789.0595356802943,False,0.0,0.0,,,766.0424177617658,False,0.0,0.0,,,866.0424177617658,True,989.8180026404465,1.0,,
10000,430.0,828.6701591699436,799.5464048170201,424.8009862853084,810.0424177617658,False,587.1819350400984,0.0,,,789.0595356802943,False,0.0,0.0,,,766.0424177617658,False,0.0,0.0,,,866.0424177617658,True,955.0398019549204,1.0,,
10000,440.0,840.8379613738829,808.7900229420542,434.6800789896179,810.0424177617658,False,485.848385267713,0.0,,,789.0595356802943,False,0.0,0.0,,,766.0424177617658,False,0.0,0.0,,,866.0424177617658,True,918.5263522703297,0.7841530054644809,2023-01-09,2023-10-22
10000,450.0,853.005763577822,817.929183343763,444.55917169392745,810.0424177617658,False,0.0,0.0,,,789.0595356802943,False,0.0,0.0,,,766.0424177617658,False,0.0,0.0,,,866.0424177617658,True,879.8547142769037,0.48633879781420764,2023-03-05,2023-08-29
10000,460.0,865.173565781761,826.9673492467414,454.43826439823687,810.0424177617658,False,0.0,0.0,,,789.0595356802943,False,0.0,0.0,,,766.0424177617658,False,0.0,0.0,,,866.0424177617658,True,838.3958417667303,0.13934426229508196,2023-05-07,2023-06-26
