spec_id,wavelength,significance,width_ratio,score,redshift,n_survivors,ra,dec,spectype,data_release,n_lines_in_spectrum,simbad_id,simbad_otype,simbad_sptype,simbad_n_match,candidate_class,hunt_rank
0066ab51-868c-11ef-b5a0-525400f334e1,8542.400000000232,10.712541890530318,1.1406320929201477,0.7946215927314422,-0.00031724513844285995,1,242.2707321617049,11.147686263136384,STAR,DESI-DR1,4,,,,0,unexamined,0.5480148915389257
0027e935-88f3-11ef-952d-525400f334e1,8547.200000000234,9.076157477733188,1.7525160552220218,0.4722040289352043,0.00021771432827198122,1,215.740637467352,-3.4285427058222258,STAR,DESI-DR1,1,,,,0,unexamined,0.4722040289352043
0043521b-85ec-11ef-8227-525400f334e1,8534.40000000023,8.368718586165413,1.4979232028293228,0.5032808501126634,-0.0012591051267473667,1,310.7028071627347,-2.6738129951117666,STAR,DESI-DR1,2,,,,0,unexamined,0.4376355218370987
00712b12-87cc-11ef-9734-525400f334e1,8538.40000000023,10.409808014661358,1.6672858509618103,0.5010333974032134,-0.0007891013640983417,1,337.3802229362389,12.341757635866035,STAR,DESI-DR1,3,,,,0,unexamined,0.3854103056947795
006c53d0-876e-11ef-886a-525400f334e1,8542.400000000232,23.838343445702893,1.6470191685521225,0.6208025700646196,-0.0003197934976532229,1,41.33003923230213,-0.46374116488252615,STAR,DESI-DR1,6,,,,0,unexamined,0.3547443257512112
006c62c3-878e-11ef-b7e4-525400f334e1,8685.600000000264,9.02342721131605,0.9916516734332104,0.7172766767789376,-0.0006229065286107039,2,249.9188358225333,74.19039688558277,STAR,DESI-DR1,12,,,,0,unexamined,0.2706704440675236
00607aa3-878e-11ef-afea-525400f334e1,7148.800000000316,9.023724878466076,1.0163979736737698,0.8167251076378581,-0.00017405900717939034,1,249.68684505972507,74.23311718090352,STAR,DESI-DR1,19,,,,0,unexamined,0.2207365155777995
000c5b46-883f-11ef-b061-525400f334e1,4302.40000000016,8.691380985764079,1.7734827043051788,0.4642296652165134,0.00022843824545004727,1,126.30508856146037,2.7223098012897933,STAR,DESI-DR1,9,,,,0,unexamined,0.21101348418932425
002e2076-8730-11ef-b987-525400f334e1,8797.60000000029,10.594628054657896,1.579767089720403,0.5177922823526842,-0.0013098524006531786,1,337.39024610896007,-4.964698887051121,STAR,DESI-DR1,12,GES J22293365-0457527,*,,1,*,0.19539331409535252
00421c0d-87ed-11ef-be9b-525400f334e1,4077.6000000001086,10.291625428438765,1.309199344260816,0.6521062054737643,-0.00022865054193947775,1,208.34652138360013,52.52701103745251,STAR,DESI-DR1,18,,,,0,unexamined,0.1836918888658491
0061589c-8840-11ef-a2d4-525400f334e1,8801.600000000291,8.137524143752085,1.7598470307102358,0.45401577956871497,-0.0008621287426183412,1,148.9873595532572,52.83188252102921,STAR,DESI-DR1,11,2MASS J09555696+5249550,RG*,F9,1,rg*,0.181606311827486
009c5e2c-882b-11ef-afca-525400f334e1,5617.600000000459,8.288381937901228,0.8452749326495451,0.6425461603007049,0.00015213986641875895,2,128.96823850848511,-1.2245049238045629,STAR,DESI-DR1,19,,,,0,unexamined,0.17366112440559592
0064fbb1-87cb-11ef-b96e-525400f334e1,8695.200000000266,10.71717213399978,1.0119351606430245,0.7121790374586935,0.0004783976449774838,3,168.785942347389,50.845875902173134,STAR,DESI-DR1,22,,,,0,unexamined,0.17160940661655263
0064fbb1-87cb-11ef-b96e-525400f334e1,8695.200000000266,10.71717213399978,1.0119351606430245,0.7121790374586935,0.0004783976449774838,3,168.785942347389,50.845875902173134,STAR,DESI-DR1,22,,,,0,unexamined,0.17160940661655263
0064fbb1-87cb-11ef-b96e-525400f334e1,8695.200000000266,10.71717213399978,1.0119351606430245,0.7121790374586935,0.0004783976449774838,3,168.785942347389,50.845875902173134,STAR,DESI-DR1,22,,,,0,unexamined,0.17160940661655263
003e1548-88df-11ef-acdc-525400f334e1,8434.400000000209,10.95014948598317,1.432333759474056,0.47792290916143587,-0.00034130534019572844,2,216.68009960693618,2.7085351768386334,STAR,DESI-DR1,13,,,,0,unexamined,0.17068675327194138
0001cd05-8998-11ef-8a5d-525400f334e1,8550.400000000234,16.477976876086103,1.6635271689827873,0.5737245916793892,0.0006202191963592812,1,122.42854000381077,5.093185620400492,STAR,DESI-DR1,17,CRTS J080942.8+050535,RR*,,1,rr*,0.16874252696452624
003a811c-87b4-11ef-a50c-525400f334e1,6135.200000000085,8.237017215615072,1.0657041597806733,0.690656706513635,-0.0005639342748020472,2,210.79452886601538,45.054439367680466,STAR,DESI-DR1,22,,,,0,unexamined,0.16642330277436987
006b5efd-8920-11ef-9c06-525400f334e1,4460.0000000001955,8.614973145483933,1.0182549948044044,0.658930129778387,0.0007415802341894091,4,207.98449589684708,-0.4487752848681699,STAR,DESI-DR1,21,,,,0,unexamined,0.16473253244459676
006b5efd-8920-11ef-9c06-525400f334e1,4460.0000000001955,8.614973145483933,1.0182549948044044,0.658930129778387,0.0007415802341894091,4,207.98449589684708,-0.4487752848681699,STAR,DESI-DR1,21,,,,0,unexamined,0.16473253244459676
006b5efd-8920-11ef-9c06-525400f334e1,4460.0000000001955,8.614973145483933,1.0182549948044044,0.658930129778387,0.0007415802341894091,4,207.98449589684708,-0.4487752848681699,STAR,DESI-DR1,21,,,,0,unexamined,0.16473253244459676
006b5efd-8920-11ef-9c06-525400f334e1,4460.0000000001955,8.614973145483933,1.0182549948044044,0.658930129778387,0.0007415802341894091,4,207.98449589684708,-0.4487752848681699,STAR,DESI-DR1,21,,,,0,unexamined,0.16473253244459676
006b5efd-8920-11ef-9c06-525400f334e1,5046.400000000329,8.363510127169175,1.035194705506067,0.6515689408006615,0.0007415802341894091,4,207.98449589684708,-0.4487752848681699,STAR,DESI-DR1,21,,,,0,unexamined,0.16289223520016538
006b5efd-8920-11ef-9c06-525400f334e1,5046.400000000329,8.363510127169175,1.035194705506067,0.6515689408006615,0.0007415802341894091,4,207.98449589684708,-0.4487752848681699,STAR,DESI-DR1,21,,,,0,unexamined,0.16289223520016538
006b5efd-8920-11ef-9c06-525400f334e1,5046.400000000329,8.363510127169175,1.035194705506067,0.6515689408006615,0.0007415802341894091,4,207.98449589684708,-0.4487752848681699,STAR,DESI-DR1,21,,,,0,unexamined,0.16289223520016538
006b5efd-8920-11ef-9c06-525400f334e1,5046.400000000329,8.363510127169175,1.035194705506067,0.6515689408006615,0.0007415802341894091,4,207.98449589684708,-0.4487752848681699,STAR,DESI-DR1,21,,,,0,unexamined,0.16289223520016538
0064fbb1-87cb-11ef-b96e-525400f334e1,6107.200000000079,8.219253453499714,0.9925962169116225,0.6687001962306809,0.0004783976449774838,3,168.785942347389,50.845875902173134,STAR,DESI-DR1,22,,,,0,unexamined,0.16113257740498332
0064fbb1-87cb-11ef-b96e-525400f334e1,6107.200000000079,8.219253453499714,0.9925962169116225,0.6687001962306809,0.0004783976449774838,3,168.785942347389,50.845875902173134,STAR,DESI-DR1,22,,,,0,unexamined,0.16113257740498332
0064fbb1-87cb-11ef-b96e-525400f334e1,6107.200000000079,8.219253453499714,0.9925962169116225,0.6687001962306809,0.0004783976449774838,3,168.785942347389,50.845875902173134,STAR,DESI-DR1,22,,,,0,unexamined,0.16113257740498332
003d883c-88e8-11ef-847b-525400f334e1,8448.000000000211,18.17282302421601,1.111235383819428,0.7339042231875317,0.0012733078721071768,5,184.16292796503947,-0.6270586195025074,STAR,DESI-DR1,25,Gaia DR3 3698099848403791744,PM*,,1,pm*,0.1595443963451156
003d883c-88e8-11ef-847b-525400f334e1,8448.000000000211,18.17282302421601,1.111235383819428,0.7339042231875317,0.0012733078721071768,5,184.16292796503947,-0.6270586195025074,STAR,DESI-DR1,25,Gaia DR3 3698099848403791744,PM*,,1,pm*,0.1595443963451156
003d883c-88e8-11ef-847b-525400f334e1,8448.000000000211,18.17282302421601,1.111235383819428,0.7339042231875317,0.0012733078721071768,5,184.16292796503947,-0.6270586195025074,STAR,DESI-DR1,25,Gaia DR3 3698099848403791744,PM*,,1,pm*,0.1595443963451156
003d883c-88e8-11ef-847b-525400f334e1,8448.000000000211,18.17282302421601,1.111235383819428,0.7339042231875317,0.0012733078721071768,5,184.16292796503947,-0.6270586195025074,STAR,DESI-DR1,25,Gaia DR3 3698099848403791744,PM*,,1,pm*,0.1595443963451156
003d883c-88e8-11ef-847b-525400f334e1,8448.000000000211,18.17282302421601,1.111235383819428,0.7339042231875317,0.0012733078721071768,5,184.16292796503947,-0.6270586195025074,STAR,DESI-DR1,25,Gaia DR3 3698099848403791744,PM*,,1,pm*,0.1595443963451156
007475a1-85cf-11ef-a04f-525400f334e1,8513.600000000226,9.63062849310346,1.1133458050193972,0.660706284468371,-0.00033190092079689017,3,218.81752262492415,40.60355729860973,STAR,DESI-DR1,22,,,,0,unexamined,0.15920633360683636
006b5efd-8920-11ef-9c06-525400f334e1,6143.200000000087,8.410542724967144,0.8960867678296441,0.6269697529003442,0.0007415802341894091,4,207.98449589684708,-0.4487752848681699,STAR,DESI-DR1,21,,,,0,unexamined,0.15674243822508604
006b5efd-8920-11ef-9c06-525400f334e1,6143.200000000087,8.410542724967144,0.8960867678296441,0.6269697529003442,0.0007415802341894091,4,207.98449589684708,-0.4487752848681699,STAR,DESI-DR1,21,,,,0,unexamined,0.15674243822508604
006b5efd-8920-11ef-9c06-525400f334e1,6143.200000000087,8.410542724967144,0.8960867678296441,0.6269697529003442,0.0007415802341894091,4,207.98449589684708,-0.4487752848681699,STAR,DESI-DR1,21,,,,0,unexamined,0.15674243822508604
006b5efd-8920-11ef-9c06-525400f334e1,6143.200000000087,8.410542724967144,0.8960867678296441,0.6269697529003442,0.0007415802341894091,4,207.98449589684708,-0.4487752848681699,STAR,DESI-DR1,21,,,,0,unexamined,0.15674243822508604
00991e1d-868b-11ef-810a-525400f334e1,5877.600000000027,26.138341730919546,1.6336167032479045,0.5311360498138836,-0.0006619960439886643,2,148.89407372966278,2.213487314183375,STAR,DESI-DR1,17,PG 0953+024,HS*,sdOHe,1,hs*,0.15621648523937753
00991e1d-868b-11ef-810a-525400f334e1,5877.600000000027,26.138341730919546,1.6336167032479045,0.5311360498138836,-0.0006619960439886643,2,148.89407372966278,2.213487314183375,STAR,DESI-DR1,17,PG 0953+024,HS*,sdOHe,1,hs*,0.15621648523937753
00401146-88cd-11ef-9fe1-525400f334e1,6452.000000000157,9.349479665650474,0.7357473556546023,0.5235232854655697,6.869938056734512e-05,4,97.96704392659721,60.84698265612638,STAR,DESI-DR1,17,,,,0,unexamined,0.15397743690163815
009c3cf2-85fe-11ef-9178-525400f334e1,6482.400000000164,9.459663943826717,0.9363796239629937,0.6541115146285572,-9.579098822782266e-05,5,250.74349795689622,2.4709602485876565,STAR,DESI-DR1,23,,,,0,unexamined,0.15211895689036214
009c3cf2-85fe-11ef-9178-525400f334e1,6482.400000000164,9.459663943826717,0.9363796239629937,0.6541115146285572,-9.579098822782266e-05,5,250.74349795689622,2.4709602485876565,STAR,DESI-DR1,23,,,,0,unexamined,0.15211895689036214
009c3cf2-85fe-11ef-9178-525400f334e1,6482.400000000164,9.459663943826717,0.9363796239629937,0.6541115146285572,-9.579098822782266e-05,5,250.74349795689622,2.4709602485876565,STAR,DESI-DR1,23,,,,0,unexamined,0.15211895689036214
0072a765-8611-11ef-8632-525400f334e1,5221.600000000369,8.08327035215135,0.9192369707654047,0.6483502097449682,-0.0013568138905777427,3,27.382875172335893,1.0606373930756996,STAR,DESI-DR1,23,Gaia DR3 2511070054289304704,Pe*,,1,pe*,0.15077911854534143
0072a765-8611-11ef-8632-525400f334e1,5221.600000000369,8.08327035215135,0.9192369707654047,0.6483502097449682,-0.0013568138905777427,3,27.382875172335893,1.0606373930756996,STAR,DESI-DR1,23,Gaia DR3 2511070054289304704,Pe*,,1,pe*,0.15077911854534143
003d5ca0-8ba0-11ef-962b-525400f334e1,6105.600000000079,10.295242481713716,1.1285552493862316,0.6459248666066757,0.00014918921715182193,4,157.6260193081957,2.7486892252739388,STAR,DESI-DR1,23,,,,0,unexamined,0.15021508525736646
003d883c-88e8-11ef-847b-525400f334e1,6112.00000000008,12.146843689198157,1.0753640247455691,0.6908909771828864,0.0012733078721071768,5,184.16292796503947,-0.6270586195025074,STAR,DESI-DR1,25,Gaia DR3 3698099848403791744,PM*,,1,pm*,0.15019369069193184
003d883c-88e8-11ef-847b-525400f334e1,6112.00000000008,12.146843689198157,1.0753640247455691,0.6908909771828864,0.0012733078721071768,5,184.16292796503947,-0.6270586195025074,STAR,DESI-DR1,25,Gaia DR3 3698099848403791744,PM*,,1,pm*,0.15019369069193184
003d883c-88e8-11ef-847b-525400f334e1,6112.00000000008,12.146843689198157,1.0753640247455691,0.6908909771828864,0.0012733078721071768,5,184.16292796503947,-0.6270586195025074,STAR,DESI-DR1,25,Gaia DR3 3698099848403791744,PM*,,1,pm*,0.15019369069193184
003d883c-88e8-11ef-847b-525400f334e1,6112.00000000008,12.146843689198157,1.0753640247455691,0.6908909771828864,0.0012733078721071768,5,184.16292796503947,-0.6270586195025074,STAR,DESI-DR1,25,Gaia DR3 3698099848403791744,PM*,,1,pm*,0.15019369069193184
003d883c-88e8-11ef-847b-525400f334e1,6112.00000000008,12.146843689198157,1.0753640247455691,0.6908909771828864,0.0012733078721071768,5,184.16292796503947,-0.6270586195025074,STAR,DESI-DR1,25,Gaia DR3 3698099848403791744,PM*,,1,pm*,0.15019369069193184
00072a73-89b7-11ef-9fee-525400f334e1,8492.800000000221,11.183769053681024,1.7108713386307561,0.5090780672119792,-0.0009661004429286738,1,39.55220240067854,28.44778699937525,STAR,DESI-DR1,17,ZTF J023812.52+282652.0,RR*,,1,rr*,0.14972884329764097
0037901f-88ab-11ef-866f-525400f334e1,6102.400000000078,8.675762458301264,0.8259238120319493,0.5856685435155082,-0.00037192777239571296,4,188.53900033015302,62.4922930388755,STAR,DESI-DR1,21,,,,0,unexamined,0.14641713587887706
0037901f-88ab-11ef-866f-525400f334e1,6102.400000000078,8.675762458301264,0.8259238120319493,0.5856685435155082,-0.00037192777239571296,4,188.53900033015302,62.4922930388755,STAR,DESI-DR1,21,,,,0,unexamined,0.14641713587887706
0038fc0c-882f-11ef-8589-525400f334e1,6105.600000000079,9.150178927872766,0.9959975246348406,0.6697258905005817,0.0001799305373024911,4,130.6148278883729,-0.6372244080927503,STAR,DESI-DR1,25,,,,0,unexamined,0.14559258489143082
00748d19-89c6-11ef-81d6-525400f334e1,3726.4000000000287,9.385449648608825,0.9352386485956232,0.6624130487936701,0.0010140340866452988,4,64.60720218536896,-11.46775888071702,STAR,DESI-DR1,25,,,,0,unexamined,0.14400283669427613
00748d19-89c6-11ef-81d6-525400f334e1,3726.4000000000287,9.385449648608825,0.9352386485956232,0.6624130487936701,0.0010140340866452988,4,64.60720218536896,-11.46775888071702,STAR,DESI-DR1,25,,,,0,unexamined,0.14400283669427613
009c3cf2-85fe-11ef-9178-525400f334e1,7496.800000000395,8.352218662131602,1.11334906649197,0.6106124178990493,-9.579098822782266e-05,5,250.74349795689622,2.4709602485876565,STAR,DESI-DR1,23,,,,0,unexamined,0.14200288788349985
009c3cf2-85fe-11ef-9178-525400f334e1,7496.800000000395,8.352218662131602,1.11334906649197,0.6106124178990493,-9.579098822782266e-05,5,250.74349795689622,2.4709602485876565,STAR,DESI-DR1,23,,,,0,unexamined,0.14200288788349985
009c3cf2-85fe-11ef-9178-525400f334e1,7496.800000000395,8.352218662131602,1.11334906649197,0.6106124178990493,-9.579098822782266e-05,5,250.74349795689622,2.4709602485876565,STAR,DESI-DR1,23,,,,0,unexamined,0.14200288788349985
00661fc1-8818-11ef-b8a8-525400f334e1,3704.800000000024,8.63455809408401,0.9776582729970552,0.6421724849672029,-9.794463142646138e-05,6,141.70867326150494,-3.0481613285130496,STAR,DESI-DR1,25,,,,0,unexamined,0.139602714123305
006cd6a0-870a-11ef-8f83-525400f334e1,5616.000000000458,8.688818106765144,1.0899799101060914,0.6393095772501198,-0.0001746296738519167,4,266.3090034207083,27.8181225643374,STAR,DESI-DR1,25,,,,0,unexamined,0.13898034288046085
002da2a0-886b-11ef-b9e0-525400f334e1,6401.600000000146,8.055279551751248,1.154459260456243,0.6047698025120514,-2.5207695878711856e-06,3,60.005427165482814,-7.130044423469573,STAR,DESI-DR1,24,,,,0,unexamined,0.13590332640720257
0071294f-864c-11ef-a715-525400f334e1,4324.800000000165,8.357261192674484,1.1833582854692646,0.6223584815351263,-0.00044568227539266904,2,272.44871633532216,42.17284305302192,STAR,DESI-DR1,25,,,,0,unexamined,0.13529532207285355
009be8b3-890c-11ef-b58d-525400f334e1,6450.400000000157,9.969320296777342,0.8262327956728645,0.5988360787101465,-0.00012463945953475737,5,245.87808880439837,42.55386409953003,STAR,DESI-DR1,24,,,,0,unexamined,0.13456990532812285
0099505f-89f2-11ef-b380-525400f334e1,8818.400000000296,11.274439778564076,1.3748831317427825,0.6179710596676894,0.0010105966588044055,1,154.79347540945454,-6.537852427702424,STAR,DESI-DR1,25,,,,0,unexamined,0.13434153471036728
0064fbb1-87cb-11ef-b96e-525400f334e1,8441.60000000021,11.066043490178284,1.2829214567952603,0.5523472826006663,0.0004783976449774838,3,168.785942347389,50.845875902173134,STAR,DESI-DR1,22,,,,0,unexamined,0.1330957307471485
0064fbb1-87cb-11ef-b96e-525400f334e1,8441.60000000021,11.066043490178284,1.2829214567952603,0.5523472826006663,0.0004783976449774838,3,168.785942347389,50.845875902173134,STAR,DESI-DR1,22,,,,0,unexamined,0.1330957307471485
0064fbb1-87cb-11ef-b96e-525400f334e1,8441.60000000021,11.066043490178284,1.2829214567952603,0.5523472826006663,0.0004783976449774838,3,168.785942347389,50.845875902173134,STAR,DESI-DR1,22,,,,0,unexamined,0.1330957307471485
00995baf-8a0f-11ef-9298-525400f334e1,6102.400000000078,10.079668476538252,1.250734712836762,0.5474297459939433,-0.0003420248546884393,4,254.536855725815,33.438500670902584,STAR,DESI-DR1,22,,,,0,unexamined,0.13191078216721525
009b88a9-87a5-11ef-8f33-525400f334e1,8801.600000000291,11.451109711082532,1.6251578578583303,0.5221687948516611,-0.0008417793949163307,1,217.88047572728155,46.25624666500377,STAR,DESI-DR1,21,SDSS J143131.32+461522.5,HB?,,1,hb?,0.13054219871291528
0004732b-89bc-11ef-a55f-525400f334e1,3840.8000000000548,8.507213520330748,1.5998100040302925,0.4774850027590501,7.161090337465023e-05,1,234.10046178301835,30.64515623357949,STAR,DESI-DR1,19,,,,0,unexamined,0.12905000074568923
000e4a25-8679-11ef-b168-525400f334e1,5222.400000000369,8.076849555712997,1.177928045714312,0.5877077362153436,-0.0010644493432363194,3,288.0515052438038,61.70182500891298,STAR,DESI-DR1,25,,,,0,unexamined,0.12776255135116166
000e4a25-8679-11ef-b168-525400f334e1,5222.400000000369,8.076849555712997,1.177928045714312,0.5877077362153436,-0.0010644493432363194,3,288.0515052438038,61.70182500891298,STAR,DESI-DR1,25,,,,0,unexamined,0.12776255135116166
001d0e14-879c-11ef-868f-525400f334e1,8713.600000000271,13.288033228448516,1.2777768227910782,0.5596361537530055,-3.8968894377965274e-05,5,170.6129883792417,71.57128647979832,STAR,DESI-DR1,24,,,,0,unexamined,0.1257609334276417
009ee047-87a7-11ef-84ec-525400f334e1,8814.400000000294,9.648684259410727,1.762309740955472,0.48188514758475404,0.0005984821454836008,1,227.27685298302833,-3.728067741016356,STAR,DESI-DR1,20,,,,0,unexamined,0.1251649733986374
005e1582-86bc-11ef-9695-525400f334e1,4291.200000000157,9.56057520039693,1.2089976737976011,0.573796498459661,0.00011053551640937891,4,228.46723526439644,-0.10872884072455583,STAR,DESI-DR1,25,,,,0,unexamined,0.12473836923036109
0001704c-89bd-11ef-ab1b-525400f334e1,4291.200000000157,8.53802382194393,1.3972645513228839,0.4240856708395016,0.00013253917628352073,3,208.0706614758631,8.254446287464438,STAR,DESI-DR1,17,,,,0,unexamined,0.12473107965867694
0001704c-89bd-11ef-ab1b-525400f334e1,4291.200000000157,8.53802382194393,1.3972645513228839,0.4240856708395016,0.00013253917628352073,3,208.0706614758631,8.254446287464438,STAR,DESI-DR1,17,,,,0,unexamined,0.12473107965867694
00991e1d-868b-11ef-810a-525400f334e1,3889.600000000066,11.267970589980585,1.6370248555144524,0.41778853643065517,-0.0006619960439886643,2,148.89407372966278,2.213487314183375,STAR,DESI-DR1,17,PG 0953+024,HS*,sdOHe,1,hs*,0.12287898130313388
00991e1d-868b-11ef-810a-525400f334e1,3889.600000000066,11.267970589980585,1.6370248555144524,0.41778853643065517,-0.0006619960439886643,2,148.89407372966278,2.213487314183375,STAR,DESI-DR1,17,PG 0953+024,HS*,sdOHe,1,hs*,0.12287898130313388
0065c2b0-886b-11ef-b36c-525400f334e1,6173.600000000094,8.879766118661301,1.7344136419607723,0.33617601377781137,0.00038426574141247645,3,60.32886578597027,-7.104326201672315,STAR,DESI-DR1,13,,,,0,unexamined,0.12006286206350407
00007ec6-878f-11ef-9fce-525400f334e1,3824.800000000051,8.057879972654877,1.6600220640054835,0.45969736883738266,-0.0006042093926166026,1,219.05264588239626,37.86239272310119,STAR,DESI-DR1,20,,,,0,unexamined,0.11940191398373576
00286436-8642-11ef-837a-525400f334e1,4079.200000000109,9.427654525091503,1.3194497329726065,0.5294122559147046,0.00011965279601848343,2,175.6502210166351,-14.57765857141004,STAR,DESI-DR1,24,,,,0,unexamined,0.11896904627296735
0003c31a-870d-11ef-a6c6-525400f334e1,4985.600000000315,8.056251032630616,1.7249521442100986,0.45416133286347893,4.085227792012374e-05,1,263.547738373841,28.636815752590735,STAR,DESI-DR1,20,,,,0,unexamined,0.11796398256194257
002f81a8-8635-11ef-8f0e-525400f334e1,5298.400000000386,8.314501918469976,1.2066339381143467,0.5361216549235419,-6.763594331117925e-05,6,340.32634973254625,31.09577781183925,STAR,DESI-DR1,25,,,,0,unexamined,0.11654818585294391
002f81a8-8635-11ef-8f0e-525400f334e1,5298.400000000386,8.314501918469976,1.2066339381143467,0.5361216549235419,-6.763594331117925e-05,6,340.32634973254625,31.09577781183925,STAR,DESI-DR1,25,,,,0,unexamined,0.11654818585294391
00672210-86bc-11ef-b991-525400f334e1,8712.000000000271,8.180729536428647,1.6886711130437595,0.45929921971749393,-0.00015131314478422685,1,258.4843677346121,17.58908988636385,STAR,DESI-DR1,21,Gaia DR3 4548157890137143040,PM*,,1,pm*,0.11482480492937348
003c60bf-89dd-11ef-83c0-525400f334e1,3840.0000000000546,9.274946515711427,1.7375356892511775,0.37651529162678765,-0.0001915852165046639,2,229.32664676651783,35.41785994614854,STAR,DESI-DR1,17,,,,0,unexamined,0.11073979165493755
009c3cf2-85fe-11ef-9178-525400f334e1,6755.200000000226,11.263471809426454,1.3617420939862162,0.46696662465175165,-9.579098822782266e-05,5,250.74349795689622,2.4709602485876565,STAR,DESI-DR1,23,,,,0,unexamined,0.10859688945389574
009c3cf2-85fe-11ef-9178-525400f334e1,6755.200000000226,11.263471809426454,1.3617420939862162,0.46696662465175165,-9.579098822782266e-05,5,250.74349795689622,2.4709602485876565,STAR,DESI-DR1,23,,,,0,unexamined,0.10859688945389574
009c3cf2-85fe-11ef-9178-525400f334e1,6755.200000000226,11.263471809426454,1.3617420939862162,0.46696662465175165,-9.579098822782266e-05,5,250.74349795689622,2.4709602485876565,STAR,DESI-DR1,23,,,,0,unexamined,0.10859688945389574
00008d6a-87a3-11ef-8928-525400f334e1,4873.60000000029,8.23255260136385,1.5593723697438313,0.38108842626049555,0.00013710760094422155,2,330.40029426717484,5.970948552406953,STAR,DESI-DR1,18,,,,0,unexamined,0.10734885246774523
003f7606-892f-11ef-98bb-525400f334e1,4734.400000000258,9.743589178788799,1.5638845648107635,0.374321827693459,-0.000548799402247702,3,209.3519630754632,1.8158098252362533,STAR,DESI-DR1,18,,,,0,unexamined,0.10544276836435465
003f7606-892f-11ef-98bb-525400f334e1,4734.400000000258,9.743589178788799,1.5638845648107635,0.374321827693459,-0.000548799402247702,3,209.3519630754632,1.8158098252362533,STAR,DESI-DR1,18,,,,0,unexamined,0.10544276836435465
000e4a25-8679-11ef-b168-525400f334e1,8681.600000000264,10.759461729028716,1.3732783107360687,0.4780334462132746,-0.0010644493432363194,3,288.0515052438038,61.70182500891298,STAR,DESI-DR1,25,,,,0,unexamined,0.10392031439419014
000e4a25-8679-11ef-b168-525400f334e1,8681.600000000264,10.759461729028716,1.3732783107360687,0.4780334462132746,-0.0010644493432363194,3,288.0515052438038,61.70182500891298,STAR,DESI-DR1,25,,,,0,unexamined,0.10392031439419014
0003b5cc-8663-11ef-8b5d-525400f334e1,5477.600000000427,8.125712538570204,1.412784837424657,0.43987842641616504,-0.00011217303118647076,2,278.48696838469954,53.7795913206148,STAR,DESI-DR1,23,,,,0,unexamined,0.1022973084688756
003888fa-8688-11ef-adba-525400f334e1,7062.400000000296,9.32768635763784,1.525811062702638,0.37793386673570356,-0.00010995880764275939,3,286.2783793249797,69.0867746626691,STAR,DESI-DR1,19,,,,0,unexamined,0.10214428830694691
003a1d54-864e-11ef-a743-525400f334e1,5086.400000000338,8.447403175203318,1.6113360666420273,0.37425215305902837,0.0008956712177015695,2,202.886679232748,-1.148543990437835,STAR,DESI-DR1,19,,,,0,unexamined,0.10114923055649416
0013963c-86f8-11ef-a091-525400f334e1,4873.60000000029,8.252896387132546,1.7805664956471814,0.35552559148734453,0.00012106154406404044,2,258.90315488732256,29.42454871707591,STAR,DESI-DR1,18,,,,0,unexamined,0.10014805394009706
002b831d-8883-11ef-ba87-525400f334e1,6465.60000000016,8.43966647889163,1.4702831991178178,0.3828224891526974,0.00011555780428383015,3,67.95599950839643,-0.9585343060522805,STAR,DESI-DR1,20,,,,0,unexamined,0.09943441276693439
005d9bd6-85f4-11ef-8d4d-525400f334e1,4871.200000000289,8.278428688791832,1.4323082663795679,0.43183140663543385,-0.00018680948569199085,2,316.45664228546553,10.532508315939092,STAR,DESI-DR1,24,,,,0,unexamined,0.09704076553605256
005fb0c4-8843-11ef-9e0b-525400f334e1,3776.00000000004,12.555863109709676,1.7139239673271005,0.3943901561019417,0.0011425276125834106,3,199.61081648912204,17.944841923064203,STAR,DESI-DR1,22,,,,0,unexamined,0.09503377255468475
005fb0c4-8843-11ef-9e0b-525400f334e1,3776.00000000004,12.555863109709676,1.7139239673271005,0.3943901561019417,0.0011425276125834106,3,199.61081648912204,17.944841923064203,STAR,DESI-DR1,22,,,,0,unexamined,0.09503377255468475
0001704c-89bd-11ef-ab1b-525400f334e1,4985.600000000315,8.08980063682856,1.770956817777866,0.31928926034955313,0.00013253917628352073,3,208.0706614758631,8.254446287464438,STAR,DESI-DR1,17,,,,0,unexamined,0.0939086059851627
0001704c-89bd-11ef-ab1b-525400f334e1,4985.600000000315,8.08980063682856,1.770956817777866,0.31928926034955313,0.00013253917628352073,3,208.0706614758631,8.254446287464438,STAR,DESI-DR1,17,,,,0,unexamined,0.0939086059851627
00748d19-89c6-11ef-81d6-525400f334e1,3775.20000000004,18.089436013771525,1.7699693807617427,0.42932770432632233,0.0010140340866452988,4,64.60720218536896,-11.46775888071702,STAR,DESI-DR1,25,,,,0,unexamined,0.09333210963615704
00748d19-89c6-11ef-81d6-525400f334e1,3775.20000000004,18.089436013771525,1.7699693807617427,0.42932770432632233,0.0010140340866452988,4,64.60720218536896,-11.46775888071702,STAR,DESI-DR1,25,,,,0,unexamined,0.09333210963615704
003f7606-892f-11ef-98bb-525400f334e1,4932.800000000303,8.45996952075036,1.7879624282238873,0.32599568329379836,-0.000548799402247702,3,209.3519630754632,1.8158098252362533,STAR,DESI-DR1,18,,,,0,unexamined,0.09182976994191504
003f7606-892f-11ef-98bb-525400f334e1,4932.800000000303,8.45996952075036,1.7879624282238873,0.32599568329379836,-0.000548799402247702,3,209.3519630754632,1.8158098252362533,STAR,DESI-DR1,18,,,,0,unexamined,0.09182976994191504
002356d7-8758-11ef-a33e-525400f334e1,4893.600000000294,8.385629953121727,1.6032552593028628,0.3744919609025623,0.00011794269923428944,2,135.1336074981021,0.2476128709756629,STAR,DESI-DR1,22,,,,0,unexamined,0.09023902672350899
005fb0c4-8843-11ef-9e0b-525400f334e1,3755.2000000000353,9.993191012305818,1.6016770520283428,0.37034111103607287,0.0011425276125834106,3,199.61081648912204,17.944841923064203,STAR,DESI-DR1,22,,,,0,unexamined,0.08923882193640309
005fb0c4-8843-11ef-9e0b-525400f334e1,3755.2000000000353,9.993191012305818,1.6016770520283428,0.37034111103607287,0.0011425276125834106,3,199.61081648912204,17.944841923064203,STAR,DESI-DR1,22,,,,0,unexamined,0.08923882193640309
0072a765-8611-11ef-8632-525400f334e1,3730.4000000000296,8.517795664881437,1.4841118202628016,0.3783507715376079,-0.0013568138905777427,3,27.382875172335893,1.0606373930756996,STAR,DESI-DR1,23,Gaia DR3 2511070054289304704,Pe*,,1,pe*,0.08798855152037392
0072a765-8611-11ef-8632-525400f334e1,3730.4000000000296,8.517795664881437,1.4841118202628016,0.3783507715376079,-0.0013568138905777427,3,27.382875172335893,1.0606373930756996,STAR,DESI-DR1,23,Gaia DR3 2511070054289304704,Pe*,,1,pe*,0.08798855152037392
006e9247-85d7-11ef-a39b-525400f334e1,5078.400000000336,9.535372049643296,1.76420550278647,0.379854521102145,-0.0005685093098202341,2,211.64923449524477,45.649449683276515,STAR,DESI-DR1,24,LAMOST J140635.81+453858.0,*,,1,*,0.08536056653980788
003d883c-88e8-11ef-847b-525400f334e1,7159.200000000318,8.576013644802117,1.4061840569726336,0.39262797038691943,0.0012733078721071768,5,184.16292796503947,-0.6270586195025074,STAR,DESI-DR1,25,Gaia DR3 3698099848403791744,PM*,,1,pm*,0.08535390660585206
003d883c-88e8-11ef-847b-525400f334e1,7159.200000000318,8.576013644802117,1.4061840569726336,0.39262797038691943,0.0012733078721071768,5,184.16292796503947,-0.6270586195025074,STAR,DESI-DR1,25,Gaia DR3 3698099848403791744,PM*,,1,pm*,0.08535390660585206
003d883c-88e8-11ef-847b-525400f334e1,7159.200000000318,8.576013644802117,1.4061840569726336,0.39262797038691943,0.0012733078721071768,5,184.16292796503947,-0.6270586195025074,STAR,DESI-DR1,25,Gaia DR3 3698099848403791744,PM*,,1,pm*,0.08535390660585206
003d883c-88e8-11ef-847b-525400f334e1,7159.200000000318,8.576013644802117,1.4061840569726336,0.39262797038691943,0.0012733078721071768,5,184.16292796503947,-0.6270586195025074,STAR,DESI-DR1,25,Gaia DR3 3698099848403791744,PM*,,1,pm*,0.08535390660585206
003d883c-88e8-11ef-847b-525400f334e1,7159.200000000318,8.576013644802117,1.4061840569726336,0.39262797038691943,0.0012733078721071768,5,184.16292796503947,-0.6270586195025074,STAR,DESI-DR1,25,Gaia DR3 3698099848403791744,PM*,,1,pm*,0.08535390660585206
0074fb95-860e-11ef-81ff-525400f334e1,4352.000000000171,10.638812160357945,1.6242553950749115,0.3501916042497838,-0.0003033491632148451,5,205.98614938166105,-0.6349124357505072,STAR,DESI-DR1,22,,,,0,unexamined,0.08438351909633343
0068f08b-8791-11ef-80c6-525400f334e1,8752.80000000028,8.278842027148773,1.4314798367499142,0.37229008220134396,-9.698371537586338e-05,5,184.00542243348946,74.69213024141688,STAR,DESI-DR1,24,,,,0,unexamined,0.0836606926295155
0027a129-86d7-11ef-ab4e-525400f334e1,4289.600000000157,9.175536462505942,1.6417073104956108,0.3832100015014822,-0.0002751171254793079,2,61.517660849783184,80.2179692885184,STAR,DESI-DR1,25,,,,0,unexamined,0.08330652206553962
00098e31-86eb-11ef-b4c4-525400f334e1,5040.800000000328,8.886657897045401,1.6163485665830823,0.38171573797014513,-0.0002773300949829168,2,198.5462738410708,-26.552429990835172,STAR,DESI-DR1,25,,,,0,unexamined,0.08298168216742285
002105fe-8790-11ef-ad96-525400f334e1,4456.000000000195,8.135959796061362,1.7123476108404625,0.3565725404871264,-0.0001665600264822542,2,198.3769358424691,74.72526635011418,STAR,DESI-DR1,23,,,,0,unexamined,0.08292384662491312
006b5efd-8920-11ef-9c06-525400f334e1,5084.800000000338,8.531035160690315,1.6345826858067907,0.3222217266624015,0.0007415802341894091,4,207.98449589684708,-0.4487752848681699,STAR,DESI-DR1,21,,,,0,unexamined,0.08055543166560038
006b5efd-8920-11ef-9c06-525400f334e1,5084.800000000338,8.531035160690315,1.6345826858067907,0.3222217266624015,0.0007415802341894091,4,207.98449589684708,-0.4487752848681699,STAR,DESI-DR1,21,,,,0,unexamined,0.08055543166560038
006b5efd-8920-11ef-9c06-525400f334e1,5084.800000000338,8.531035160690315,1.6345826858067907,0.3222217266624015,0.0007415802341894091,4,207.98449589684708,-0.4487752848681699,STAR,DESI-DR1,21,,,,0,unexamined,0.08055543166560038
006b5efd-8920-11ef-9c06-525400f334e1,5084.800000000338,8.531035160690315,1.6345826858067907,0.3222217266624015,0.0007415802341894091,4,207.98449589684708,-0.4487752848681699,STAR,DESI-DR1,21,,,,0,unexamined,0.08055543166560038
003d883c-88e8-11ef-847b-525400f334e1,8820.000000000295,11.135437496913303,1.5762766487699624,0.366784452491407,0.0012733078721071768,5,184.16292796503947,-0.6270586195025074,STAR,DESI-DR1,25,Gaia DR3 3698099848403791744,PM*,,1,pm*,0.07973575054161022
003d883c-88e8-11ef-847b-525400f334e1,8820.000000000295,11.135437496913303,1.5762766487699624,0.366784452491407,0.0012733078721071768,5,184.16292796503947,-0.6270586195025074,STAR,DESI-DR1,25,Gaia DR3 3698099848403791744,PM*,,1,pm*,0.07973575054161022
003d883c-88e8-11ef-847b-525400f334e1,8820.000000000295,11.135437496913303,1.5762766487699624,0.366784452491407,0.0012733078721071768,5,184.16292796503947,-0.6270586195025074,STAR,DESI-DR1,25,Gaia DR3 3698099848403791744,PM*,,1,pm*,0.07973575054161022
003d883c-88e8-11ef-847b-525400f334e1,8820.000000000295,11.135437496913303,1.5762766487699624,0.366784452491407,0.0012733078721071768,5,184.16292796503947,-0.6270586195025074,STAR,DESI-DR1,25,Gaia DR3 3698099848403791744,PM*,,1,pm*,0.07973575054161022
003d883c-88e8-11ef-847b-525400f334e1,8820.000000000295,11.135437496913303,1.5762766487699624,0.366784452491407,0.0012733078721071768,5,184.16292796503947,-0.6270586195025074,STAR,DESI-DR1,25,Gaia DR3 3698099848403791744,PM*,,1,pm*,0.07973575054161022
0037901f-88ab-11ef-866f-525400f334e1,6168.800000000093,8.80868612757376,1.776331406702917,0.31632882493881154,-0.00037192777239571296,4,188.53900033015302,62.4922930388755,STAR,DESI-DR1,21,,,,0,unexamined,0.07908220623470288
0037901f-88ab-11ef-866f-525400f334e1,6168.800000000093,8.80868612757376,1.776331406702917,0.31632882493881154,-0.00037192777239571296,4,188.53900033015302,62.4922930388755,STAR,DESI-DR1,21,,,,0,unexamined,0.07908220623470288
0028eeb4-8967-11ef-ad4f-525400f334e1,8752.00000000028,8.389656477740807,1.7522655125811375,0.3593129306961472,-0.0002473484626361466,2,229.51506056317135,6.525611517543332,STAR,DESI-DR1,25,,,,0,unexamined,0.0781115066730755
00710a8a-8b86-11ef-902c-525400f334e1,4984.000000000315,8.88190108518379,1.7481012692160445,0.3355144576276004,7.540679104830873e-05,3,135.56776624186435,0.4722798372228556,STAR,DESI-DR1,23,,,,0,unexamined,0.07802661805293033
003c333e-879d-11ef-aace-525400f334e1,5298.400000000386,8.587642422618456,1.6830550968062943,0.33438467428643476,-0.00016762968927674243,3,165.77235925050383,72.12245419654555,STAR,DESI-DR1,23,,,,0,unexamined,0.07776387774103134
00111325-886f-11ef-9e3e-525400f334e1,6173.600000000094,8.285697950267272,1.6940301034781151,0.3109194449592687,0.00039424836090024354,4,68.21444048586103,-7.028105276192151,STAR,DESI-DR1,21,,,,0,unexamined,0.07772986123981718
00111325-886f-11ef-9e3e-525400f334e1,6173.600000000094,8.285697950267272,1.6940301034781151,0.3109194449592687,0.00039424836090024354,4,68.21444048586103,-7.028105276192151,STAR,DESI-DR1,21,,,,0,unexamined,0.07772986123981718
00111325-886f-11ef-9e3e-525400f334e1,4537.600000000213,8.451438084996846,1.7832555573946314,0.30931274391754526,0.00039424836090024354,4,68.21444048586103,-7.028105276192151,STAR,DESI-DR1,21,,,,0,unexamined,0.07732818597938632
00111325-886f-11ef-9e3e-525400f334e1,4537.600000000213,8.451438084996846,1.7832555573946314,0.30931274391754526,0.00039424836090024354,4,68.21444048586103,-7.028105276192151,STAR,DESI-DR1,21,,,,0,unexamined,0.07732818597938632
006a21f1-882e-11ef-a633-525400f334e1,8471.200000000215,9.999775055603221,1.682200472192271,0.34290548781728775,5.478992317596323e-05,4,133.2848404218644,0.18931224899521765,STAR,DESI-DR1,24,,,,0,unexamined,0.07705741299264894
006737de-89fb-11ef-abe5-525400f334e1,6575.200000000185,8.01307564853941,1.610466777787792,0.31581955579580356,8.036591437170407e-06,4,159.30680548262814,-1.5940908197499937,STAR,DESI-DR1,22,,,,0,unexamined,0.07610109778212133
003d883c-88e8-11ef-847b-525400f334e1,8702.400000000269,9.176546215592815,1.616161983974685,0.3270337371464942,0.0012733078721071768,5,184.16292796503947,-0.6270586195025074,STAR,DESI-DR1,25,Gaia DR3 3698099848403791744,PM*,,1,pm*,0.07109429068402048
003d883c-88e8-11ef-847b-525400f334e1,8702.400000000269,9.176546215592815,1.616161983974685,0.3270337371464942,0.0012733078721071768,5,184.16292796503947,-0.6270586195025074,STAR,DESI-DR1,25,Gaia DR3 3698099848403791744,PM*,,1,pm*,0.07109429068402048
003d883c-88e8-11ef-847b-525400f334e1,8702.400000000269,9.176546215592815,1.616161983974685,0.3270337371464942,0.0012733078721071768,5,184.16292796503947,-0.6270586195025074,STAR,DESI-DR1,25,Gaia DR3 3698099848403791744,PM*,,1,pm*,0.07109429068402048
003d883c-88e8-11ef-847b-525400f334e1,8702.400000000269,9.176546215592815,1.616161983974685,0.3270337371464942,0.0012733078721071768,5,184.16292796503947,-0.6270586195025074,STAR,DESI-DR1,25,Gaia DR3 3698099848403791744,PM*,,1,pm*,0.07109429068402048
003d883c-88e8-11ef-847b-525400f334e1,8702.400000000269,9.176546215592815,1.616161983974685,0.3270337371464942,0.0012733078721071768,5,184.16292796503947,-0.6270586195025074,STAR,DESI-DR1,25,Gaia DR3 3698099848403791744,PM*,,1,pm*,0.07109429068402048
0099f871-89af-11ef-8c28-525400f334e1,8471.200000000215,8.60397946450646,1.6416791638971384,0.31263939877793845,7.344388450202666e-05,5,207.73529835178516,16.810129316671283,STAR,DESI-DR1,24,,,,0,unexamined,0.07025604466919966
0009f447-883f-11ef-9a1b-525400f334e1,7148.800000000316,8.284051734451547,1.6264020250310676,0.30196155476299313,-0.00015501176923761378,6,143.16131581682495,48.10245067606642,STAR,DESI-DR1,24,,,,0,unexamined,0.06785652916022318
00068b9a-8842-11ef-8e04-525400f334e1,5514.400000000435,8.066486027570283,1.6729706252655008,0.29181995065268723,-6.779931741183109e-05,6,166.59733303807621,48.952660504761226,STAR,DESI-DR1,25,,,,0,unexamined,0.06343911970710593
002f81a8-8635-11ef-8f0e-525400f334e1,6260.000000000114,8.133663694027655,1.7925459208757284,0.2861199519654514,-6.763594331117925e-05,6,340.32634973254625,31.09577781183925,STAR,DESI-DR1,25,,,,0,unexamined,0.062199989557706836
002f81a8-8635-11ef-8f0e-525400f334e1,6260.000000000114,8.133663694027655,1.7925459208757284,0.2861199519654514,-6.763594331117925e-05,6,340.32634973254625,31.09577781183925,STAR,DESI-DR1,25,,,,0,unexamined,0.062199989557706836
